Training config:
Namespace(model_name_or_path='/leonardo_work/EUHPC_A06_067/hf_cache/models--Qwen--Qwen2.5-1.5B/snapshots/8faed761d45a263340a0528343f099c05c9a4323', cache_dir='/leonardo_work/EUHPC_A06_067/hf_cache', dataset_name='TIGER-Lab/MathInstruct', dataset_config_name=None, train_split='train', eval_split=None, data_files=None, output_dir='/leonardo_work/EUHPC_A06_067/experts/math_expert_Qwen2.5-1.5B_SFT', per_device_train_batch_size=2, gradient_accumulation_steps=8, num_train_epochs=3, learning_rate=2e-05, logging_steps=10, save_steps=500, eval_steps=500, bf16=True, fp16=False, gradient_checkpointing=True, use_liger=False, max_length=8192, packing=False, completion_only_loss=True, resume_from_checkpoint=None, neftune_noise_alpha=None, activation_offloading=False, optim='adamw_torch_fused', weight_decay=0.1, max_grad_norm=1.0, adam_beta1=0.9, adam_beta2=0.95, adam_epsilon=1e-05, lr_scheduler_type='linear', warmup_ratio=0.03, use_peft=False, lora_r=32, lora_alpha=16, lora_dropout=0.05, use_rslora=False, push_to_hub=False, instruction_format='mathinstruct')

Initializing tokenizer and model...
Loading dataset...
SFT config:
SFTConfig(
_n_gpu=1,
accelerator_config={'split_batches': False, 'dispatch_batches': None, 'even_batches': True, 'use_seedable_sampler': True, 'non_blocking': False, 'gradient_accumulation_kwargs': None, 'use_configured_state': False},
activation_offloading=False,
adafactor=False,
adam_beta1=0.9,
adam_beta2=0.95,
adam_epsilon=1e-05,
assistant_only_loss=False,
auto_find_batch_size=False,
average_tokens_across_devices=True,
batch_eval_metrics=False,
bf16=True,
bf16_full_eval=False,
chat_template_path=None,
completion_only_loss=True,
data_seed=None,
dataloader_drop_last=False,
dataloader_num_workers=0,
dataloader_persistent_workers=False,
dataloader_pin_memory=True,
dataloader_prefetch_factor=None,
dataset_kwargs=None,
dataset_num_proc=None,
dataset_text_field=text,
ddp_backend=None,
ddp_broadcast_buffers=None,
ddp_bucket_cap_mb=None,
ddp_find_unused_parameters=None,
ddp_timeout=1800,
debug=[],
deepspeed=None,
disable_tqdm=False,
do_eval=False,
do_predict=False,
do_train=False,
eos_token=<EOS_TOKEN>,
eval_accumulation_steps=None,
eval_delay=0,
eval_do_concat_batches=True,
eval_on_start=False,
eval_packing=None,
eval_steps=500,
eval_strategy=no,
eval_use_gather_object=False,
fp16=False,
fp16_backend=auto,
fp16_full_eval=False,
fp16_opt_level=O1,
fsdp=[],
fsdp_config={'min_num_params': 0, 'xla': False, 'xla_fsdp_v2': False, 'xla_fsdp_grad_ckpt': False},
fsdp_min_num_params=0,
fsdp_transformer_layer_cls_to_wrap=None,
full_determinism=False,
gradient_accumulation_steps=8,
gradient_checkpointing=True,
gradient_checkpointing_kwargs=None,
greater_is_better=None,
group_by_length=False,
half_precision_backend=auto,
hub_always_push=False,
hub_model_id=None,
hub_private_repo=None,
hub_revision=None,
hub_strategy=every_save,
hub_token=<HUB_TOKEN>,
ignore_data_skip=False,
include_for_metrics=[],
include_inputs_for_metrics=False,
include_num_input_tokens_seen=False,
include_tokens_per_second=False,
jit_mode_eval=False,
label_names=None,
label_smoothing_factor=0.0,
learning_rate=2e-05,
length_column_name=length,
liger_kernel_config=None,
load_best_model_at_end=False,
local_rank=0,
log_level=passive,
log_level_replica=warning,
log_on_each_node=True,
logging_dir=/leonardo_work/EUHPC_A06_067/experts/math_expert_Qwen2.5-1.5B_SFT/runs/Jul09_18-14-39_lrdn2993.leonardo.local,
logging_first_step=False,
logging_nan_inf_filter=True,
logging_steps=10,
logging_strategy=steps,
lr_scheduler_kwargs={},
lr_scheduler_type=linear,
max_grad_norm=1.0,
max_length=8192,
max_seq_length=None,
max_steps=-1,
metric_for_best_model=None,
model_init_kwargs=None,
mp_parameters=,
neftune_noise_alpha=None,
no_cuda=False,
num_train_epochs=3,
optim=adamw_torch_fused,
optim_args=None,
optim_target_modules=None,
output_dir=/leonardo_work/EUHPC_A06_067/experts/math_expert_Qwen2.5-1.5B_SFT,
overwrite_output_dir=False,
packing=False,
packing_strategy=ffd,
pad_to_multiple_of=None,
pad_token=<PAD_TOKEN>,
padding_free=False,
past_index=-1,
per_device_eval_batch_size=8,
per_device_train_batch_size=2,
prediction_loss_only=False,
push_to_hub=False,
push_to_hub_model_id=None,
push_to_hub_organization=None,
push_to_hub_token=<PUSH_TO_HUB_TOKEN>,
ray_scope=last,
remove_unused_columns=True,
report_to=['wandb'],
restore_callback_states_from_checkpoint=False,
resume_from_checkpoint=None,
run_name=/leonardo_work/EUHPC_A06_067/experts/math_expert_Qwen2.5-1.5B_SFT,
save_on_each_node=False,
save_only_model=False,
save_safetensors=True,
save_steps=500,
save_strategy=steps,
save_total_limit=None,
seed=42,
skip_memory_metrics=True,
tf32=None,
torch_compile=False,
torch_compile_backend=None,
torch_compile_mode=None,
torch_empty_cache_steps=None,
torchdynamo=None,
tpu_metrics_debug=False,
tpu_num_cores=None,
use_cpu=False,
use_ipex=False,
use_legacy_prediction_loop=False,
use_liger_kernel=False,
use_mps_device=False,
warmup_ratio=0.03,
warmup_steps=0,
weight_decay=0.1,
)

Trainable parameters: 1543714304 / 1543714304 (100.00%)
Starting training...
{'loss': 0.4892, 'grad_norm': 4.738373756408691, 'learning_rate': 4.878048780487805e-07, 'num_tokens': 160680.0, 'mean_token_accuracy': 0.8523494899272919, 'epoch': 0.0}
{'loss': 0.4905, 'grad_norm': 3.341378688812256, 'learning_rate': 1.0298102981029812e-06, 'num_tokens': 323292.0, 'mean_token_accuracy': 0.8536702007055282, 'epoch': 0.0}
{'loss': 0.4385, 'grad_norm': 2.073760986328125, 'learning_rate': 1.5718157181571816e-06, 'num_tokens': 492292.0, 'mean_token_accuracy': 0.8642893090844155, 'epoch': 0.01}
{'loss': 0.4122, 'grad_norm': 1.9638603925704956, 'learning_rate': 2.1138211382113824e-06, 'num_tokens': 648661.0, 'mean_token_accuracy': 0.8767347149550915, 'epoch': 0.01}
{'loss': 0.4465, 'grad_norm': 2.1791939735412598, 'learning_rate': 2.655826558265583e-06, 'num_tokens': 811080.0, 'mean_token_accuracy': 0.8654654569923877, 'epoch': 0.01}
{'loss': 0.4036, 'grad_norm': 1.5042014122009277, 'learning_rate': 3.1978319783197836e-06, 'num_tokens': 981868.0, 'mean_token_accuracy': 0.8754096671938896, 'epoch': 0.01}
{'loss': 0.4146, 'grad_norm': 1.641990065574646, 'learning_rate': 3.7398373983739838e-06, 'num_tokens': 1144014.0, 'mean_token_accuracy': 0.8734718173742294, 'epoch': 0.02}
{'loss': 0.4143, 'grad_norm': 1.613012433052063, 'learning_rate': 4.281842818428185e-06, 'num_tokens': 1300228.0, 'mean_token_accuracy': 0.8755559720098972, 'epoch': 0.02}
{'loss': 0.4456, 'grad_norm': 1.6827534437179565, 'learning_rate': 4.823848238482385e-06, 'num_tokens': 1467619.0, 'mean_token_accuracy': 0.8644516818225384, 'epoch': 0.02}
{'loss': 0.4211, 'grad_norm': 1.3707587718963623, 'learning_rate': 5.365853658536586e-06, 'num_tokens': 1635657.0, 'mean_token_accuracy': 0.8716167517006397, 'epoch': 0.02}
{'loss': 0.4561, 'grad_norm': 1.5766246318817139, 'learning_rate': 5.907859078590787e-06, 'num_tokens': 1801640.0, 'mean_token_accuracy': 0.8651393614709377, 'epoch': 0.03}
{'loss': 0.4184, 'grad_norm': 2.1396822929382324, 'learning_rate': 6.449864498644986e-06, 'num_tokens': 1964969.0, 'mean_token_accuracy': 0.8727333895862103, 'epoch': 0.03}
{'loss': 0.4168, 'grad_norm': 1.4588780403137207, 'learning_rate': 6.991869918699188e-06, 'num_tokens': 2123097.0, 'mean_token_accuracy': 0.8739115066826344, 'epoch': 0.03}
{'loss': 0.4274, 'grad_norm': 1.638299822807312, 'learning_rate': 7.5338753387533885e-06, 'num_tokens': 2285788.0, 'mean_token_accuracy': 0.87011698782444, 'epoch': 0.03}
{'loss': 0.4135, 'grad_norm': 1.723030686378479, 'learning_rate': 8.075880758807588e-06, 'num_tokens': 2452316.0, 'mean_token_accuracy': 0.8728280328214169, 'epoch': 0.04}
{'loss': 0.4367, 'grad_norm': 1.665421724319458, 'learning_rate': 8.617886178861789e-06, 'num_tokens': 2613538.0, 'mean_token_accuracy': 0.8693346604704857, 'epoch': 0.04}
{'loss': 0.4092, 'grad_norm': 1.4708702564239502, 'learning_rate': 9.15989159891599e-06, 'num_tokens': 2773331.0, 'mean_token_accuracy': 0.8747364953160286, 'epoch': 0.04}
{'loss': 0.4223, 'grad_norm': 1.7189041376113892, 'learning_rate': 9.70189701897019e-06, 'num_tokens': 2929621.0, 'mean_token_accuracy': 0.8704468056559562, 'epoch': 0.04}
{'loss': 0.4457, 'grad_norm': 1.6533156633377075, 'learning_rate': 1.024390243902439e-05, 'num_tokens': 3090554.0, 'mean_token_accuracy': 0.8658853389322758, 'epoch': 0.05}
{'loss': 0.4207, 'grad_norm': 1.689764380455017, 'learning_rate': 1.0785907859078593e-05, 'num_tokens': 3250550.0, 'mean_token_accuracy': 0.8734316125512123, 'epoch': 0.05}
{'loss': 0.4346, 'grad_norm': 1.925451636314392, 'learning_rate': 1.1327913279132792e-05, 'num_tokens': 3405520.0, 'mean_token_accuracy': 0.8690461866557598, 'epoch': 0.05}
{'loss': 0.4507, 'grad_norm': 2.0670502185821533, 'learning_rate': 1.1869918699186992e-05, 'num_tokens': 3561663.0, 'mean_token_accuracy': 0.8663375951349735, 'epoch': 0.05}
{'loss': 0.382, 'grad_norm': 1.8116527795791626, 'learning_rate': 1.2411924119241195e-05, 'num_tokens': 3730220.0, 'mean_token_accuracy': 0.8778956681489944, 'epoch': 0.06}
{'loss': 0.4291, 'grad_norm': 1.480305790901184, 'learning_rate': 1.2953929539295394e-05, 'num_tokens': 3894371.0, 'mean_token_accuracy': 0.8686443403363228, 'epoch': 0.06}
{'loss': 0.3977, 'grad_norm': 1.8111412525177002, 'learning_rate': 1.3495934959349594e-05, 'num_tokens': 4056560.0, 'mean_token_accuracy': 0.8756062477827072, 'epoch': 0.06}
{'loss': 0.4155, 'grad_norm': 1.9581551551818848, 'learning_rate': 1.4037940379403797e-05, 'num_tokens': 4220530.0, 'mean_token_accuracy': 0.871924114972353, 'epoch': 0.06}
{'loss': 0.4054, 'grad_norm': 1.5604454278945923, 'learning_rate': 1.4579945799457996e-05, 'num_tokens': 4380575.0, 'mean_token_accuracy': 0.8744991682469845, 'epoch': 0.07}
{'loss': 0.4238, 'grad_norm': 1.605025291442871, 'learning_rate': 1.5121951219512196e-05, 'num_tokens': 4536922.0, 'mean_token_accuracy': 0.8713259562849999, 'epoch': 0.07}
{'loss': 0.4262, 'grad_norm': 1.524643063545227, 'learning_rate': 1.5663956639566397e-05, 'num_tokens': 4701773.0, 'mean_token_accuracy': 0.8704119399189949, 'epoch': 0.07}
{'loss': 0.4108, 'grad_norm': 1.639690637588501, 'learning_rate': 1.6205962059620596e-05, 'num_tokens': 4861086.0, 'mean_token_accuracy': 0.8743066258728505, 'epoch': 0.07}
{'loss': 0.4338, 'grad_norm': 1.5996828079223633, 'learning_rate': 1.6747967479674798e-05, 'num_tokens': 5029613.0, 'mean_token_accuracy': 0.8687391623854637, 'epoch': 0.08}
{'loss': 0.4283, 'grad_norm': 2.2302682399749756, 'learning_rate': 1.7289972899729e-05, 'num_tokens': 5185456.0, 'mean_token_accuracy': 0.8719749264419079, 'epoch': 0.08}
{'loss': 0.4006, 'grad_norm': 1.79794442653656, 'learning_rate': 1.78319783197832e-05, 'num_tokens': 5343504.0, 'mean_token_accuracy': 0.874013040959835, 'epoch': 0.08}
{'loss': 0.4129, 'grad_norm': 1.6760382652282715, 'learning_rate': 1.83739837398374e-05, 'num_tokens': 5504940.0, 'mean_token_accuracy': 0.872266972064972, 'epoch': 0.08}
{'loss': 0.437, 'grad_norm': 1.7249449491500854, 'learning_rate': 1.89159891598916e-05, 'num_tokens': 5664157.0, 'mean_token_accuracy': 0.8680340573191643, 'epoch': 0.09}
{'loss': 0.4554, 'grad_norm': 1.5991368293762207, 'learning_rate': 1.94579945799458e-05, 'num_tokens': 5829150.0, 'mean_token_accuracy': 0.8645345352590084, 'epoch': 0.09}
{'loss': 0.4205, 'grad_norm': 1.6774296760559082, 'learning_rate': 2e-05, 'num_tokens': 5997136.0, 'mean_token_accuracy': 0.8713688381016255, 'epoch': 0.09}
{'loss': 0.4369, 'grad_norm': 1.589508056640625, 'learning_rate': 1.9983215844243037e-05, 'num_tokens': 6157749.0, 'mean_token_accuracy': 0.8665826179087162, 'epoch': 0.09}
{'loss': 0.4266, 'grad_norm': 1.8587400913238525, 'learning_rate': 1.996643168848607e-05, 'num_tokens': 6319621.0, 'mean_token_accuracy': 0.8720549389719963, 'epoch': 0.1}
{'loss': 0.404, 'grad_norm': 1.5161116123199463, 'learning_rate': 1.9949647532729105e-05, 'num_tokens': 6491554.0, 'mean_token_accuracy': 0.8754566602408886, 'epoch': 0.1}
{'loss': 0.4106, 'grad_norm': 1.3266061544418335, 'learning_rate': 1.993286337697214e-05, 'num_tokens': 6657104.0, 'mean_token_accuracy': 0.87385218963027, 'epoch': 0.1}
{'loss': 0.417, 'grad_norm': 1.791799783706665, 'learning_rate': 1.9916079221215173e-05, 'num_tokens': 6825632.0, 'mean_token_accuracy': 0.8735614567995071, 'epoch': 0.1}
{'loss': 0.4299, 'grad_norm': 1.4452906847000122, 'learning_rate': 1.989929506545821e-05, 'num_tokens': 6985563.0, 'mean_token_accuracy': 0.8697465777397155, 'epoch': 0.11}
{'loss': 0.4449, 'grad_norm': 1.5692143440246582, 'learning_rate': 1.9882510909701244e-05, 'num_tokens': 7153779.0, 'mean_token_accuracy': 0.8625911071896553, 'epoch': 0.11}
{'loss': 0.4304, 'grad_norm': 1.9039064645767212, 'learning_rate': 1.986572675394428e-05, 'num_tokens': 7316020.0, 'mean_token_accuracy': 0.8673358552157879, 'epoch': 0.11}
{'loss': 0.4007, 'grad_norm': 1.6097028255462646, 'learning_rate': 1.9848942598187312e-05, 'num_tokens': 7477075.0, 'mean_token_accuracy': 0.8764242351055145, 'epoch': 0.11}
{'loss': 0.4136, 'grad_norm': 1.462877631187439, 'learning_rate': 1.9832158442430348e-05, 'num_tokens': 7639793.0, 'mean_token_accuracy': 0.8743914633989334, 'epoch': 0.11}
{'loss': 0.3911, 'grad_norm': 1.5483849048614502, 'learning_rate': 1.981537428667338e-05, 'num_tokens': 7804025.0, 'mean_token_accuracy': 0.8791659839451313, 'epoch': 0.12}
{'loss': 0.4293, 'grad_norm': 1.5734069347381592, 'learning_rate': 1.9798590130916416e-05, 'num_tokens': 7971829.0, 'mean_token_accuracy': 0.8692808099091053, 'epoch': 0.12}
{'loss': 0.4198, 'grad_norm': 1.6567065715789795, 'learning_rate': 1.978180597515945e-05, 'num_tokens': 8131245.0, 'mean_token_accuracy': 0.8733444035053253, 'epoch': 0.12}
{'loss': 0.4167, 'grad_norm': 1.4262585639953613, 'learning_rate': 1.9765021819402487e-05, 'num_tokens': 8298909.0, 'mean_token_accuracy': 0.8739236436784268, 'epoch': 0.12}
{'loss': 0.4356, 'grad_norm': 2.0214545726776123, 'learning_rate': 1.974823766364552e-05, 'num_tokens': 8459072.0, 'mean_token_accuracy': 0.8664505243301391, 'epoch': 0.13}
{'loss': 0.4384, 'grad_norm': 1.5950380563735962, 'learning_rate': 1.9731453507888555e-05, 'num_tokens': 8627946.0, 'mean_token_accuracy': 0.8655768573284149, 'epoch': 0.13}
{'loss': 0.4179, 'grad_norm': 1.3068987131118774, 'learning_rate': 1.971466935213159e-05, 'num_tokens': 8792461.0, 'mean_token_accuracy': 0.8708426967263222, 'epoch': 0.13}
{'loss': 0.4249, 'grad_norm': 2.1249518394470215, 'learning_rate': 1.9697885196374623e-05, 'num_tokens': 8949207.0, 'mean_token_accuracy': 0.8718750961124897, 'epoch': 0.13}
{'loss': 0.4256, 'grad_norm': 1.5519967079162598, 'learning_rate': 1.968110104061766e-05, 'num_tokens': 9110084.0, 'mean_token_accuracy': 0.871469633281231, 'epoch': 0.14}
{'loss': 0.439, 'grad_norm': 1.6724591255187988, 'learning_rate': 1.966431688486069e-05, 'num_tokens': 9265225.0, 'mean_token_accuracy': 0.8683652959764003, 'epoch': 0.14}
{'loss': 0.3925, 'grad_norm': 1.5564475059509277, 'learning_rate': 1.964753272910373e-05, 'num_tokens': 9431757.0, 'mean_token_accuracy': 0.8776481688022614, 'epoch': 0.14}
{'loss': 0.4143, 'grad_norm': 1.6728253364562988, 'learning_rate': 1.9630748573346762e-05, 'num_tokens': 9600696.0, 'mean_token_accuracy': 0.874017783254385, 'epoch': 0.14}
{'loss': 0.4269, 'grad_norm': 1.3775426149368286, 'learning_rate': 1.9613964417589798e-05, 'num_tokens': 9765398.0, 'mean_token_accuracy': 0.8715642474591732, 'epoch': 0.15}
{'loss': 0.4144, 'grad_norm': 1.880785346031189, 'learning_rate': 1.959718026183283e-05, 'num_tokens': 9929450.0, 'mean_token_accuracy': 0.8727050416171551, 'epoch': 0.15}
{'loss': 0.4056, 'grad_norm': 1.7213685512542725, 'learning_rate': 1.9580396106075866e-05, 'num_tokens': 10088184.0, 'mean_token_accuracy': 0.8757812768220902, 'epoch': 0.15}
{'loss': 0.4038, 'grad_norm': 1.6911808252334595, 'learning_rate': 1.95636119503189e-05, 'num_tokens': 10253646.0, 'mean_token_accuracy': 0.875301507115364, 'epoch': 0.15}
{'loss': 0.4052, 'grad_norm': 1.656783103942871, 'learning_rate': 1.9546827794561934e-05, 'num_tokens': 10412552.0, 'mean_token_accuracy': 0.8771814860403537, 'epoch': 0.16}
{'loss': 0.3986, 'grad_norm': 1.588770866394043, 'learning_rate': 1.953004363880497e-05, 'num_tokens': 10586845.0, 'mean_token_accuracy': 0.8786135502159595, 'epoch': 0.16}
{'loss': 0.3999, 'grad_norm': 1.5235356092453003, 'learning_rate': 1.9513259483048005e-05, 'num_tokens': 10752399.0, 'mean_token_accuracy': 0.8786148965358734, 'epoch': 0.16}
{'loss': 0.3955, 'grad_norm': 1.5514280796051025, 'learning_rate': 1.9496475327291038e-05, 'num_tokens': 10918968.0, 'mean_token_accuracy': 0.8791040450334549, 'epoch': 0.16}
{'loss': 0.4064, 'grad_norm': 1.4143288135528564, 'learning_rate': 1.9479691171534073e-05, 'num_tokens': 11077392.0, 'mean_token_accuracy': 0.8739560015499592, 'epoch': 0.17}
{'loss': 0.3899, 'grad_norm': 1.452042579650879, 'learning_rate': 1.946290701577711e-05, 'num_tokens': 11243943.0, 'mean_token_accuracy': 0.8780763208866119, 'epoch': 0.17}
{'loss': 0.4307, 'grad_norm': 1.5150282382965088, 'learning_rate': 1.944612286002014e-05, 'num_tokens': 11411353.0, 'mean_token_accuracy': 0.8714529506862163, 'epoch': 0.17}
{'loss': 0.433, 'grad_norm': 1.3959110975265503, 'learning_rate': 1.9429338704263177e-05, 'num_tokens': 11573445.0, 'mean_token_accuracy': 0.8710276246070862, 'epoch': 0.17}
{'loss': 0.4097, 'grad_norm': 1.6632670164108276, 'learning_rate': 1.9412554548506212e-05, 'num_tokens': 11738480.0, 'mean_token_accuracy': 0.8748436287045479, 'epoch': 0.18}
{'loss': 0.4135, 'grad_norm': 1.4602298736572266, 'learning_rate': 1.9395770392749248e-05, 'num_tokens': 11905620.0, 'mean_token_accuracy': 0.8762496143579483, 'epoch': 0.18}
{'loss': 0.4198, 'grad_norm': 1.3398953676223755, 'learning_rate': 1.937898623699228e-05, 'num_tokens': 12069845.0, 'mean_token_accuracy': 0.8685895368456841, 'epoch': 0.18}
{'loss': 0.4076, 'grad_norm': 1.472347378730774, 'learning_rate': 1.9362202081235316e-05, 'num_tokens': 12236350.0, 'mean_token_accuracy': 0.87629164904356, 'epoch': 0.18}
{'loss': 0.4187, 'grad_norm': 1.3522217273712158, 'learning_rate': 1.934541792547835e-05, 'num_tokens': 12402341.0, 'mean_token_accuracy': 0.8723142057657242, 'epoch': 0.19}
{'loss': 0.4408, 'grad_norm': 1.681406855583191, 'learning_rate': 1.9328633769721384e-05, 'num_tokens': 12561988.0, 'mean_token_accuracy': 0.8694924078881741, 'epoch': 0.19}
{'loss': 0.392, 'grad_norm': 1.3926198482513428, 'learning_rate': 1.931184961396442e-05, 'num_tokens': 12732552.0, 'mean_token_accuracy': 0.8780046865344048, 'epoch': 0.19}
{'loss': 0.4133, 'grad_norm': 1.5947779417037964, 'learning_rate': 1.9295065458207455e-05, 'num_tokens': 12892872.0, 'mean_token_accuracy': 0.8746310502290726, 'epoch': 0.19}
{'loss': 0.4091, 'grad_norm': 1.24464750289917, 'learning_rate': 1.9278281302450488e-05, 'num_tokens': 13058458.0, 'mean_token_accuracy': 0.8756564781069756, 'epoch': 0.2}
{'loss': 0.4143, 'grad_norm': 1.6434214115142822, 'learning_rate': 1.9261497146693523e-05, 'num_tokens': 13215089.0, 'mean_token_accuracy': 0.8740627229213714, 'epoch': 0.2}
{'loss': 0.3916, 'grad_norm': 1.8380165100097656, 'learning_rate': 1.924471299093656e-05, 'num_tokens': 13383617.0, 'mean_token_accuracy': 0.8790620028972626, 'epoch': 0.2}
{'loss': 0.3908, 'grad_norm': 1.577065110206604, 'learning_rate': 1.922792883517959e-05, 'num_tokens': 13545521.0, 'mean_token_accuracy': 0.8774923257529735, 'epoch': 0.2}
{'loss': 0.3928, 'grad_norm': 1.909725308418274, 'learning_rate': 1.9211144679422627e-05, 'num_tokens': 13703995.0, 'mean_token_accuracy': 0.8791711777448654, 'epoch': 0.21}
{'loss': 0.4193, 'grad_norm': 1.8141144514083862, 'learning_rate': 1.919436052366566e-05, 'num_tokens': 13867108.0, 'mean_token_accuracy': 0.8751126259565354, 'epoch': 0.21}
{'loss': 0.4361, 'grad_norm': 1.2594168186187744, 'learning_rate': 1.9177576367908698e-05, 'num_tokens': 14032297.0, 'mean_token_accuracy': 0.8689039342105389, 'epoch': 0.21}
{'loss': 0.4189, 'grad_norm': 1.5688645839691162, 'learning_rate': 1.916079221215173e-05, 'num_tokens': 14187541.0, 'mean_token_accuracy': 0.8749497301876545, 'epoch': 0.21}
{'loss': 0.4088, 'grad_norm': 1.381147861480713, 'learning_rate': 1.9144008056394766e-05, 'num_tokens': 14350105.0, 'mean_token_accuracy': 0.8766903184354305, 'epoch': 0.21}
{'loss': 0.4062, 'grad_norm': 1.6602956056594849, 'learning_rate': 1.91272239006378e-05, 'num_tokens': 14513274.0, 'mean_token_accuracy': 0.8754013873636722, 'epoch': 0.22}
{'loss': 0.4083, 'grad_norm': 1.6488949060440063, 'learning_rate': 1.9110439744880834e-05, 'num_tokens': 14677431.0, 'mean_token_accuracy': 0.8752416864037513, 'epoch': 0.22}
{'loss': 0.4038, 'grad_norm': 1.4904588460922241, 'learning_rate': 1.909365558912387e-05, 'num_tokens': 14840187.0, 'mean_token_accuracy': 0.8785183146595955, 'epoch': 0.22}
{'loss': 0.4259, 'grad_norm': 1.8304816484451294, 'learning_rate': 1.9076871433366902e-05, 'num_tokens': 15005660.0, 'mean_token_accuracy': 0.8732500061392784, 'epoch': 0.22}
{'loss': 0.3984, 'grad_norm': 1.233932614326477, 'learning_rate': 1.9060087277609938e-05, 'num_tokens': 15166908.0, 'mean_token_accuracy': 0.8795658521354198, 'epoch': 0.23}
{'loss': 0.4088, 'grad_norm': 1.495700716972351, 'learning_rate': 1.9043303121852973e-05, 'num_tokens': 15329823.0, 'mean_token_accuracy': 0.8725464761257171, 'epoch': 0.23}
{'loss': 0.4116, 'grad_norm': 1.6030566692352295, 'learning_rate': 1.9026518966096006e-05, 'num_tokens': 15484761.0, 'mean_token_accuracy': 0.8773268975317479, 'epoch': 0.23}
{'loss': 0.4163, 'grad_norm': 1.4722124338150024, 'learning_rate': 1.900973481033904e-05, 'num_tokens': 15645121.0, 'mean_token_accuracy': 0.8722344964742661, 'epoch': 0.23}
{'loss': 0.3895, 'grad_norm': 1.167346477508545, 'learning_rate': 1.8992950654582077e-05, 'num_tokens': 15809389.0, 'mean_token_accuracy': 0.8799660295248032, 'epoch': 0.24}
{'loss': 0.3913, 'grad_norm': 1.3637624979019165, 'learning_rate': 1.897616649882511e-05, 'num_tokens': 15977215.0, 'mean_token_accuracy': 0.8790569126605987, 'epoch': 0.24}
{'loss': 0.3747, 'grad_norm': 1.2146052122116089, 'learning_rate': 1.8959382343068145e-05, 'num_tokens': 16138708.0, 'mean_token_accuracy': 0.8828859739005566, 'epoch': 0.24}
{'loss': 0.4132, 'grad_norm': 1.5631812810897827, 'learning_rate': 1.894259818731118e-05, 'num_tokens': 16301485.0, 'mean_token_accuracy': 0.8749167189002037, 'epoch': 0.24}
{'loss': 0.4124, 'grad_norm': 1.4444869756698608, 'learning_rate': 1.8925814031554216e-05, 'num_tokens': 16459023.0, 'mean_token_accuracy': 0.8758420519530773, 'epoch': 0.25}
{'loss': 0.3897, 'grad_norm': 1.2991658449172974, 'learning_rate': 1.890902987579725e-05, 'num_tokens': 16625424.0, 'mean_token_accuracy': 0.882148091495037, 'epoch': 0.25}
{'loss': 0.4133, 'grad_norm': 1.7245005369186401, 'learning_rate': 1.8892245720040284e-05, 'num_tokens': 16789705.0, 'mean_token_accuracy': 0.8769796073436738, 'epoch': 0.25}
{'loss': 0.4138, 'grad_norm': 1.2826014757156372, 'learning_rate': 1.8875461564283316e-05, 'num_tokens': 16959121.0, 'mean_token_accuracy': 0.8751542277634143, 'epoch': 0.25}
{'loss': 0.4025, 'grad_norm': 1.6391454935073853, 'learning_rate': 1.8858677408526352e-05, 'num_tokens': 17115874.0, 'mean_token_accuracy': 0.8775539338588715, 'epoch': 0.26}
{'loss': 0.3872, 'grad_norm': 1.3629839420318604, 'learning_rate': 1.8841893252769388e-05, 'num_tokens': 17281884.0, 'mean_token_accuracy': 0.8828383557498455, 'epoch': 0.26}
{'loss': 0.3749, 'grad_norm': 1.342844843864441, 'learning_rate': 1.8825109097012423e-05, 'num_tokens': 17445547.0, 'mean_token_accuracy': 0.8854015700519084, 'epoch': 0.26}
{'loss': 0.3853, 'grad_norm': 1.3120810985565186, 'learning_rate': 1.8808324941255456e-05, 'num_tokens': 17617203.0, 'mean_token_accuracy': 0.8787666529417038, 'epoch': 0.26}
{'loss': 0.3655, 'grad_norm': 1.451955795288086, 'learning_rate': 1.879154078549849e-05, 'num_tokens': 17781401.0, 'mean_token_accuracy': 0.8857951059937477, 'epoch': 0.27}
{'loss': 0.3971, 'grad_norm': 1.3877707719802856, 'learning_rate': 1.8774756629741527e-05, 'num_tokens': 17943070.0, 'mean_token_accuracy': 0.8786503858864307, 'epoch': 0.27}
{'loss': 0.4041, 'grad_norm': 1.4549555778503418, 'learning_rate': 1.875797247398456e-05, 'num_tokens': 18106554.0, 'mean_token_accuracy': 0.8766853950917721, 'epoch': 0.27}
{'loss': 0.383, 'grad_norm': 1.4620579481124878, 'learning_rate': 1.8741188318227595e-05, 'num_tokens': 18271547.0, 'mean_token_accuracy': 0.8845803223550319, 'epoch': 0.27}
{'loss': 0.3972, 'grad_norm': 1.2644180059432983, 'learning_rate': 1.8724404162470627e-05, 'num_tokens': 18436129.0, 'mean_token_accuracy': 0.8809406712651253, 'epoch': 0.28}
{'loss': 0.4032, 'grad_norm': 1.7924028635025024, 'learning_rate': 1.8707620006713666e-05, 'num_tokens': 18602953.0, 'mean_token_accuracy': 0.8791395485401153, 'epoch': 0.28}
{'loss': 0.3733, 'grad_norm': 1.4297630786895752, 'learning_rate': 1.86908358509567e-05, 'num_tokens': 18766672.0, 'mean_token_accuracy': 0.88637016415596, 'epoch': 0.28}
{'loss': 0.4366, 'grad_norm': 1.5200620889663696, 'learning_rate': 1.8674051695199734e-05, 'num_tokens': 18931730.0, 'mean_token_accuracy': 0.8679629780352116, 'epoch': 0.28}
{'loss': 0.366, 'grad_norm': 1.1093930006027222, 'learning_rate': 1.8657267539442766e-05, 'num_tokens': 19093267.0, 'mean_token_accuracy': 0.8870691634714604, 'epoch': 0.29}
{'loss': 0.4008, 'grad_norm': 1.773220181465149, 'learning_rate': 1.8640483383685802e-05, 'num_tokens': 19252573.0, 'mean_token_accuracy': 0.879512120038271, 'epoch': 0.29}
{'loss': 0.3744, 'grad_norm': 1.5670180320739746, 'learning_rate': 1.8623699227928838e-05, 'num_tokens': 19419720.0, 'mean_token_accuracy': 0.8840001046657562, 'epoch': 0.29}
{'loss': 0.3869, 'grad_norm': 1.573650598526001, 'learning_rate': 1.8606915072171873e-05, 'num_tokens': 19579987.0, 'mean_token_accuracy': 0.8822269581258297, 'epoch': 0.29}
{'loss': 0.3951, 'grad_norm': 1.4951233863830566, 'learning_rate': 1.8590130916414906e-05, 'num_tokens': 19737542.0, 'mean_token_accuracy': 0.8789040163159371, 'epoch': 0.3}
{'loss': 0.4015, 'grad_norm': 1.7251920700073242, 'learning_rate': 1.857334676065794e-05, 'num_tokens': 19902644.0, 'mean_token_accuracy': 0.8783161230385303, 'epoch': 0.3}
{'loss': 0.3948, 'grad_norm': 1.4663164615631104, 'learning_rate': 1.8556562604900973e-05, 'num_tokens': 20077235.0, 'mean_token_accuracy': 0.8807007268071174, 'epoch': 0.3}
{'loss': 0.3852, 'grad_norm': 1.1311947107315063, 'learning_rate': 1.853977844914401e-05, 'num_tokens': 20240709.0, 'mean_token_accuracy': 0.8830458238720894, 'epoch': 0.3}
{'loss': 0.3622, 'grad_norm': 1.2366756200790405, 'learning_rate': 1.8522994293387045e-05, 'num_tokens': 20406303.0, 'mean_token_accuracy': 0.8858008563518525, 'epoch': 0.31}
{'loss': 0.3835, 'grad_norm': 1.6441607475280762, 'learning_rate': 1.8506210137630077e-05, 'num_tokens': 20574073.0, 'mean_token_accuracy': 0.8822192147374153, 'epoch': 0.31}
{'loss': 0.3904, 'grad_norm': 1.327852725982666, 'learning_rate': 1.8489425981873113e-05, 'num_tokens': 20739648.0, 'mean_token_accuracy': 0.8810651205480099, 'epoch': 0.31}
{'loss': 0.3648, 'grad_norm': 1.583562970161438, 'learning_rate': 1.847264182611615e-05, 'num_tokens': 20907413.0, 'mean_token_accuracy': 0.8882229797542095, 'epoch': 0.31}
{'loss': 0.3921, 'grad_norm': 1.6036899089813232, 'learning_rate': 1.8455857670359184e-05, 'num_tokens': 21069050.0, 'mean_token_accuracy': 0.8784099444746971, 'epoch': 0.32}
{'loss': 0.3475, 'grad_norm': 1.407841444015503, 'learning_rate': 1.8439073514602216e-05, 'num_tokens': 21238023.0, 'mean_token_accuracy': 0.8908700920641422, 'epoch': 0.32}
{'loss': 0.4084, 'grad_norm': 1.8445314168930054, 'learning_rate': 1.8422289358845252e-05, 'num_tokens': 21396944.0, 'mean_token_accuracy': 0.8774569921195507, 'epoch': 0.32}
{'loss': 0.3722, 'grad_norm': 1.5451685190200806, 'learning_rate': 1.8405505203088284e-05, 'num_tokens': 21555786.0, 'mean_token_accuracy': 0.8848862409591675, 'epoch': 0.32}
{'loss': 0.4023, 'grad_norm': 1.765030026435852, 'learning_rate': 1.838872104733132e-05, 'num_tokens': 21715511.0, 'mean_token_accuracy': 0.8776105411350728, 'epoch': 0.32}
{'loss': 0.3644, 'grad_norm': 1.4796864986419678, 'learning_rate': 1.8371936891574356e-05, 'num_tokens': 21870137.0, 'mean_token_accuracy': 0.8873770639300347, 'epoch': 0.33}
{'loss': 0.3955, 'grad_norm': 1.2627086639404297, 'learning_rate': 1.835515273581739e-05, 'num_tokens': 22038467.0, 'mean_token_accuracy': 0.8817081838846207, 'epoch': 0.33}
{'loss': 0.3865, 'grad_norm': 1.3533300161361694, 'learning_rate': 1.8338368580060424e-05, 'num_tokens': 22200811.0, 'mean_token_accuracy': 0.8800283685326576, 'epoch': 0.33}
{'loss': 0.3628, 'grad_norm': 1.4404152631759644, 'learning_rate': 1.832158442430346e-05, 'num_tokens': 22368548.0, 'mean_token_accuracy': 0.8884231127798558, 'epoch': 0.33}
{'loss': 0.3919, 'grad_norm': 1.602109432220459, 'learning_rate': 1.8304800268546495e-05, 'num_tokens': 22533639.0, 'mean_token_accuracy': 0.8827280603349209, 'epoch': 0.34}
{'loss': 0.3894, 'grad_norm': 1.3536159992218018, 'learning_rate': 1.8288016112789527e-05, 'num_tokens': 22688553.0, 'mean_token_accuracy': 0.8819931752979755, 'epoch': 0.34}
{'loss': 0.3844, 'grad_norm': 1.309139370918274, 'learning_rate': 1.8271231957032563e-05, 'num_tokens': 22862771.0, 'mean_token_accuracy': 0.8820345178246498, 'epoch': 0.34}
{'loss': 0.3543, 'grad_norm': 1.311823844909668, 'learning_rate': 1.8254447801275595e-05, 'num_tokens': 23040412.0, 'mean_token_accuracy': 0.8894040808081627, 'epoch': 0.34}
{'loss': 0.3885, 'grad_norm': 1.4410465955734253, 'learning_rate': 1.8237663645518634e-05, 'num_tokens': 23209761.0, 'mean_token_accuracy': 0.8808960057795048, 'epoch': 0.35}
{'loss': 0.3827, 'grad_norm': 1.4821277856826782, 'learning_rate': 1.8220879489761666e-05, 'num_tokens': 23371909.0, 'mean_token_accuracy': 0.8846620842814445, 'epoch': 0.35}
{'loss': 0.3884, 'grad_norm': 1.5009499788284302, 'learning_rate': 1.8204095334004702e-05, 'num_tokens': 23529807.0, 'mean_token_accuracy': 0.8847583726048469, 'epoch': 0.35}
{'loss': 0.3857, 'grad_norm': 1.8100216388702393, 'learning_rate': 1.8187311178247734e-05, 'num_tokens': 23698373.0, 'mean_token_accuracy': 0.8829047180712223, 'epoch': 0.35}
{'loss': 0.3785, 'grad_norm': 1.3528895378112793, 'learning_rate': 1.817052702249077e-05, 'num_tokens': 23855372.0, 'mean_token_accuracy': 0.8835103914141655, 'epoch': 0.36}
{'loss': 0.3717, 'grad_norm': 1.4813623428344727, 'learning_rate': 1.8153742866733806e-05, 'num_tokens': 24025543.0, 'mean_token_accuracy': 0.8849668465554714, 'epoch': 0.36}
{'loss': 0.4142, 'grad_norm': 1.1999797821044922, 'learning_rate': 1.813695871097684e-05, 'num_tokens': 24189762.0, 'mean_token_accuracy': 0.8767190761864185, 'epoch': 0.36}
{'loss': 0.3733, 'grad_norm': 1.2479437589645386, 'learning_rate': 1.8120174555219874e-05, 'num_tokens': 24353415.0, 'mean_token_accuracy': 0.8872769817709922, 'epoch': 0.36}
{'loss': 0.3717, 'grad_norm': 1.4632635116577148, 'learning_rate': 1.810339039946291e-05, 'num_tokens': 24512079.0, 'mean_token_accuracy': 0.8854837760329246, 'epoch': 0.37}
{'loss': 0.3747, 'grad_norm': 1.5015462636947632, 'learning_rate': 1.808660624370594e-05, 'num_tokens': 24674917.0, 'mean_token_accuracy': 0.8844989910721779, 'epoch': 0.37}
{'loss': 0.3718, 'grad_norm': 1.5764235258102417, 'learning_rate': 1.8069822087948977e-05, 'num_tokens': 24833219.0, 'mean_token_accuracy': 0.8867438577115536, 'epoch': 0.37}
{'loss': 0.3827, 'grad_norm': 1.640952706336975, 'learning_rate': 1.8053037932192013e-05, 'num_tokens': 24997885.0, 'mean_token_accuracy': 0.8831880383193493, 'epoch': 0.37}
{'loss': 0.3863, 'grad_norm': 1.3642710447311401, 'learning_rate': 1.8036253776435045e-05, 'num_tokens': 25168043.0, 'mean_token_accuracy': 0.8805593885481358, 'epoch': 0.38}
{'loss': 0.3867, 'grad_norm': 1.4823845624923706, 'learning_rate': 1.801946962067808e-05, 'num_tokens': 25329926.0, 'mean_token_accuracy': 0.8829799592494965, 'epoch': 0.38}
{'loss': 0.3934, 'grad_norm': 1.392125129699707, 'learning_rate': 1.8002685464921116e-05, 'num_tokens': 25496100.0, 'mean_token_accuracy': 0.8820779912173748, 'epoch': 0.38}
{'loss': 0.3682, 'grad_norm': 1.8285064697265625, 'learning_rate': 1.7985901309164152e-05, 'num_tokens': 25653899.0, 'mean_token_accuracy': 0.888424189388752, 'epoch': 0.38}
{'loss': 0.3685, 'grad_norm': 1.2178561687469482, 'learning_rate': 1.7969117153407184e-05, 'num_tokens': 25820936.0, 'mean_token_accuracy': 0.8875480249524117, 'epoch': 0.39}
{'loss': 0.3796, 'grad_norm': 1.7549283504486084, 'learning_rate': 1.795233299765022e-05, 'num_tokens': 25987256.0, 'mean_token_accuracy': 0.8861001998186111, 'epoch': 0.39}
{'loss': 0.3928, 'grad_norm': 1.4150587320327759, 'learning_rate': 1.7935548841893252e-05, 'num_tokens': 26153335.0, 'mean_token_accuracy': 0.8816463388502598, 'epoch': 0.39}
{'loss': 0.3831, 'grad_norm': 1.4040043354034424, 'learning_rate': 1.791876468613629e-05, 'num_tokens': 26314843.0, 'mean_token_accuracy': 0.8822898857295514, 'epoch': 0.39}
{'loss': 0.3891, 'grad_norm': 1.4830936193466187, 'learning_rate': 1.7901980530379324e-05, 'num_tokens': 26473724.0, 'mean_token_accuracy': 0.8823041617870331, 'epoch': 0.4}
{'loss': 0.3755, 'grad_norm': 1.466512680053711, 'learning_rate': 1.788519637462236e-05, 'num_tokens': 26633232.0, 'mean_token_accuracy': 0.8873426757752896, 'epoch': 0.4}
{'loss': 0.3665, 'grad_norm': 1.4545201063156128, 'learning_rate': 1.786841221886539e-05, 'num_tokens': 26795742.0, 'mean_token_accuracy': 0.8873744368553161, 'epoch': 0.4}
{'loss': 0.3669, 'grad_norm': 1.3533496856689453, 'learning_rate': 1.7851628063108427e-05, 'num_tokens': 26951640.0, 'mean_token_accuracy': 0.8886663459241391, 'epoch': 0.4}
{'loss': 0.3814, 'grad_norm': 1.4614955186843872, 'learning_rate': 1.7834843907351463e-05, 'num_tokens': 27113074.0, 'mean_token_accuracy': 0.8823242135345936, 'epoch': 0.41}
{'loss': 0.3689, 'grad_norm': 1.2613521814346313, 'learning_rate': 1.7818059751594495e-05, 'num_tokens': 27275933.0, 'mean_token_accuracy': 0.8875987887382507, 'epoch': 0.41}
{'loss': 0.357, 'grad_norm': 1.3461517095565796, 'learning_rate': 1.780127559583753e-05, 'num_tokens': 27448012.0, 'mean_token_accuracy': 0.8885821536183357, 'epoch': 0.41}
{'loss': 0.3843, 'grad_norm': 1.327928066253662, 'learning_rate': 1.7784491440080563e-05, 'num_tokens': 27614130.0, 'mean_token_accuracy': 0.8821511082351208, 'epoch': 0.41}
{'loss': 0.3536, 'grad_norm': 1.6129919290542603, 'learning_rate': 1.7767707284323602e-05, 'num_tokens': 27777676.0, 'mean_token_accuracy': 0.8910791024565696, 'epoch': 0.42}
{'loss': 0.4021, 'grad_norm': 1.4107056856155396, 'learning_rate': 1.7750923128566634e-05, 'num_tokens': 27939881.0, 'mean_token_accuracy': 0.8764480404555798, 'epoch': 0.42}
{'loss': 0.3744, 'grad_norm': 1.5270277261734009, 'learning_rate': 1.773413897280967e-05, 'num_tokens': 28099083.0, 'mean_token_accuracy': 0.8869172424077988, 'epoch': 0.42}
{'loss': 0.3737, 'grad_norm': 1.2572987079620361, 'learning_rate': 1.7717354817052702e-05, 'num_tokens': 28264415.0, 'mean_token_accuracy': 0.8855908401310444, 'epoch': 0.42}
{'loss': 0.3638, 'grad_norm': 1.09531569480896, 'learning_rate': 1.7700570661295738e-05, 'num_tokens': 28433828.0, 'mean_token_accuracy': 0.8901703171432018, 'epoch': 0.42}
{'loss': 0.388, 'grad_norm': 1.4753676652908325, 'learning_rate': 1.7683786505538774e-05, 'num_tokens': 28597108.0, 'mean_token_accuracy': 0.8823992408812046, 'epoch': 0.43}
{'loss': 0.3631, 'grad_norm': 1.8421727418899536, 'learning_rate': 1.766700234978181e-05, 'num_tokens': 28755653.0, 'mean_token_accuracy': 0.8908825032413006, 'epoch': 0.43}
{'loss': 0.3419, 'grad_norm': 1.524232268333435, 'learning_rate': 1.765021819402484e-05, 'num_tokens': 28915690.0, 'mean_token_accuracy': 0.8954757720232009, 'epoch': 0.43}
{'loss': 0.3651, 'grad_norm': 1.4330081939697266, 'learning_rate': 1.7633434038267877e-05, 'num_tokens': 29085217.0, 'mean_token_accuracy': 0.8894502736628056, 'epoch': 0.43}
{'loss': 0.3785, 'grad_norm': 1.5915809869766235, 'learning_rate': 1.7616649882510913e-05, 'num_tokens': 29252427.0, 'mean_token_accuracy': 0.8863399982452392, 'epoch': 0.44}
{'loss': 0.3321, 'grad_norm': 1.4563852548599243, 'learning_rate': 1.7599865726753945e-05, 'num_tokens': 29412182.0, 'mean_token_accuracy': 0.897385448217392, 'epoch': 0.44}
{'loss': 0.3366, 'grad_norm': 1.3691165447235107, 'learning_rate': 1.758308157099698e-05, 'num_tokens': 29580925.0, 'mean_token_accuracy': 0.8954207889735699, 'epoch': 0.44}
{'loss': 0.361, 'grad_norm': 1.5795319080352783, 'learning_rate': 1.7566297415240013e-05, 'num_tokens': 29739527.0, 'mean_token_accuracy': 0.8887201756238937, 'epoch': 0.44}
{'loss': 0.3707, 'grad_norm': 1.264266014099121, 'learning_rate': 1.754951325948305e-05, 'num_tokens': 29903687.0, 'mean_token_accuracy': 0.890012814104557, 'epoch': 0.45}
{'loss': 0.3606, 'grad_norm': 1.3597886562347412, 'learning_rate': 1.7532729103726084e-05, 'num_tokens': 30061081.0, 'mean_token_accuracy': 0.8883912712335587, 'epoch': 0.45}
{'loss': 0.3862, 'grad_norm': 1.2969313859939575, 'learning_rate': 1.751594494796912e-05, 'num_tokens': 30217524.0, 'mean_token_accuracy': 0.8821295373141765, 'epoch': 0.45}
{'loss': 0.3721, 'grad_norm': 1.235564947128296, 'learning_rate': 1.7499160792212152e-05, 'num_tokens': 30385516.0, 'mean_token_accuracy': 0.8868066124618054, 'epoch': 0.45}
{'loss': 0.3674, 'grad_norm': 1.3907122611999512, 'learning_rate': 1.7482376636455188e-05, 'num_tokens': 30559843.0, 'mean_token_accuracy': 0.8878505133092404, 'epoch': 0.46}
{'loss': 0.3797, 'grad_norm': 1.3247915506362915, 'learning_rate': 1.746559248069822e-05, 'num_tokens': 30725746.0, 'mean_token_accuracy': 0.8855933494865894, 'epoch': 0.46}
{'loss': 0.3355, 'grad_norm': 1.387812614440918, 'learning_rate': 1.744880832494126e-05, 'num_tokens': 30894079.0, 'mean_token_accuracy': 0.8950451865792275, 'epoch': 0.46}
{'loss': 0.3769, 'grad_norm': 1.2002983093261719, 'learning_rate': 1.743202416918429e-05, 'num_tokens': 31055651.0, 'mean_token_accuracy': 0.8871214851737023, 'epoch': 0.46}
{'loss': 0.3256, 'grad_norm': 1.5615234375, 'learning_rate': 1.7415240013427327e-05, 'num_tokens': 31218123.0, 'mean_token_accuracy': 0.8983424693346024, 'epoch': 0.47}
{'loss': 0.3689, 'grad_norm': 1.4257054328918457, 'learning_rate': 1.739845585767036e-05, 'num_tokens': 31387982.0, 'mean_token_accuracy': 0.889035201817751, 'epoch': 0.47}
{'loss': 0.3671, 'grad_norm': 1.3497843742370605, 'learning_rate': 1.7381671701913395e-05, 'num_tokens': 31546704.0, 'mean_token_accuracy': 0.8879850208759308, 'epoch': 0.47}
{'loss': 0.3471, 'grad_norm': 1.2838777303695679, 'learning_rate': 1.736488754615643e-05, 'num_tokens': 31705920.0, 'mean_token_accuracy': 0.8923653617501259, 'epoch': 0.47}
{'loss': 0.3614, 'grad_norm': 1.5783765316009521, 'learning_rate': 1.7348103390399463e-05, 'num_tokens': 31874240.0, 'mean_token_accuracy': 0.8890484377741814, 'epoch': 0.48}
{'loss': 0.382, 'grad_norm': 1.5986536741256714, 'learning_rate': 1.73313192346425e-05, 'num_tokens': 32032748.0, 'mean_token_accuracy': 0.8837660491466522, 'epoch': 0.48}
{'loss': 0.3431, 'grad_norm': 1.2747024297714233, 'learning_rate': 1.731453507888553e-05, 'num_tokens': 32195029.0, 'mean_token_accuracy': 0.8943356573581696, 'epoch': 0.48}
{'loss': 0.4159, 'grad_norm': 1.504334568977356, 'learning_rate': 1.729775092312857e-05, 'num_tokens': 32355559.0, 'mean_token_accuracy': 0.8802880793809891, 'epoch': 0.48}
{'loss': 0.3629, 'grad_norm': 1.3312897682189941, 'learning_rate': 1.7280966767371602e-05, 'num_tokens': 32514063.0, 'mean_token_accuracy': 0.8905617170035839, 'epoch': 0.49}
{'loss': 0.3596, 'grad_norm': 1.7592908143997192, 'learning_rate': 1.7264182611614638e-05, 'num_tokens': 32686359.0, 'mean_token_accuracy': 0.8891330517828464, 'epoch': 0.49}
{'loss': 0.3912, 'grad_norm': 1.5456113815307617, 'learning_rate': 1.724739845585767e-05, 'num_tokens': 32843276.0, 'mean_token_accuracy': 0.8816536389291286, 'epoch': 0.49}
{'loss': 0.3616, 'grad_norm': 1.6076490879058838, 'learning_rate': 1.7230614300100706e-05, 'num_tokens': 32999035.0, 'mean_token_accuracy': 0.8899440228939056, 'epoch': 0.49}
{'loss': 0.3479, 'grad_norm': 1.289432168006897, 'learning_rate': 1.721383014434374e-05, 'num_tokens': 33167808.0, 'mean_token_accuracy': 0.8933028429746628, 'epoch': 0.5}
{'loss': 0.3564, 'grad_norm': 1.1285204887390137, 'learning_rate': 1.7197045988586777e-05, 'num_tokens': 33334623.0, 'mean_token_accuracy': 0.8871319614350796, 'epoch': 0.5}
{'loss': 0.359, 'grad_norm': 1.6229151487350464, 'learning_rate': 1.718026183282981e-05, 'num_tokens': 33497386.0, 'mean_token_accuracy': 0.8897260494530201, 'epoch': 0.5}
{'loss': 0.3588, 'grad_norm': 1.2716248035430908, 'learning_rate': 1.7163477677072845e-05, 'num_tokens': 33670889.0, 'mean_token_accuracy': 0.8910164386034012, 'epoch': 0.5}
{'loss': 0.3548, 'grad_norm': 1.420776128768921, 'learning_rate': 1.714669352131588e-05, 'num_tokens': 33840484.0, 'mean_token_accuracy': 0.8897848509252071, 'epoch': 0.51}
{'loss': 0.3711, 'grad_norm': 1.5748618841171265, 'learning_rate': 1.7129909365558913e-05, 'num_tokens': 33998797.0, 'mean_token_accuracy': 0.88731554672122, 'epoch': 0.51}
{'loss': 0.3381, 'grad_norm': 1.5092592239379883, 'learning_rate': 1.711312520980195e-05, 'num_tokens': 34155342.0, 'mean_token_accuracy': 0.8955968573689461, 'epoch': 0.51}
{'loss': 0.3433, 'grad_norm': 1.659210205078125, 'learning_rate': 1.709634105404498e-05, 'num_tokens': 34311887.0, 'mean_token_accuracy': 0.8945096671581269, 'epoch': 0.51}
{'loss': 0.381, 'grad_norm': 1.570162296295166, 'learning_rate': 1.7079556898288017e-05, 'num_tokens': 34475407.0, 'mean_token_accuracy': 0.8846045732498169, 'epoch': 0.52}
{'loss': 0.3618, 'grad_norm': 1.4998493194580078, 'learning_rate': 1.7062772742531052e-05, 'num_tokens': 34640109.0, 'mean_token_accuracy': 0.8896983385086059, 'epoch': 0.52}
{'loss': 0.3669, 'grad_norm': 1.5931191444396973, 'learning_rate': 1.7045988586774088e-05, 'num_tokens': 34799515.0, 'mean_token_accuracy': 0.8898599982261658, 'epoch': 0.52}
{'loss': 0.3611, 'grad_norm': 1.607670545578003, 'learning_rate': 1.702920443101712e-05, 'num_tokens': 34961143.0, 'mean_token_accuracy': 0.8875511534512043, 'epoch': 0.52}
{'loss': 0.3633, 'grad_norm': 1.4429244995117188, 'learning_rate': 1.7012420275260156e-05, 'num_tokens': 35127520.0, 'mean_token_accuracy': 0.890446026623249, 'epoch': 0.53}
{'loss': 0.3284, 'grad_norm': 1.252476453781128, 'learning_rate': 1.6995636119503188e-05, 'num_tokens': 35285428.0, 'mean_token_accuracy': 0.8988745205104351, 'epoch': 0.53}
{'loss': 0.3274, 'grad_norm': 1.4377888441085815, 'learning_rate': 1.6978851963746227e-05, 'num_tokens': 35456298.0, 'mean_token_accuracy': 0.8978993646800518, 'epoch': 0.53}
{'loss': 0.3613, 'grad_norm': 1.0724384784698486, 'learning_rate': 1.696206780798926e-05, 'num_tokens': 35629327.0, 'mean_token_accuracy': 0.8892508685588837, 'epoch': 0.53}
{'loss': 0.3561, 'grad_norm': 1.3869761228561401, 'learning_rate': 1.6945283652232295e-05, 'num_tokens': 35791562.0, 'mean_token_accuracy': 0.8927667826414108, 'epoch': 0.53}
{'loss': 0.3611, 'grad_norm': 1.3293979167938232, 'learning_rate': 1.6928499496475327e-05, 'num_tokens': 35958719.0, 'mean_token_accuracy': 0.888736792653799, 'epoch': 0.54}
{'loss': 0.3632, 'grad_norm': 1.2513378858566284, 'learning_rate': 1.6911715340718363e-05, 'num_tokens': 36130406.0, 'mean_token_accuracy': 0.888089332729578, 'epoch': 0.54}
{'loss': 0.3697, 'grad_norm': 1.3039236068725586, 'learning_rate': 1.68949311849614e-05, 'num_tokens': 36295189.0, 'mean_token_accuracy': 0.8853464841842651, 'epoch': 0.54}
{'loss': 0.3464, 'grad_norm': 1.5721248388290405, 'learning_rate': 1.687814702920443e-05, 'num_tokens': 36459566.0, 'mean_token_accuracy': 0.894044941663742, 'epoch': 0.54}
{'loss': 0.3509, 'grad_norm': 1.3144810199737549, 'learning_rate': 1.6861362873447467e-05, 'num_tokens': 36621810.0, 'mean_token_accuracy': 0.8929474502801895, 'epoch': 0.55}
{'loss': 0.3601, 'grad_norm': 1.5535475015640259, 'learning_rate': 1.6844578717690502e-05, 'num_tokens': 36780633.0, 'mean_token_accuracy': 0.8928133167326451, 'epoch': 0.55}
{'loss': 0.3779, 'grad_norm': 1.1726036071777344, 'learning_rate': 1.6827794561933538e-05, 'num_tokens': 36942910.0, 'mean_token_accuracy': 0.8846812926232814, 'epoch': 0.55}
{'loss': 0.3605, 'grad_norm': 1.3401780128479004, 'learning_rate': 1.681101040617657e-05, 'num_tokens': 37107149.0, 'mean_token_accuracy': 0.8900650061666966, 'epoch': 0.55}
{'loss': 0.3493, 'grad_norm': 1.3200490474700928, 'learning_rate': 1.6794226250419606e-05, 'num_tokens': 37263719.0, 'mean_token_accuracy': 0.8929262608289719, 'epoch': 0.56}
{'loss': 0.3333, 'grad_norm': 1.4487603902816772, 'learning_rate': 1.6777442094662638e-05, 'num_tokens': 37431666.0, 'mean_token_accuracy': 0.8960399545729161, 'epoch': 0.56}
{'loss': 0.3408, 'grad_norm': 1.3349456787109375, 'learning_rate': 1.6760657938905674e-05, 'num_tokens': 37599446.0, 'mean_token_accuracy': 0.8927205771207809, 'epoch': 0.56}
{'loss': 0.3559, 'grad_norm': 1.5927305221557617, 'learning_rate': 1.674387378314871e-05, 'num_tokens': 37760348.0, 'mean_token_accuracy': 0.8919808201491832, 'epoch': 0.56}
{'loss': 0.3481, 'grad_norm': 1.3749288320541382, 'learning_rate': 1.6727089627391745e-05, 'num_tokens': 37922759.0, 'mean_token_accuracy': 0.8950604148209095, 'epoch': 0.57}
{'loss': 0.3466, 'grad_norm': 1.2554360628128052, 'learning_rate': 1.6710305471634777e-05, 'num_tokens': 38097619.0, 'mean_token_accuracy': 0.8931242093443871, 'epoch': 0.57}
{'loss': 0.3626, 'grad_norm': 1.7486448287963867, 'learning_rate': 1.6693521315877813e-05, 'num_tokens': 38263089.0, 'mean_token_accuracy': 0.8880555145442486, 'epoch': 0.57}
{'loss': 0.3458, 'grad_norm': 1.3195704221725464, 'learning_rate': 1.667673716012085e-05, 'num_tokens': 38434960.0, 'mean_token_accuracy': 0.8950645171105862, 'epoch': 0.57}
{'loss': 0.3341, 'grad_norm': 1.5423636436462402, 'learning_rate': 1.665995300436388e-05, 'num_tokens': 38596127.0, 'mean_token_accuracy': 0.8976590819656849, 'epoch': 0.58}
{'loss': 0.3375, 'grad_norm': 1.6658486127853394, 'learning_rate': 1.6643168848606917e-05, 'num_tokens': 38761893.0, 'mean_token_accuracy': 0.8956422723829747, 'epoch': 0.58}
{'loss': 0.3444, 'grad_norm': 1.515450119972229, 'learning_rate': 1.662638469284995e-05, 'num_tokens': 38917695.0, 'mean_token_accuracy': 0.894100795686245, 'epoch': 0.58}
{'loss': 0.3361, 'grad_norm': 1.2396010160446167, 'learning_rate': 1.6609600537092985e-05, 'num_tokens': 39077331.0, 'mean_token_accuracy': 0.8960539922118187, 'epoch': 0.58}
{'loss': 0.3352, 'grad_norm': 1.245976209640503, 'learning_rate': 1.659281638133602e-05, 'num_tokens': 39240619.0, 'mean_token_accuracy': 0.8973331086337566, 'epoch': 0.59}
{'loss': 0.3614, 'grad_norm': 1.7427217960357666, 'learning_rate': 1.6576032225579056e-05, 'num_tokens': 39397864.0, 'mean_token_accuracy': 0.8909344270825386, 'epoch': 0.59}
{'loss': 0.3468, 'grad_norm': 1.5741238594055176, 'learning_rate': 1.6559248069822088e-05, 'num_tokens': 39561671.0, 'mean_token_accuracy': 0.8946784749627114, 'epoch': 0.59}
{'loss': 0.3351, 'grad_norm': 1.719673991203308, 'learning_rate': 1.6542463914065124e-05, 'num_tokens': 39732816.0, 'mean_token_accuracy': 0.8955547630786895, 'epoch': 0.59}
{'loss': 0.3416, 'grad_norm': 1.2967146635055542, 'learning_rate': 1.6525679758308156e-05, 'num_tokens': 39899184.0, 'mean_token_accuracy': 0.8944223970174789, 'epoch': 0.6}
{'loss': 0.3435, 'grad_norm': 1.605558156967163, 'learning_rate': 1.6508895602551195e-05, 'num_tokens': 40059420.0, 'mean_token_accuracy': 0.8939111553132534, 'epoch': 0.6}
{'loss': 0.3439, 'grad_norm': 1.4449259042739868, 'learning_rate': 1.6492111446794227e-05, 'num_tokens': 40227248.0, 'mean_token_accuracy': 0.8922347709536552, 'epoch': 0.6}
{'loss': 0.3506, 'grad_norm': 1.5251264572143555, 'learning_rate': 1.6475327291037263e-05, 'num_tokens': 40388159.0, 'mean_token_accuracy': 0.8946915708482266, 'epoch': 0.6}
{'loss': 0.3327, 'grad_norm': 1.390272855758667, 'learning_rate': 1.6458543135280295e-05, 'num_tokens': 40556565.0, 'mean_token_accuracy': 0.8976338781416416, 'epoch': 0.61}
{'loss': 0.347, 'grad_norm': 1.7656581401824951, 'learning_rate': 1.644175897952333e-05, 'num_tokens': 40711974.0, 'mean_token_accuracy': 0.8953037947416306, 'epoch': 0.61}
{'loss': 0.342, 'grad_norm': 1.3591246604919434, 'learning_rate': 1.6424974823766367e-05, 'num_tokens': 40879617.0, 'mean_token_accuracy': 0.8960614793002606, 'epoch': 0.61}
{'loss': 0.3463, 'grad_norm': 1.3739330768585205, 'learning_rate': 1.64081906680094e-05, 'num_tokens': 41040294.0, 'mean_token_accuracy': 0.8908853717148304, 'epoch': 0.61}
{'loss': 0.3443, 'grad_norm': 1.2523150444030762, 'learning_rate': 1.6391406512252435e-05, 'num_tokens': 41199276.0, 'mean_token_accuracy': 0.8955514155328274, 'epoch': 0.62}
{'loss': 0.3391, 'grad_norm': 1.4261059761047363, 'learning_rate': 1.637462235649547e-05, 'num_tokens': 41364075.0, 'mean_token_accuracy': 0.8962995015084744, 'epoch': 0.62}
{'loss': 0.3207, 'grad_norm': 1.627378225326538, 'learning_rate': 1.6357838200738506e-05, 'num_tokens': 41525360.0, 'mean_token_accuracy': 0.8998620711266995, 'epoch': 0.62}
{'loss': 0.3237, 'grad_norm': 1.7301455736160278, 'learning_rate': 1.6341054044981538e-05, 'num_tokens': 41691378.0, 'mean_token_accuracy': 0.8985607728362084, 'epoch': 0.62}
{'loss': 0.3341, 'grad_norm': 0.9599460959434509, 'learning_rate': 1.6324269889224574e-05, 'num_tokens': 41861372.0, 'mean_token_accuracy': 0.894701948016882, 'epoch': 0.63}
{'loss': 0.3425, 'grad_norm': 1.5934122800827026, 'learning_rate': 1.6307485733467606e-05, 'num_tokens': 42023224.0, 'mean_token_accuracy': 0.8961811996996403, 'epoch': 0.63}
{'loss': 0.3276, 'grad_norm': 1.2457735538482666, 'learning_rate': 1.6290701577710642e-05, 'num_tokens': 42184980.0, 'mean_token_accuracy': 0.8996153138577938, 'epoch': 0.63}
{'loss': 0.3539, 'grad_norm': 1.711377501487732, 'learning_rate': 1.6273917421953678e-05, 'num_tokens': 42344950.0, 'mean_token_accuracy': 0.893432441353798, 'epoch': 0.63}
{'loss': 0.3303, 'grad_norm': 1.3042446374893188, 'learning_rate': 1.6257133266196713e-05, 'num_tokens': 42508192.0, 'mean_token_accuracy': 0.899936144053936, 'epoch': 0.64}
{'loss': 0.3397, 'grad_norm': 1.4890867471694946, 'learning_rate': 1.6240349110439745e-05, 'num_tokens': 42672437.0, 'mean_token_accuracy': 0.897330318391323, 'epoch': 0.64}
{'loss': 0.3442, 'grad_norm': 1.479904294013977, 'learning_rate': 1.622356495468278e-05, 'num_tokens': 42835551.0, 'mean_token_accuracy': 0.8944311551749706, 'epoch': 0.64}
{'loss': 0.341, 'grad_norm': 1.3458490371704102, 'learning_rate': 1.6206780798925817e-05, 'num_tokens': 42994728.0, 'mean_token_accuracy': 0.8960177943110466, 'epoch': 0.64}
{'loss': 0.3407, 'grad_norm': 1.5019474029541016, 'learning_rate': 1.618999664316885e-05, 'num_tokens': 43158506.0, 'mean_token_accuracy': 0.8968543589115143, 'epoch': 0.64}
{'loss': 0.3367, 'grad_norm': 1.4822969436645508, 'learning_rate': 1.6173212487411885e-05, 'num_tokens': 43321817.0, 'mean_token_accuracy': 0.898368638753891, 'epoch': 0.65}
{'loss': 0.3394, 'grad_norm': 1.181348204612732, 'learning_rate': 1.6156428331654917e-05, 'num_tokens': 43483758.0, 'mean_token_accuracy': 0.8961445756256581, 'epoch': 0.65}
{'loss': 0.3263, 'grad_norm': 1.1808717250823975, 'learning_rate': 1.6139644175897953e-05, 'num_tokens': 43648304.0, 'mean_token_accuracy': 0.8983863361179829, 'epoch': 0.65}
{'loss': 0.3582, 'grad_norm': 1.4075723886489868, 'learning_rate': 1.6122860020140988e-05, 'num_tokens': 43805886.0, 'mean_token_accuracy': 0.8928179793059826, 'epoch': 0.65}
{'loss': 0.3543, 'grad_norm': 1.2904880046844482, 'learning_rate': 1.6106075864384024e-05, 'num_tokens': 43966715.0, 'mean_token_accuracy': 0.8936388112604619, 'epoch': 0.66}
{'loss': 0.3235, 'grad_norm': 1.52260422706604, 'learning_rate': 1.6089291708627056e-05, 'num_tokens': 44133583.0, 'mean_token_accuracy': 0.8995569370687008, 'epoch': 0.66}
{'loss': 0.3439, 'grad_norm': 1.2400202751159668, 'learning_rate': 1.6072507552870092e-05, 'num_tokens': 44298315.0, 'mean_token_accuracy': 0.8947556756436825, 'epoch': 0.66}
{'loss': 0.311, 'grad_norm': 1.5427167415618896, 'learning_rate': 1.6055723397113124e-05, 'num_tokens': 44462292.0, 'mean_token_accuracy': 0.9033029660582542, 'epoch': 0.66}
{'loss': 0.3399, 'grad_norm': 1.4720944166183472, 'learning_rate': 1.6038939241356163e-05, 'num_tokens': 44620175.0, 'mean_token_accuracy': 0.8984063431620598, 'epoch': 0.67}
{'loss': 0.3477, 'grad_norm': 1.849878191947937, 'learning_rate': 1.6022155085599195e-05, 'num_tokens': 44772091.0, 'mean_token_accuracy': 0.8947001352906228, 'epoch': 0.67}
{'loss': 0.3321, 'grad_norm': 1.5893124341964722, 'learning_rate': 1.600537092984223e-05, 'num_tokens': 44935815.0, 'mean_token_accuracy': 0.8984480910003185, 'epoch': 0.67}
{'loss': 0.3099, 'grad_norm': 1.6952400207519531, 'learning_rate': 1.5988586774085263e-05, 'num_tokens': 45101501.0, 'mean_token_accuracy': 0.906003937870264, 'epoch': 0.67}
{'loss': 0.3322, 'grad_norm': 1.2631555795669556, 'learning_rate': 1.59718026183283e-05, 'num_tokens': 45271075.0, 'mean_token_accuracy': 0.8976822599768639, 'epoch': 0.68}
{'loss': 0.3501, 'grad_norm': 1.2133020162582397, 'learning_rate': 1.5955018462571335e-05, 'num_tokens': 45436794.0, 'mean_token_accuracy': 0.8948567599058151, 'epoch': 0.68}
{'loss': 0.3324, 'grad_norm': 1.6856635808944702, 'learning_rate': 1.5938234306814367e-05, 'num_tokens': 45605270.0, 'mean_token_accuracy': 0.8958660788834095, 'epoch': 0.68}
{'loss': 0.3385, 'grad_norm': 1.5970008373260498, 'learning_rate': 1.5921450151057403e-05, 'num_tokens': 45772381.0, 'mean_token_accuracy': 0.8963781952857971, 'epoch': 0.68}
{'loss': 0.3449, 'grad_norm': 1.4784717559814453, 'learning_rate': 1.5904665995300438e-05, 'num_tokens': 45941734.0, 'mean_token_accuracy': 0.895240242779255, 'epoch': 0.69}
{'loss': 0.3308, 'grad_norm': 1.2107759714126587, 'learning_rate': 1.5887881839543474e-05, 'num_tokens': 46106785.0, 'mean_token_accuracy': 0.8991530999541283, 'epoch': 0.69}
{'loss': 0.3259, 'grad_norm': 1.2372771501541138, 'learning_rate': 1.5871097683786506e-05, 'num_tokens': 46265844.0, 'mean_token_accuracy': 0.8993648953735829, 'epoch': 0.69}
{'loss': 0.3188, 'grad_norm': 1.5374587774276733, 'learning_rate': 1.5854313528029542e-05, 'num_tokens': 46428021.0, 'mean_token_accuracy': 0.9012217670679092, 'epoch': 0.69}
{'loss': 0.3359, 'grad_norm': 1.6463931798934937, 'learning_rate': 1.5837529372272574e-05, 'num_tokens': 46593571.0, 'mean_token_accuracy': 0.8949816092848778, 'epoch': 0.7}
{'loss': 0.3526, 'grad_norm': 1.3925727605819702, 'learning_rate': 1.582074521651561e-05, 'num_tokens': 46754617.0, 'mean_token_accuracy': 0.8923753514885903, 'epoch': 0.7}
{'loss': 0.3321, 'grad_norm': 1.1158264875411987, 'learning_rate': 1.5803961060758645e-05, 'num_tokens': 46921339.0, 'mean_token_accuracy': 0.8976012222468853, 'epoch': 0.7}
{'loss': 0.3323, 'grad_norm': 1.4139646291732788, 'learning_rate': 1.578717690500168e-05, 'num_tokens': 47089328.0, 'mean_token_accuracy': 0.8976639546453953, 'epoch': 0.7}
{'loss': 0.3223, 'grad_norm': 1.242385983467102, 'learning_rate': 1.5770392749244713e-05, 'num_tokens': 47249084.0, 'mean_token_accuracy': 0.9011839300394058, 'epoch': 0.71}
{'loss': 0.3259, 'grad_norm': 1.4283307790756226, 'learning_rate': 1.575360859348775e-05, 'num_tokens': 47408259.0, 'mean_token_accuracy': 0.8996559143066406, 'epoch': 0.71}
{'loss': 0.3285, 'grad_norm': 1.822431206703186, 'learning_rate': 1.5736824437730785e-05, 'num_tokens': 47567984.0, 'mean_token_accuracy': 0.9001810438930988, 'epoch': 0.71}
{'loss': 0.3259, 'grad_norm': 1.0919432640075684, 'learning_rate': 1.5720040281973817e-05, 'num_tokens': 47738985.0, 'mean_token_accuracy': 0.9019759155809879, 'epoch': 0.71}
{'loss': 0.3367, 'grad_norm': 1.2373099327087402, 'learning_rate': 1.5703256126216853e-05, 'num_tokens': 47905869.0, 'mean_token_accuracy': 0.897385660558939, 'epoch': 0.72}
{'loss': 0.303, 'grad_norm': 1.4272061586380005, 'learning_rate': 1.568647197045989e-05, 'num_tokens': 48077602.0, 'mean_token_accuracy': 0.9053396366536617, 'epoch': 0.72}
{'loss': 0.3191, 'grad_norm': 1.2142913341522217, 'learning_rate': 1.566968781470292e-05, 'num_tokens': 48239791.0, 'mean_token_accuracy': 0.9015844747424125, 'epoch': 0.72}
{'loss': 0.3233, 'grad_norm': 1.5294249057769775, 'learning_rate': 1.5652903658945956e-05, 'num_tokens': 48403099.0, 'mean_token_accuracy': 0.9010334938764573, 'epoch': 0.72}
{'loss': 0.3398, 'grad_norm': 1.4166061878204346, 'learning_rate': 1.5636119503188992e-05, 'num_tokens': 48567689.0, 'mean_token_accuracy': 0.8937560223042965, 'epoch': 0.73}
{'loss': 0.3272, 'grad_norm': 1.5400429964065552, 'learning_rate': 1.5619335347432024e-05, 'num_tokens': 48726337.0, 'mean_token_accuracy': 0.9000706031918526, 'epoch': 0.73}
{'loss': 0.3285, 'grad_norm': 1.3848309516906738, 'learning_rate': 1.560255119167506e-05, 'num_tokens': 48893393.0, 'mean_token_accuracy': 0.9007887281477451, 'epoch': 0.73}
{'loss': 0.3282, 'grad_norm': 1.5348613262176514, 'learning_rate': 1.5585767035918096e-05, 'num_tokens': 49058929.0, 'mean_token_accuracy': 0.8981426171958447, 'epoch': 0.73}
{'loss': 0.3408, 'grad_norm': 1.2658882141113281, 'learning_rate': 1.556898288016113e-05, 'num_tokens': 49213410.0, 'mean_token_accuracy': 0.8945754371583462, 'epoch': 0.74}
{'loss': 0.3367, 'grad_norm': 1.4351123571395874, 'learning_rate': 1.5552198724404163e-05, 'num_tokens': 49365952.0, 'mean_token_accuracy': 0.8951650150120258, 'epoch': 0.74}
{'loss': 0.3453, 'grad_norm': 1.1722221374511719, 'learning_rate': 1.55354145686472e-05, 'num_tokens': 49527976.0, 'mean_token_accuracy': 0.8967864140868187, 'epoch': 0.74}
{'loss': 0.3335, 'grad_norm': 1.153137445449829, 'learning_rate': 1.551863041289023e-05, 'num_tokens': 49698427.0, 'mean_token_accuracy': 0.8973611041903495, 'epoch': 0.74}
{'loss': 0.3349, 'grad_norm': 1.6499693393707275, 'learning_rate': 1.5501846257133267e-05, 'num_tokens': 49871429.0, 'mean_token_accuracy': 0.8993629880249501, 'epoch': 0.74}
{'loss': 0.3504, 'grad_norm': 1.8698748350143433, 'learning_rate': 1.5485062101376303e-05, 'num_tokens': 50028080.0, 'mean_token_accuracy': 0.8937775127589702, 'epoch': 0.75}
{'loss': 0.354, 'grad_norm': 1.5471796989440918, 'learning_rate': 1.5468277945619335e-05, 'num_tokens': 50190715.0, 'mean_token_accuracy': 0.8918942272663116, 'epoch': 0.75}
{'loss': 0.3479, 'grad_norm': 1.5371569395065308, 'learning_rate': 1.545149378986237e-05, 'num_tokens': 50353839.0, 'mean_token_accuracy': 0.8926591195166111, 'epoch': 0.75}
{'loss': 0.3303, 'grad_norm': 1.6645630598068237, 'learning_rate': 1.5434709634105406e-05, 'num_tokens': 50524086.0, 'mean_token_accuracy': 0.8978364512324333, 'epoch': 0.75}
{'loss': 0.323, 'grad_norm': 1.4286941289901733, 'learning_rate': 1.5417925478348442e-05, 'num_tokens': 50681466.0, 'mean_token_accuracy': 0.8988121062517166, 'epoch': 0.76}
{'loss': 0.3197, 'grad_norm': 1.5120505094528198, 'learning_rate': 1.5401141322591474e-05, 'num_tokens': 50847910.0, 'mean_token_accuracy': 0.9020254120230675, 'epoch': 0.76}
{'loss': 0.3326, 'grad_norm': 1.5081301927566528, 'learning_rate': 1.538435716683451e-05, 'num_tokens': 51011049.0, 'mean_token_accuracy': 0.8980113625526428, 'epoch': 0.76}
{'loss': 0.3394, 'grad_norm': 1.5754812955856323, 'learning_rate': 1.5367573011077542e-05, 'num_tokens': 51169458.0, 'mean_token_accuracy': 0.8995238915085793, 'epoch': 0.76}
{'loss': 0.3368, 'grad_norm': 1.381054401397705, 'learning_rate': 1.535078885532058e-05, 'num_tokens': 51339163.0, 'mean_token_accuracy': 0.8943825118243695, 'epoch': 0.77}
{'loss': 0.3143, 'grad_norm': 1.428174614906311, 'learning_rate': 1.5334004699563613e-05, 'num_tokens': 51493854.0, 'mean_token_accuracy': 0.9027159221470356, 'epoch': 0.77}
{'loss': 0.3361, 'grad_norm': 1.5146918296813965, 'learning_rate': 1.531722054380665e-05, 'num_tokens': 51652152.0, 'mean_token_accuracy': 0.8966337040066719, 'epoch': 0.77}
{'loss': 0.335, 'grad_norm': 1.5532517433166504, 'learning_rate': 1.530043638804968e-05, 'num_tokens': 51812940.0, 'mean_token_accuracy': 0.8969588525593281, 'epoch': 0.77}
{'loss': 0.3251, 'grad_norm': 1.7790474891662598, 'learning_rate': 1.5283652232292717e-05, 'num_tokens': 51982188.0, 'mean_token_accuracy': 0.9002188451588153, 'epoch': 0.78}
{'loss': 0.3428, 'grad_norm': 2.3143506050109863, 'learning_rate': 1.5266868076535753e-05, 'num_tokens': 52134921.0, 'mean_token_accuracy': 0.8978145025670529, 'epoch': 0.78}
{'loss': 0.3242, 'grad_norm': 1.3851553201675415, 'learning_rate': 1.5250083920778787e-05, 'num_tokens': 52298368.0, 'mean_token_accuracy': 0.901168567687273, 'epoch': 0.78}
{'loss': 0.3354, 'grad_norm': 1.5098702907562256, 'learning_rate': 1.523329976502182e-05, 'num_tokens': 52468137.0, 'mean_token_accuracy': 0.8995202824473381, 'epoch': 0.78}
{'loss': 0.322, 'grad_norm': 1.3349063396453857, 'learning_rate': 1.5216515609264855e-05, 'num_tokens': 52625676.0, 'mean_token_accuracy': 0.9012529477477074, 'epoch': 0.79}
{'loss': 0.3105, 'grad_norm': 1.6411420106887817, 'learning_rate': 1.5199731453507889e-05, 'num_tokens': 52795422.0, 'mean_token_accuracy': 0.9041920818388463, 'epoch': 0.79}
{'loss': 0.3287, 'grad_norm': 1.530318021774292, 'learning_rate': 1.5182947297750926e-05, 'num_tokens': 52953677.0, 'mean_token_accuracy': 0.8999391086399555, 'epoch': 0.79}
{'loss': 0.3179, 'grad_norm': 1.3569588661193848, 'learning_rate': 1.516616314199396e-05, 'num_tokens': 53121975.0, 'mean_token_accuracy': 0.9011322408914566, 'epoch': 0.79}
{'loss': 0.3071, 'grad_norm': 1.278493881225586, 'learning_rate': 1.5149378986236994e-05, 'num_tokens': 53289293.0, 'mean_token_accuracy': 0.904397651553154, 'epoch': 0.8}
{'loss': 0.3357, 'grad_norm': 1.3824211359024048, 'learning_rate': 1.5132594830480028e-05, 'num_tokens': 53452008.0, 'mean_token_accuracy': 0.8978665180504322, 'epoch': 0.8}
{'loss': 0.3224, 'grad_norm': 1.7698627710342407, 'learning_rate': 1.5115810674723063e-05, 'num_tokens': 53610560.0, 'mean_token_accuracy': 0.9036885671317577, 'epoch': 0.8}
{'loss': 0.3179, 'grad_norm': 1.7772818803787231, 'learning_rate': 1.5099026518966097e-05, 'num_tokens': 53772344.0, 'mean_token_accuracy': 0.9058285318315029, 'epoch': 0.8}
{'loss': 0.3221, 'grad_norm': 1.514776349067688, 'learning_rate': 1.5082242363209131e-05, 'num_tokens': 53930976.0, 'mean_token_accuracy': 0.9033806338906288, 'epoch': 0.81}
{'loss': 0.3323, 'grad_norm': 1.4467417001724243, 'learning_rate': 1.5065458207452165e-05, 'num_tokens': 54084282.0, 'mean_token_accuracy': 0.9008780345320702, 'epoch': 0.81}
{'loss': 0.3066, 'grad_norm': 1.2901358604431152, 'learning_rate': 1.50486740516952e-05, 'num_tokens': 54251785.0, 'mean_token_accuracy': 0.9041822612285614, 'epoch': 0.81}
{'loss': 0.3369, 'grad_norm': 1.2948987483978271, 'learning_rate': 1.5031889895938237e-05, 'num_tokens': 54410432.0, 'mean_token_accuracy': 0.8989525087177753, 'epoch': 0.81}
{'loss': 0.3055, 'grad_norm': 1.419107437133789, 'learning_rate': 1.501510574018127e-05, 'num_tokens': 54576950.0, 'mean_token_accuracy': 0.9064105607569217, 'epoch': 0.82}
{'loss': 0.3228, 'grad_norm': 1.638853907585144, 'learning_rate': 1.4998321584424305e-05, 'num_tokens': 54739386.0, 'mean_token_accuracy': 0.9011019796133042, 'epoch': 0.82}
{'loss': 0.3221, 'grad_norm': 1.4075254201889038, 'learning_rate': 1.4981537428667339e-05, 'num_tokens': 54910282.0, 'mean_token_accuracy': 0.9016438081860543, 'epoch': 0.82}
{'loss': 0.308, 'grad_norm': 1.5301284790039062, 'learning_rate': 1.4964753272910373e-05, 'num_tokens': 55073588.0, 'mean_token_accuracy': 0.9056846842169761, 'epoch': 0.82}
{'loss': 0.3346, 'grad_norm': 1.3877395391464233, 'learning_rate': 1.494796911715341e-05, 'num_tokens': 55235112.0, 'mean_token_accuracy': 0.89870790168643, 'epoch': 0.83}
{'loss': 0.3228, 'grad_norm': 1.2884987592697144, 'learning_rate': 1.4931184961396444e-05, 'num_tokens': 55396232.0, 'mean_token_accuracy': 0.9016471274197102, 'epoch': 0.83}
{'loss': 0.3235, 'grad_norm': 1.311373233795166, 'learning_rate': 1.4914400805639478e-05, 'num_tokens': 55561642.0, 'mean_token_accuracy': 0.9006583735346794, 'epoch': 0.83}
{'loss': 0.3021, 'grad_norm': 1.2874572277069092, 'learning_rate': 1.4897616649882512e-05, 'num_tokens': 55724043.0, 'mean_token_accuracy': 0.9056621983647346, 'epoch': 0.83}
{'loss': 0.3223, 'grad_norm': 1.5057395696640015, 'learning_rate': 1.4880832494125547e-05, 'num_tokens': 55886839.0, 'mean_token_accuracy': 0.9016524679958821, 'epoch': 0.84}
{'loss': 0.3282, 'grad_norm': 1.2764105796813965, 'learning_rate': 1.4864048338368581e-05, 'num_tokens': 56048483.0, 'mean_token_accuracy': 0.9031250573694706, 'epoch': 0.84}
{'loss': 0.3179, 'grad_norm': 1.8963098526000977, 'learning_rate': 1.4847264182611615e-05, 'num_tokens': 56205903.0, 'mean_token_accuracy': 0.9049500532448291, 'epoch': 0.84}
{'loss': 0.337, 'grad_norm': 1.3410837650299072, 'learning_rate': 1.483048002685465e-05, 'num_tokens': 56378002.0, 'mean_token_accuracy': 0.8982362605631351, 'epoch': 0.84}
{'loss': 0.3064, 'grad_norm': 1.963737964630127, 'learning_rate': 1.4813695871097683e-05, 'num_tokens': 56545807.0, 'mean_token_accuracy': 0.9059136651456356, 'epoch': 0.85}
{'loss': 0.3066, 'grad_norm': 1.2098243236541748, 'learning_rate': 1.479691171534072e-05, 'num_tokens': 56716161.0, 'mean_token_accuracy': 0.9041663475334645, 'epoch': 0.85}
{'loss': 0.301, 'grad_norm': 1.182084321975708, 'learning_rate': 1.4780127559583755e-05, 'num_tokens': 56887682.0, 'mean_token_accuracy': 0.9065148130059242, 'epoch': 0.85}
{'loss': 0.3179, 'grad_norm': 1.6224589347839355, 'learning_rate': 1.4763343403826789e-05, 'num_tokens': 57047106.0, 'mean_token_accuracy': 0.9033946596086025, 'epoch': 0.85}
{'loss': 0.3242, 'grad_norm': 1.3498793840408325, 'learning_rate': 1.4746559248069823e-05, 'num_tokens': 57208111.0, 'mean_token_accuracy': 0.9034420646727085, 'epoch': 0.85}
{'loss': 0.3279, 'grad_norm': 1.3005342483520508, 'learning_rate': 1.4729775092312857e-05, 'num_tokens': 57372808.0, 'mean_token_accuracy': 0.9037487663328647, 'epoch': 0.86}
{'loss': 0.3134, 'grad_norm': 1.296631097793579, 'learning_rate': 1.4712990936555894e-05, 'num_tokens': 57533030.0, 'mean_token_accuracy': 0.9027568534016609, 'epoch': 0.86}
{'loss': 0.3036, 'grad_norm': 1.5330406427383423, 'learning_rate': 1.4696206780798928e-05, 'num_tokens': 57698340.0, 'mean_token_accuracy': 0.9077829614281654, 'epoch': 0.86}
{'loss': 0.2777, 'grad_norm': 1.368484377861023, 'learning_rate': 1.4679422625041962e-05, 'num_tokens': 57868625.0, 'mean_token_accuracy': 0.9126056917011738, 'epoch': 0.86}
{'loss': 0.343, 'grad_norm': 1.6447561979293823, 'learning_rate': 1.4662638469284996e-05, 'num_tokens': 58027981.0, 'mean_token_accuracy': 0.898708176612854, 'epoch': 0.87}
{'loss': 0.2987, 'grad_norm': 1.9587771892547607, 'learning_rate': 1.4645854313528031e-05, 'num_tokens': 58192776.0, 'mean_token_accuracy': 0.9095094315707684, 'epoch': 0.87}
{'loss': 0.2934, 'grad_norm': 1.2969285249710083, 'learning_rate': 1.4629070157771065e-05, 'num_tokens': 58364105.0, 'mean_token_accuracy': 0.9092567779123784, 'epoch': 0.87}
{'loss': 0.3086, 'grad_norm': 1.4401557445526123, 'learning_rate': 1.46122860020141e-05, 'num_tokens': 58531033.0, 'mean_token_accuracy': 0.9060109965503216, 'epoch': 0.87}
{'loss': 0.311, 'grad_norm': 1.7497762441635132, 'learning_rate': 1.4595501846257133e-05, 'num_tokens': 58695768.0, 'mean_token_accuracy': 0.9052784986793995, 'epoch': 0.88}
{'loss': 0.3396, 'grad_norm': 1.564266562461853, 'learning_rate': 1.4578717690500169e-05, 'num_tokens': 58855295.0, 'mean_token_accuracy': 0.8965994626283645, 'epoch': 0.88}
{'loss': 0.3291, 'grad_norm': 1.335869550704956, 'learning_rate': 1.4561933534743205e-05, 'num_tokens': 59020458.0, 'mean_token_accuracy': 0.9007616311311721, 'epoch': 0.88}
{'loss': 0.3178, 'grad_norm': 1.4537156820297241, 'learning_rate': 1.4545149378986239e-05, 'num_tokens': 59178620.0, 'mean_token_accuracy': 0.90165541395545, 'epoch': 0.88}
{'loss': 0.2949, 'grad_norm': 1.1428300142288208, 'learning_rate': 1.4528365223229273e-05, 'num_tokens': 59345453.0, 'mean_token_accuracy': 0.9093387179076672, 'epoch': 0.89}
{'loss': 0.3108, 'grad_norm': 1.7123161554336548, 'learning_rate': 1.4511581067472307e-05, 'num_tokens': 59515017.0, 'mean_token_accuracy': 0.9027358941733837, 'epoch': 0.89}
{'loss': 0.2978, 'grad_norm': 1.3476099967956543, 'learning_rate': 1.449479691171534e-05, 'num_tokens': 59679504.0, 'mean_token_accuracy': 0.909343259781599, 'epoch': 0.89}
{'loss': 0.3142, 'grad_norm': 1.4458847045898438, 'learning_rate': 1.4478012755958378e-05, 'num_tokens': 59846262.0, 'mean_token_accuracy': 0.9030691727995872, 'epoch': 0.89}
{'loss': 0.2994, 'grad_norm': 1.3353564739227295, 'learning_rate': 1.4461228600201412e-05, 'num_tokens': 60010388.0, 'mean_token_accuracy': 0.9093777276575565, 'epoch': 0.9}
{'loss': 0.3141, 'grad_norm': 2.300255537033081, 'learning_rate': 1.4444444444444446e-05, 'num_tokens': 60183500.0, 'mean_token_accuracy': 0.9042391531169415, 'epoch': 0.9}
{'loss': 0.2983, 'grad_norm': 1.349584937095642, 'learning_rate': 1.442766028868748e-05, 'num_tokens': 60346938.0, 'mean_token_accuracy': 0.9103760071098804, 'epoch': 0.9}
{'loss': 0.3093, 'grad_norm': 1.8472944498062134, 'learning_rate': 1.4410876132930515e-05, 'num_tokens': 60506737.0, 'mean_token_accuracy': 0.9064123995602131, 'epoch': 0.9}
{'loss': 0.2943, 'grad_norm': 1.3379111289978027, 'learning_rate': 1.439409197717355e-05, 'num_tokens': 60670625.0, 'mean_token_accuracy': 0.909267570823431, 'epoch': 0.91}
{'loss': 0.3217, 'grad_norm': 1.7834084033966064, 'learning_rate': 1.4377307821416583e-05, 'num_tokens': 60825630.0, 'mean_token_accuracy': 0.9032209269702435, 'epoch': 0.91}
{'loss': 0.3149, 'grad_norm': 1.4035536050796509, 'learning_rate': 1.4360523665659617e-05, 'num_tokens': 60992272.0, 'mean_token_accuracy': 0.9034396857023239, 'epoch': 0.91}
{'loss': 0.303, 'grad_norm': 1.4475082159042358, 'learning_rate': 1.4343739509902653e-05, 'num_tokens': 61158533.0, 'mean_token_accuracy': 0.9077358424663544, 'epoch': 0.91}
{'loss': 0.2997, 'grad_norm': 1.3510537147521973, 'learning_rate': 1.4326955354145689e-05, 'num_tokens': 61327088.0, 'mean_token_accuracy': 0.908933337777853, 'epoch': 0.92}
{'loss': 0.3247, 'grad_norm': 1.471047282218933, 'learning_rate': 1.4310171198388723e-05, 'num_tokens': 61490328.0, 'mean_token_accuracy': 0.9005858562886715, 'epoch': 0.92}
{'loss': 0.3271, 'grad_norm': 1.8167061805725098, 'learning_rate': 1.4293387042631757e-05, 'num_tokens': 61642938.0, 'mean_token_accuracy': 0.9036493569612503, 'epoch': 0.92}
{'loss': 0.3066, 'grad_norm': 1.266039490699768, 'learning_rate': 1.427660288687479e-05, 'num_tokens': 61805765.0, 'mean_token_accuracy': 0.9072516396641731, 'epoch': 0.92}
{'loss': 0.295, 'grad_norm': 1.6059038639068604, 'learning_rate': 1.4259818731117825e-05, 'num_tokens': 61961364.0, 'mean_token_accuracy': 0.9090972043573856, 'epoch': 0.93}
{'loss': 0.3113, 'grad_norm': 1.3434712886810303, 'learning_rate': 1.4243034575360862e-05, 'num_tokens': 62126862.0, 'mean_token_accuracy': 0.9044237643480301, 'epoch': 0.93}
{'loss': 0.2937, 'grad_norm': 1.224194049835205, 'learning_rate': 1.4226250419603896e-05, 'num_tokens': 62296358.0, 'mean_token_accuracy': 0.9099089801311493, 'epoch': 0.93}
{'loss': 0.3044, 'grad_norm': 1.5158894062042236, 'learning_rate': 1.420946626384693e-05, 'num_tokens': 62458301.0, 'mean_token_accuracy': 0.9077909305691719, 'epoch': 0.93}
{'loss': 0.2998, 'grad_norm': 1.3667330741882324, 'learning_rate': 1.4192682108089964e-05, 'num_tokens': 62623691.0, 'mean_token_accuracy': 0.9088775016367435, 'epoch': 0.94}
{'loss': 0.3187, 'grad_norm': 1.3564856052398682, 'learning_rate': 1.4175897952333e-05, 'num_tokens': 62783746.0, 'mean_token_accuracy': 0.9029680341482162, 'epoch': 0.94}
{'loss': 0.3187, 'grad_norm': 1.8339729309082031, 'learning_rate': 1.4159113796576033e-05, 'num_tokens': 62949660.0, 'mean_token_accuracy': 0.903081837296486, 'epoch': 0.94}
{'loss': 0.3106, 'grad_norm': 1.461141586303711, 'learning_rate': 1.4142329640819067e-05, 'num_tokens': 63107926.0, 'mean_token_accuracy': 0.9069269478321076, 'epoch': 0.94}
{'loss': 0.3015, 'grad_norm': 1.601702094078064, 'learning_rate': 1.4125545485062101e-05, 'num_tokens': 63263052.0, 'mean_token_accuracy': 0.9079785242676734, 'epoch': 0.95}
{'loss': 0.2941, 'grad_norm': 1.403597116470337, 'learning_rate': 1.4108761329305137e-05, 'num_tokens': 63430716.0, 'mean_token_accuracy': 0.9099511913955212, 'epoch': 0.95}
{'loss': 0.2978, 'grad_norm': 1.4634836912155151, 'learning_rate': 1.4091977173548173e-05, 'num_tokens': 63589575.0, 'mean_token_accuracy': 0.9087374277412892, 'epoch': 0.95}
{'loss': 0.3013, 'grad_norm': 1.3347116708755493, 'learning_rate': 1.4075193017791207e-05, 'num_tokens': 63750900.0, 'mean_token_accuracy': 0.9085580267012119, 'epoch': 0.95}
{'loss': 0.3057, 'grad_norm': 1.696022391319275, 'learning_rate': 1.405840886203424e-05, 'num_tokens': 63916119.0, 'mean_token_accuracy': 0.906775525957346, 'epoch': 0.95}
{'loss': 0.2964, 'grad_norm': 1.393694519996643, 'learning_rate': 1.4041624706277275e-05, 'num_tokens': 64083788.0, 'mean_token_accuracy': 0.9091851457953453, 'epoch': 0.96}
{'loss': 0.3052, 'grad_norm': 1.5705403089523315, 'learning_rate': 1.4024840550520309e-05, 'num_tokens': 64244002.0, 'mean_token_accuracy': 0.9065381214022636, 'epoch': 0.96}
{'loss': 0.3212, 'grad_norm': 1.65972900390625, 'learning_rate': 1.4008056394763346e-05, 'num_tokens': 64414193.0, 'mean_token_accuracy': 0.9019306488335133, 'epoch': 0.96}
{'loss': 0.3111, 'grad_norm': 1.2829893827438354, 'learning_rate': 1.399127223900638e-05, 'num_tokens': 64577594.0, 'mean_token_accuracy': 0.9070729821920395, 'epoch': 0.96}
{'loss': 0.308, 'grad_norm': 1.5764003992080688, 'learning_rate': 1.3974488083249414e-05, 'num_tokens': 64734909.0, 'mean_token_accuracy': 0.9087211787700653, 'epoch': 0.97}
{'loss': 0.2981, 'grad_norm': 2.1232857704162598, 'learning_rate': 1.3957703927492448e-05, 'num_tokens': 64900475.0, 'mean_token_accuracy': 0.909160703420639, 'epoch': 0.97}
{'loss': 0.2999, 'grad_norm': 1.2298864126205444, 'learning_rate': 1.3940919771735483e-05, 'num_tokens': 65073431.0, 'mean_token_accuracy': 0.907481848448515, 'epoch': 0.97}
{'loss': 0.3181, 'grad_norm': 1.5103932619094849, 'learning_rate': 1.3924135615978517e-05, 'num_tokens': 65232473.0, 'mean_token_accuracy': 0.9054716780781746, 'epoch': 0.97}
{'loss': 0.3024, 'grad_norm': 1.596339225769043, 'learning_rate': 1.3907351460221551e-05, 'num_tokens': 65388580.0, 'mean_token_accuracy': 0.9094512090086937, 'epoch': 0.98}
{'loss': 0.3031, 'grad_norm': 1.1717181205749512, 'learning_rate': 1.3890567304464585e-05, 'num_tokens': 65544118.0, 'mean_token_accuracy': 0.9067407384514808, 'epoch': 0.98}
{'loss': 0.3107, 'grad_norm': 1.2577645778656006, 'learning_rate': 1.3873783148707621e-05, 'num_tokens': 65707453.0, 'mean_token_accuracy': 0.9055561646819115, 'epoch': 0.98}
{'loss': 0.2995, 'grad_norm': 1.8844231367111206, 'learning_rate': 1.3856998992950657e-05, 'num_tokens': 65865563.0, 'mean_token_accuracy': 0.9075866475701332, 'epoch': 0.98}
{'loss': 0.2896, 'grad_norm': 1.4506081342697144, 'learning_rate': 1.384021483719369e-05, 'num_tokens': 66023714.0, 'mean_token_accuracy': 0.9109668225049973, 'epoch': 0.99}
{'loss': 0.2841, 'grad_norm': 1.5036158561706543, 'learning_rate': 1.3823430681436725e-05, 'num_tokens': 66181658.0, 'mean_token_accuracy': 0.9100725457072258, 'epoch': 0.99}
{'loss': 0.2971, 'grad_norm': 1.353907585144043, 'learning_rate': 1.3806646525679759e-05, 'num_tokens': 66354087.0, 'mean_token_accuracy': 0.9081231907010079, 'epoch': 0.99}
{'loss': 0.2822, 'grad_norm': 1.6127859354019165, 'learning_rate': 1.3789862369922792e-05, 'num_tokens': 66518975.0, 'mean_token_accuracy': 0.9129329964518547, 'epoch': 0.99}
{'loss': 0.2942, 'grad_norm': 1.40878164768219, 'learning_rate': 1.377307821416583e-05, 'num_tokens': 66688060.0, 'mean_token_accuracy': 0.9100379541516304, 'epoch': 1.0}
{'loss': 0.2822, 'grad_norm': 1.3589305877685547, 'learning_rate': 1.3756294058408864e-05, 'num_tokens': 66847392.0, 'mean_token_accuracy': 0.9150257647037506, 'epoch': 1.0}
{'loss': 0.256, 'grad_norm': 1.2872684001922607, 'learning_rate': 1.3739509902651898e-05, 'num_tokens': 67001400.0, 'mean_token_accuracy': 0.9215113345781962, 'epoch': 1.0}
{'loss': 0.2173, 'grad_norm': 1.7060787677764893, 'learning_rate': 1.3722725746894932e-05, 'num_tokens': 67171359.0, 'mean_token_accuracy': 0.9320587247610093, 'epoch': 1.0}
{'loss': 0.2268, 'grad_norm': 1.3711965084075928, 'learning_rate': 1.3705941591137967e-05, 'num_tokens': 67333066.0, 'mean_token_accuracy': 0.9271041579544544, 'epoch': 1.01}
{'loss': 0.2119, 'grad_norm': 1.6850241422653198, 'learning_rate': 1.3689157435381001e-05, 'num_tokens': 67489405.0, 'mean_token_accuracy': 0.9316844873130321, 'epoch': 1.01}
{'loss': 0.2218, 'grad_norm': 1.516443133354187, 'learning_rate': 1.3672373279624035e-05, 'num_tokens': 67649156.0, 'mean_token_accuracy': 0.9297335758805275, 'epoch': 1.01}
{'loss': 0.2203, 'grad_norm': 1.5811116695404053, 'learning_rate': 1.365558912386707e-05, 'num_tokens': 67807289.0, 'mean_token_accuracy': 0.9296248652040958, 'epoch': 1.01}
{'loss': 0.224, 'grad_norm': 1.3048486709594727, 'learning_rate': 1.3638804968110105e-05, 'num_tokens': 67972894.0, 'mean_token_accuracy': 0.9298528820276261, 'epoch': 1.02}
{'loss': 0.2102, 'grad_norm': 1.6661574840545654, 'learning_rate': 1.362202081235314e-05, 'num_tokens': 68142406.0, 'mean_token_accuracy': 0.9314950339496135, 'epoch': 1.02}
{'loss': 0.2189, 'grad_norm': 1.287392020225525, 'learning_rate': 1.3605236656596175e-05, 'num_tokens': 68307498.0, 'mean_token_accuracy': 0.9303590878844261, 'epoch': 1.02}
{'loss': 0.2113, 'grad_norm': 1.4926645755767822, 'learning_rate': 1.3588452500839209e-05, 'num_tokens': 68465748.0, 'mean_token_accuracy': 0.9342870108783246, 'epoch': 1.02}
{'loss': 0.2268, 'grad_norm': 1.5831520557403564, 'learning_rate': 1.3571668345082243e-05, 'num_tokens': 68625876.0, 'mean_token_accuracy': 0.9305019654333592, 'epoch': 1.03}
{'loss': 0.2064, 'grad_norm': 1.295941710472107, 'learning_rate': 1.3554884189325276e-05, 'num_tokens': 68787460.0, 'mean_token_accuracy': 0.9342369042336941, 'epoch': 1.03}
{'loss': 0.2173, 'grad_norm': 1.2585853338241577, 'learning_rate': 1.3538100033568314e-05, 'num_tokens': 68953943.0, 'mean_token_accuracy': 0.9314683973789215, 'epoch': 1.03}
{'loss': 0.2191, 'grad_norm': 1.3302252292633057, 'learning_rate': 1.3521315877811348e-05, 'num_tokens': 69118699.0, 'mean_token_accuracy': 0.9315851263701915, 'epoch': 1.03}
{'loss': 0.2111, 'grad_norm': 1.414777159690857, 'learning_rate': 1.3504531722054382e-05, 'num_tokens': 69280192.0, 'mean_token_accuracy': 0.9332554161548614, 'epoch': 1.04}
{'loss': 0.2211, 'grad_norm': 1.6140251159667969, 'learning_rate': 1.3487747566297416e-05, 'num_tokens': 69447179.0, 'mean_token_accuracy': 0.9299451984465122, 'epoch': 1.04}
{'loss': 0.211, 'grad_norm': 1.3714982271194458, 'learning_rate': 1.3470963410540451e-05, 'num_tokens': 69613996.0, 'mean_token_accuracy': 0.9326837189495564, 'epoch': 1.04}
{'loss': 0.2129, 'grad_norm': 1.393028736114502, 'learning_rate': 1.3454179254783485e-05, 'num_tokens': 69781489.0, 'mean_token_accuracy': 0.9332942754030228, 'epoch': 1.04}
{'loss': 0.1948, 'grad_norm': 1.6285583972930908, 'learning_rate': 1.343739509902652e-05, 'num_tokens': 69942928.0, 'mean_token_accuracy': 0.9375707797706128, 'epoch': 1.05}
{'loss': 0.2207, 'grad_norm': 1.1153644323349, 'learning_rate': 1.3420610943269555e-05, 'num_tokens': 70116418.0, 'mean_token_accuracy': 0.9299311764538288, 'epoch': 1.05}
{'loss': 0.2171, 'grad_norm': 1.6176261901855469, 'learning_rate': 1.3403826787512589e-05, 'num_tokens': 70277189.0, 'mean_token_accuracy': 0.9308210574090481, 'epoch': 1.05}
{'loss': 0.2301, 'grad_norm': 1.5240881443023682, 'learning_rate': 1.3387042631755625e-05, 'num_tokens': 70449134.0, 'mean_token_accuracy': 0.9266226023435593, 'epoch': 1.05}
{'loss': 0.2132, 'grad_norm': 1.6810764074325562, 'learning_rate': 1.3370258475998659e-05, 'num_tokens': 70605994.0, 'mean_token_accuracy': 0.9330011330544948, 'epoch': 1.05}
{'loss': 0.2095, 'grad_norm': 1.1998751163482666, 'learning_rate': 1.3353474320241693e-05, 'num_tokens': 70775413.0, 'mean_token_accuracy': 0.9316631190478801, 'epoch': 1.06}
{'loss': 0.2232, 'grad_norm': 1.6501566171646118, 'learning_rate': 1.3336690164484727e-05, 'num_tokens': 70931875.0, 'mean_token_accuracy': 0.9288951270282269, 'epoch': 1.06}
{'loss': 0.213, 'grad_norm': 1.5780068635940552, 'learning_rate': 1.3319906008727764e-05, 'num_tokens': 71096200.0, 'mean_token_accuracy': 0.9329863250255584, 'epoch': 1.06}
{'loss': 0.2033, 'grad_norm': 1.4121116399765015, 'learning_rate': 1.3303121852970798e-05, 'num_tokens': 71261087.0, 'mean_token_accuracy': 0.9342059008777142, 'epoch': 1.06}
{'loss': 0.234, 'grad_norm': 1.3973621129989624, 'learning_rate': 1.3286337697213832e-05, 'num_tokens': 71426470.0, 'mean_token_accuracy': 0.9275365009903908, 'epoch': 1.07}
{'loss': 0.2228, 'grad_norm': 1.5176812410354614, 'learning_rate': 1.3269553541456866e-05, 'num_tokens': 71591130.0, 'mean_token_accuracy': 0.9289021588861942, 'epoch': 1.07}
{'loss': 0.2265, 'grad_norm': 1.7477282285690308, 'learning_rate': 1.32527693856999e-05, 'num_tokens': 71754592.0, 'mean_token_accuracy': 0.9290225453674793, 'epoch': 1.07}
{'loss': 0.1983, 'grad_norm': 1.2375516891479492, 'learning_rate': 1.3235985229942935e-05, 'num_tokens': 71918185.0, 'mean_token_accuracy': 0.9341190189123154, 'epoch': 1.07}
{'loss': 0.224, 'grad_norm': 1.3531783819198608, 'learning_rate': 1.321920107418597e-05, 'num_tokens': 72082949.0, 'mean_token_accuracy': 0.9307923227548599, 'epoch': 1.08}
{'loss': 0.2253, 'grad_norm': 1.2942951917648315, 'learning_rate': 1.3202416918429003e-05, 'num_tokens': 72249144.0, 'mean_token_accuracy': 0.9288842134177685, 'epoch': 1.08}
{'loss': 0.2154, 'grad_norm': 1.3110994100570679, 'learning_rate': 1.3185632762672039e-05, 'num_tokens': 72423074.0, 'mean_token_accuracy': 0.9301288172602653, 'epoch': 1.08}
{'loss': 0.2174, 'grad_norm': 1.2282453775405884, 'learning_rate': 1.3168848606915073e-05, 'num_tokens': 72581546.0, 'mean_token_accuracy': 0.9317146584391593, 'epoch': 1.08}
{'loss': 0.218, 'grad_norm': 1.1482008695602417, 'learning_rate': 1.3152064451158109e-05, 'num_tokens': 72746317.0, 'mean_token_accuracy': 0.9307388238608837, 'epoch': 1.09}
{'loss': 0.2178, 'grad_norm': 1.4184132814407349, 'learning_rate': 1.3135280295401143e-05, 'num_tokens': 72908281.0, 'mean_token_accuracy': 0.9306518204510212, 'epoch': 1.09}
{'loss': 0.2199, 'grad_norm': 1.0957087278366089, 'learning_rate': 1.3118496139644177e-05, 'num_tokens': 73070862.0, 'mean_token_accuracy': 0.9317683301866054, 'epoch': 1.09}
{'loss': 0.2129, 'grad_norm': 1.251927375793457, 'learning_rate': 1.310171198388721e-05, 'num_tokens': 73235937.0, 'mean_token_accuracy': 0.9322975434362888, 'epoch': 1.09}
{'loss': 0.2094, 'grad_norm': 1.3510888814926147, 'learning_rate': 1.3084927828130248e-05, 'num_tokens': 73405224.0, 'mean_token_accuracy': 0.9313918597996235, 'epoch': 1.1}
{'loss': 0.2106, 'grad_norm': 1.4065536260604858, 'learning_rate': 1.3068143672373282e-05, 'num_tokens': 73567599.0, 'mean_token_accuracy': 0.9347616732120514, 'epoch': 1.1}
{'loss': 0.2272, 'grad_norm': 1.7700307369232178, 'learning_rate': 1.3051359516616316e-05, 'num_tokens': 73723170.0, 'mean_token_accuracy': 0.9280839212238788, 'epoch': 1.1}
{'loss': 0.2145, 'grad_norm': 1.4331473112106323, 'learning_rate': 1.303457536085935e-05, 'num_tokens': 73887400.0, 'mean_token_accuracy': 0.9322368435561657, 'epoch': 1.1}
{'loss': 0.2105, 'grad_norm': 1.5950977802276611, 'learning_rate': 1.3017791205102384e-05, 'num_tokens': 74049192.0, 'mean_token_accuracy': 0.9330347627401352, 'epoch': 1.11}
{'loss': 0.2119, 'grad_norm': 1.4748520851135254, 'learning_rate': 1.300100704934542e-05, 'num_tokens': 74212275.0, 'mean_token_accuracy': 0.9336730271577836, 'epoch': 1.11}
{'loss': 0.2092, 'grad_norm': 1.7342811822891235, 'learning_rate': 1.2984222893588453e-05, 'num_tokens': 74370937.0, 'mean_token_accuracy': 0.9339278273284435, 'epoch': 1.11}
{'loss': 0.2309, 'grad_norm': 1.2311105728149414, 'learning_rate': 1.2967438737831487e-05, 'num_tokens': 74536813.0, 'mean_token_accuracy': 0.9283122017979621, 'epoch': 1.11}
{'loss': 0.2109, 'grad_norm': 1.4465173482894897, 'learning_rate': 1.2950654582074523e-05, 'num_tokens': 74710972.0, 'mean_token_accuracy': 0.9306053057312965, 'epoch': 1.12}
{'loss': 0.208, 'grad_norm': 1.249293565750122, 'learning_rate': 1.2933870426317557e-05, 'num_tokens': 74864919.0, 'mean_token_accuracy': 0.9356572963297367, 'epoch': 1.12}
{'loss': 0.2242, 'grad_norm': 1.4361377954483032, 'learning_rate': 1.2917086270560593e-05, 'num_tokens': 75034594.0, 'mean_token_accuracy': 0.9302635967731476, 'epoch': 1.12}
{'loss': 0.2257, 'grad_norm': 1.2527941465377808, 'learning_rate': 1.2900302114803627e-05, 'num_tokens': 75201584.0, 'mean_token_accuracy': 0.9297878213226796, 'epoch': 1.12}
{'loss': 0.2043, 'grad_norm': 1.5669848918914795, 'learning_rate': 1.288351795904666e-05, 'num_tokens': 75369099.0, 'mean_token_accuracy': 0.935300526022911, 'epoch': 1.13}
{'loss': 0.2237, 'grad_norm': 1.372183918952942, 'learning_rate': 1.2866733803289694e-05, 'num_tokens': 75527776.0, 'mean_token_accuracy': 0.9303592205047607, 'epoch': 1.13}
{'loss': 0.218, 'grad_norm': 1.2075635194778442, 'learning_rate': 1.2849949647532732e-05, 'num_tokens': 75689390.0, 'mean_token_accuracy': 0.9312355555593967, 'epoch': 1.13}
{'loss': 0.2309, 'grad_norm': 1.3672558069229126, 'learning_rate': 1.2833165491775766e-05, 'num_tokens': 75852033.0, 'mean_token_accuracy': 0.9281511716544628, 'epoch': 1.13}
{'loss': 0.2158, 'grad_norm': 1.7314856052398682, 'learning_rate': 1.28163813360188e-05, 'num_tokens': 76016775.0, 'mean_token_accuracy': 0.9321018412709237, 'epoch': 1.14}
{'loss': 0.2223, 'grad_norm': 1.353943943977356, 'learning_rate': 1.2799597180261834e-05, 'num_tokens': 76179375.0, 'mean_token_accuracy': 0.9292959950864315, 'epoch': 1.14}
{'loss': 0.2037, 'grad_norm': 1.5289421081542969, 'learning_rate': 1.2782813024504868e-05, 'num_tokens': 76341911.0, 'mean_token_accuracy': 0.934329179674387, 'epoch': 1.14}
{'loss': 0.2074, 'grad_norm': 1.398199439048767, 'learning_rate': 1.2766028868747903e-05, 'num_tokens': 76505306.0, 'mean_token_accuracy': 0.9337215289473534, 'epoch': 1.14}
{'loss': 0.2175, 'grad_norm': 1.4037747383117676, 'learning_rate': 1.2749244712990937e-05, 'num_tokens': 76666532.0, 'mean_token_accuracy': 0.9317231938242913, 'epoch': 1.15}
{'loss': 0.2341, 'grad_norm': 1.5355778932571411, 'learning_rate': 1.2732460557233971e-05, 'num_tokens': 76833272.0, 'mean_token_accuracy': 0.9271113879978656, 'epoch': 1.15}
{'loss': 0.2307, 'grad_norm': 1.4906249046325684, 'learning_rate': 1.2715676401477007e-05, 'num_tokens': 76992976.0, 'mean_token_accuracy': 0.9288254395127297, 'epoch': 1.15}
{'loss': 0.2151, 'grad_norm': 1.285323977470398, 'learning_rate': 1.2698892245720041e-05, 'num_tokens': 77154281.0, 'mean_token_accuracy': 0.9304935082793235, 'epoch': 1.15}
{'loss': 0.2202, 'grad_norm': 1.497214436531067, 'learning_rate': 1.2682108089963077e-05, 'num_tokens': 77317795.0, 'mean_token_accuracy': 0.9309251390397548, 'epoch': 1.16}
{'loss': 0.2304, 'grad_norm': 1.56167733669281, 'learning_rate': 1.266532393420611e-05, 'num_tokens': 77482184.0, 'mean_token_accuracy': 0.9265567556023597, 'epoch': 1.16}
{'loss': 0.225, 'grad_norm': 1.5181466341018677, 'learning_rate': 1.2648539778449144e-05, 'num_tokens': 77645052.0, 'mean_token_accuracy': 0.9287010349333287, 'epoch': 1.16}
{'loss': 0.2066, 'grad_norm': 1.4095196723937988, 'learning_rate': 1.2631755622692178e-05, 'num_tokens': 77809416.0, 'mean_token_accuracy': 0.9315924637019635, 'epoch': 1.16}
{'loss': 0.2131, 'grad_norm': 1.243263602256775, 'learning_rate': 1.2614971466935216e-05, 'num_tokens': 77977623.0, 'mean_token_accuracy': 0.9329393669962883, 'epoch': 1.16}
{'loss': 0.2323, 'grad_norm': 1.6944303512573242, 'learning_rate': 1.259818731117825e-05, 'num_tokens': 78137098.0, 'mean_token_accuracy': 0.9258066423237323, 'epoch': 1.17}
{'loss': 0.2291, 'grad_norm': 1.7145498991012573, 'learning_rate': 1.2581403155421284e-05, 'num_tokens': 78305297.0, 'mean_token_accuracy': 0.9290642999112606, 'epoch': 1.17}
{'loss': 0.204, 'grad_norm': 1.6125208139419556, 'learning_rate': 1.2564618999664318e-05, 'num_tokens': 78470091.0, 'mean_token_accuracy': 0.9336030632257462, 'epoch': 1.17}
{'loss': 0.2194, 'grad_norm': 1.5625126361846924, 'learning_rate': 1.2547834843907352e-05, 'num_tokens': 78628042.0, 'mean_token_accuracy': 0.9309509448707104, 'epoch': 1.17}
{'loss': 0.2024, 'grad_norm': 1.3872179985046387, 'learning_rate': 1.2531050688150387e-05, 'num_tokens': 78792558.0, 'mean_token_accuracy': 0.9357137173414231, 'epoch': 1.18}
{'loss': 0.22, 'grad_norm': 1.4000773429870605, 'learning_rate': 1.2514266532393421e-05, 'num_tokens': 78959557.0, 'mean_token_accuracy': 0.9301898159086704, 'epoch': 1.18}
{'loss': 0.2204, 'grad_norm': 1.4858098030090332, 'learning_rate': 1.2497482376636457e-05, 'num_tokens': 79123834.0, 'mean_token_accuracy': 0.9294583454728127, 'epoch': 1.18}
{'loss': 0.2285, 'grad_norm': 1.3725509643554688, 'learning_rate': 1.2480698220879491e-05, 'num_tokens': 79289546.0, 'mean_token_accuracy': 0.9282399535179138, 'epoch': 1.18}
{'loss': 0.2183, 'grad_norm': 1.3602250814437866, 'learning_rate': 1.2463914065122525e-05, 'num_tokens': 79453913.0, 'mean_token_accuracy': 0.9318618446588516, 'epoch': 1.19}
{'loss': 0.2111, 'grad_norm': 1.6917661428451538, 'learning_rate': 1.244712990936556e-05, 'num_tokens': 79614522.0, 'mean_token_accuracy': 0.9319406926631928, 'epoch': 1.19}
{'loss': 0.2227, 'grad_norm': 1.2553024291992188, 'learning_rate': 1.2430345753608595e-05, 'num_tokens': 79778361.0, 'mean_token_accuracy': 0.9304249189794064, 'epoch': 1.19}
{'loss': 0.2131, 'grad_norm': 1.3159958124160767, 'learning_rate': 1.2413561597851628e-05, 'num_tokens': 79944438.0, 'mean_token_accuracy': 0.9322514593601227, 'epoch': 1.19}
{'loss': 0.2208, 'grad_norm': 1.376211166381836, 'learning_rate': 1.2396777442094662e-05, 'num_tokens': 80104799.0, 'mean_token_accuracy': 0.9299829356372357, 'epoch': 1.2}
{'loss': 0.2073, 'grad_norm': 1.3542133569717407, 'learning_rate': 1.23799932863377e-05, 'num_tokens': 80270193.0, 'mean_token_accuracy': 0.9336378917098045, 'epoch': 1.2}
{'loss': 0.221, 'grad_norm': 1.4136192798614502, 'learning_rate': 1.2363209130580734e-05, 'num_tokens': 80428004.0, 'mean_token_accuracy': 0.9316492475569248, 'epoch': 1.2}
{'loss': 0.2264, 'grad_norm': 1.28142249584198, 'learning_rate': 1.2346424974823768e-05, 'num_tokens': 80594412.0, 'mean_token_accuracy': 0.9290362194180488, 'epoch': 1.2}
{'loss': 0.2061, 'grad_norm': 1.5999224185943604, 'learning_rate': 1.2329640819066802e-05, 'num_tokens': 80758592.0, 'mean_token_accuracy': 0.9355460077524185, 'epoch': 1.21}
{'loss': 0.2088, 'grad_norm': 1.3125604391098022, 'learning_rate': 1.2312856663309836e-05, 'num_tokens': 80928917.0, 'mean_token_accuracy': 0.9336420677602291, 'epoch': 1.21}
{'loss': 0.2121, 'grad_norm': 1.4434022903442383, 'learning_rate': 1.2296072507552871e-05, 'num_tokens': 81087341.0, 'mean_token_accuracy': 0.934401173889637, 'epoch': 1.21}
{'loss': 0.2227, 'grad_norm': 1.7960952520370483, 'learning_rate': 1.2279288351795905e-05, 'num_tokens': 81255125.0, 'mean_token_accuracy': 0.9306039981544018, 'epoch': 1.21}
{'loss': 0.196, 'grad_norm': 1.6261621713638306, 'learning_rate': 1.2262504196038941e-05, 'num_tokens': 81414981.0, 'mean_token_accuracy': 0.9373100191354752, 'epoch': 1.22}
{'loss': 0.2142, 'grad_norm': 1.2834100723266602, 'learning_rate': 1.2245720040281975e-05, 'num_tokens': 81569253.0, 'mean_token_accuracy': 0.9338476344943046, 'epoch': 1.22}
{'loss': 0.23, 'grad_norm': 1.3833328485488892, 'learning_rate': 1.2228935884525009e-05, 'num_tokens': 81735197.0, 'mean_token_accuracy': 0.9303729012608528, 'epoch': 1.22}
{'loss': 0.2155, 'grad_norm': 1.4646879434585571, 'learning_rate': 1.2212151728768045e-05, 'num_tokens': 81897208.0, 'mean_token_accuracy': 0.9315335750579834, 'epoch': 1.22}
{'loss': 0.2064, 'grad_norm': 1.5137778520584106, 'learning_rate': 1.2195367573011079e-05, 'num_tokens': 82069259.0, 'mean_token_accuracy': 0.9330421589314938, 'epoch': 1.23}
{'loss': 0.2203, 'grad_norm': 1.5018872022628784, 'learning_rate': 1.2178583417254112e-05, 'num_tokens': 82237328.0, 'mean_token_accuracy': 0.9295450657606125, 'epoch': 1.23}
{'loss': 0.2126, 'grad_norm': 1.661287546157837, 'learning_rate': 1.2161799261497146e-05, 'num_tokens': 82399058.0, 'mean_token_accuracy': 0.9312317498028279, 'epoch': 1.23}
{'loss': 0.2362, 'grad_norm': 1.5785223245620728, 'learning_rate': 1.2145015105740184e-05, 'num_tokens': 82562064.0, 'mean_token_accuracy': 0.924602809548378, 'epoch': 1.23}
{'loss': 0.2029, 'grad_norm': 1.5200417041778564, 'learning_rate': 1.2128230949983218e-05, 'num_tokens': 82720089.0, 'mean_token_accuracy': 0.9349290244281292, 'epoch': 1.24}
{'loss': 0.2171, 'grad_norm': 1.4199163913726807, 'learning_rate': 1.2111446794226252e-05, 'num_tokens': 82877053.0, 'mean_token_accuracy': 0.9319308593869209, 'epoch': 1.24}
{'loss': 0.2197, 'grad_norm': 1.4473035335540771, 'learning_rate': 1.2094662638469286e-05, 'num_tokens': 83042612.0, 'mean_token_accuracy': 0.9319253839552403, 'epoch': 1.24}
{'loss': 0.2208, 'grad_norm': 1.4007858037948608, 'learning_rate': 1.207787848271232e-05, 'num_tokens': 83204432.0, 'mean_token_accuracy': 0.9318865373730659, 'epoch': 1.24}
{'loss': 0.2031, 'grad_norm': 1.6901878118515015, 'learning_rate': 1.2061094326955355e-05, 'num_tokens': 83360877.0, 'mean_token_accuracy': 0.9362319692969322, 'epoch': 1.25}
{'loss': 0.2425, 'grad_norm': 1.4491630792617798, 'learning_rate': 1.204431017119839e-05, 'num_tokens': 83518773.0, 'mean_token_accuracy': 0.928134472668171, 'epoch': 1.25}
{'loss': 0.2169, 'grad_norm': 1.458071231842041, 'learning_rate': 1.2027526015441425e-05, 'num_tokens': 83683904.0, 'mean_token_accuracy': 0.9319509744644165, 'epoch': 1.25}
{'loss': 0.2186, 'grad_norm': 1.4339599609375, 'learning_rate': 1.2010741859684459e-05, 'num_tokens': 83843457.0, 'mean_token_accuracy': 0.9314169958233833, 'epoch': 1.25}
{'loss': 0.2254, 'grad_norm': 1.3473401069641113, 'learning_rate': 1.1993957703927493e-05, 'num_tokens': 84010866.0, 'mean_token_accuracy': 0.9288601748645305, 'epoch': 1.26}
{'loss': 0.207, 'grad_norm': 1.3879426717758179, 'learning_rate': 1.1977173548170529e-05, 'num_tokens': 84163512.0, 'mean_token_accuracy': 0.9337154611945152, 'epoch': 1.26}
{'loss': 0.2086, 'grad_norm': 1.355461597442627, 'learning_rate': 1.1960389392413562e-05, 'num_tokens': 84326589.0, 'mean_token_accuracy': 0.9335407666862011, 'epoch': 1.26}
{'loss': 0.2111, 'grad_norm': 1.3355129957199097, 'learning_rate': 1.1943605236656596e-05, 'num_tokens': 84490543.0, 'mean_token_accuracy': 0.9324667781591416, 'epoch': 1.26}
{'loss': 0.2451, 'grad_norm': 8.458725929260254, 'learning_rate': 1.192682108089963e-05, 'num_tokens': 84654159.0, 'mean_token_accuracy': 0.9290991559624672, 'epoch': 1.26}
{'loss': 0.2183, 'grad_norm': 1.4364707469940186, 'learning_rate': 1.1910036925142668e-05, 'num_tokens': 84813048.0, 'mean_token_accuracy': 0.9313580095767975, 'epoch': 1.27}
{'loss': 0.2215, 'grad_norm': 1.3380635976791382, 'learning_rate': 1.1893252769385702e-05, 'num_tokens': 84982225.0, 'mean_token_accuracy': 0.9316805019974709, 'epoch': 1.27}
{'loss': 0.2097, 'grad_norm': 1.7139500379562378, 'learning_rate': 1.1876468613628736e-05, 'num_tokens': 85137141.0, 'mean_token_accuracy': 0.9328169830143451, 'epoch': 1.27}
{'loss': 0.2052, 'grad_norm': 1.54000985622406, 'learning_rate': 1.185968445787177e-05, 'num_tokens': 85301940.0, 'mean_token_accuracy': 0.9355547226965427, 'epoch': 1.27}
{'loss': 0.1959, 'grad_norm': 1.300369143486023, 'learning_rate': 1.1842900302114804e-05, 'num_tokens': 85471672.0, 'mean_token_accuracy': 0.9383301220834255, 'epoch': 1.28}
{'loss': 0.2033, 'grad_norm': 1.6103309392929077, 'learning_rate': 1.182611614635784e-05, 'num_tokens': 85631800.0, 'mean_token_accuracy': 0.9367634274065495, 'epoch': 1.28}
{'loss': 0.2124, 'grad_norm': 1.6117745637893677, 'learning_rate': 1.1809331990600873e-05, 'num_tokens': 85791957.0, 'mean_token_accuracy': 0.9341143280267715, 'epoch': 1.28}
{'loss': 0.2083, 'grad_norm': 1.75773286819458, 'learning_rate': 1.1792547834843909e-05, 'num_tokens': 85952961.0, 'mean_token_accuracy': 0.9337816454470158, 'epoch': 1.28}
{'loss': 0.2175, 'grad_norm': 1.3467628955841064, 'learning_rate': 1.1775763679086943e-05, 'num_tokens': 86111266.0, 'mean_token_accuracy': 0.9316897176206111, 'epoch': 1.29}
{'loss': 0.209, 'grad_norm': 1.3353384733200073, 'learning_rate': 1.1758979523329977e-05, 'num_tokens': 86279333.0, 'mean_token_accuracy': 0.9361322596669197, 'epoch': 1.29}
{'loss': 0.2069, 'grad_norm': 1.4895886182785034, 'learning_rate': 1.1742195367573013e-05, 'num_tokens': 86442651.0, 'mean_token_accuracy': 0.9360728807747364, 'epoch': 1.29}
{'loss': 0.2229, 'grad_norm': 1.3602083921432495, 'learning_rate': 1.1725411211816046e-05, 'num_tokens': 86610019.0, 'mean_token_accuracy': 0.9292663127183914, 'epoch': 1.29}
{'loss': 0.1977, 'grad_norm': 1.4657416343688965, 'learning_rate': 1.170862705605908e-05, 'num_tokens': 86771145.0, 'mean_token_accuracy': 0.9370332732796669, 'epoch': 1.3}
{'loss': 0.2125, 'grad_norm': 1.190878987312317, 'learning_rate': 1.1691842900302114e-05, 'num_tokens': 86934509.0, 'mean_token_accuracy': 0.932651087641716, 'epoch': 1.3}
{'loss': 0.2116, 'grad_norm': 1.9527790546417236, 'learning_rate': 1.1675058744545152e-05, 'num_tokens': 87092983.0, 'mean_token_accuracy': 0.9330954357981682, 'epoch': 1.3}
{'loss': 0.2058, 'grad_norm': 1.3279378414154053, 'learning_rate': 1.1658274588788186e-05, 'num_tokens': 87254696.0, 'mean_token_accuracy': 0.9355924464762211, 'epoch': 1.3}
{'loss': 0.205, 'grad_norm': 1.351833462715149, 'learning_rate': 1.164149043303122e-05, 'num_tokens': 87415713.0, 'mean_token_accuracy': 0.9350244238972664, 'epoch': 1.31}
{'loss': 0.2201, 'grad_norm': 1.1796996593475342, 'learning_rate': 1.1624706277274254e-05, 'num_tokens': 87577994.0, 'mean_token_accuracy': 0.9325520671904087, 'epoch': 1.31}
{'loss': 0.2058, 'grad_norm': 1.36362886428833, 'learning_rate': 1.1607922121517288e-05, 'num_tokens': 87739486.0, 'mean_token_accuracy': 0.9328365497291088, 'epoch': 1.31}
{'loss': 0.2086, 'grad_norm': 1.1463391780853271, 'learning_rate': 1.1591137965760323e-05, 'num_tokens': 87906133.0, 'mean_token_accuracy': 0.9337747357785702, 'epoch': 1.31}
{'loss': 0.2035, 'grad_norm': 1.2711862325668335, 'learning_rate': 1.1574353810003359e-05, 'num_tokens': 88057339.0, 'mean_token_accuracy': 0.9370380692183972, 'epoch': 1.32}
{'loss': 0.2248, 'grad_norm': 1.695425271987915, 'learning_rate': 1.1557569654246393e-05, 'num_tokens': 88214437.0, 'mean_token_accuracy': 0.9299530729651451, 'epoch': 1.32}
{'loss': 0.2111, 'grad_norm': 1.5004621744155884, 'learning_rate': 1.1540785498489427e-05, 'num_tokens': 88377025.0, 'mean_token_accuracy': 0.933475636690855, 'epoch': 1.32}
{'loss': 0.1987, 'grad_norm': 1.3381937742233276, 'learning_rate': 1.152400134273246e-05, 'num_tokens': 88546197.0, 'mean_token_accuracy': 0.9374225325882435, 'epoch': 1.32}
{'loss': 0.2006, 'grad_norm': 1.4887099266052246, 'learning_rate': 1.1507217186975497e-05, 'num_tokens': 88712359.0, 'mean_token_accuracy': 0.9358069017529488, 'epoch': 1.33}
{'loss': 0.2118, 'grad_norm': 1.5280725955963135, 'learning_rate': 1.149043303121853e-05, 'num_tokens': 88871851.0, 'mean_token_accuracy': 0.9325551487505436, 'epoch': 1.33}
{'loss': 0.2076, 'grad_norm': 1.6174883842468262, 'learning_rate': 1.1473648875461564e-05, 'num_tokens': 89036659.0, 'mean_token_accuracy': 0.9339556753635406, 'epoch': 1.33}
{'loss': 0.2031, 'grad_norm': 1.7701536417007446, 'learning_rate': 1.1456864719704598e-05, 'num_tokens': 89206608.0, 'mean_token_accuracy': 0.935483904927969, 'epoch': 1.33}
{'loss': 0.2107, 'grad_norm': 1.543777346611023, 'learning_rate': 1.1440080563947636e-05, 'num_tokens': 89370005.0, 'mean_token_accuracy': 0.9320822685956955, 'epoch': 1.34}
{'loss': 0.2153, 'grad_norm': 1.4208775758743286, 'learning_rate': 1.142329640819067e-05, 'num_tokens': 89531378.0, 'mean_token_accuracy': 0.9327838540077209, 'epoch': 1.34}
{'loss': 0.2043, 'grad_norm': 1.3573988676071167, 'learning_rate': 1.1406512252433704e-05, 'num_tokens': 89694129.0, 'mean_token_accuracy': 0.9359626203775406, 'epoch': 1.34}
{'loss': 0.1876, 'grad_norm': 1.372662901878357, 'learning_rate': 1.1389728096676738e-05, 'num_tokens': 89853979.0, 'mean_token_accuracy': 0.9384108670055866, 'epoch': 1.34}
{'loss': 0.2092, 'grad_norm': 1.3133435249328613, 'learning_rate': 1.1372943940919772e-05, 'num_tokens': 90016017.0, 'mean_token_accuracy': 0.9340534709393978, 'epoch': 1.35}
{'loss': 0.2008, 'grad_norm': 1.3744572401046753, 'learning_rate': 1.1356159785162807e-05, 'num_tokens': 90187210.0, 'mean_token_accuracy': 0.9339203499257565, 'epoch': 1.35}
{'loss': 0.2054, 'grad_norm': 1.1780356168746948, 'learning_rate': 1.1339375629405843e-05, 'num_tokens': 90349796.0, 'mean_token_accuracy': 0.9346115946769714, 'epoch': 1.35}
{'loss': 0.198, 'grad_norm': 1.400514006614685, 'learning_rate': 1.1322591473648877e-05, 'num_tokens': 90510987.0, 'mean_token_accuracy': 0.9386955969035625, 'epoch': 1.35}
{'loss': 0.2196, 'grad_norm': 1.9083905220031738, 'learning_rate': 1.1305807317891911e-05, 'num_tokens': 90670124.0, 'mean_token_accuracy': 0.9344277903437614, 'epoch': 1.36}
{'loss': 0.2101, 'grad_norm': 1.357628345489502, 'learning_rate': 1.1289023162134947e-05, 'num_tokens': 90840070.0, 'mean_token_accuracy': 0.9346976079046726, 'epoch': 1.36}
{'loss': 0.2166, 'grad_norm': 1.5424420833587646, 'learning_rate': 1.127223900637798e-05, 'num_tokens': 91001918.0, 'mean_token_accuracy': 0.9329264290630818, 'epoch': 1.36}
{'loss': 0.2292, 'grad_norm': 1.111104130744934, 'learning_rate': 1.1255454850621014e-05, 'num_tokens': 91167549.0, 'mean_token_accuracy': 0.9274315603077412, 'epoch': 1.36}
{'loss': 0.2172, 'grad_norm': 1.489734411239624, 'learning_rate': 1.1238670694864048e-05, 'num_tokens': 91331167.0, 'mean_token_accuracy': 0.9315585292875767, 'epoch': 1.37}
{'loss': 0.2163, 'grad_norm': 1.5388177633285522, 'learning_rate': 1.1221886539107082e-05, 'num_tokens': 91493843.0, 'mean_token_accuracy': 0.9338245064020156, 'epoch': 1.37}
{'loss': 0.2095, 'grad_norm': 1.4151711463928223, 'learning_rate': 1.120510238335012e-05, 'num_tokens': 91662680.0, 'mean_token_accuracy': 0.9328587792813778, 'epoch': 1.37}
{'loss': 0.2054, 'grad_norm': 1.2455812692642212, 'learning_rate': 1.1188318227593154e-05, 'num_tokens': 91825692.0, 'mean_token_accuracy': 0.9349335141479969, 'epoch': 1.37}
{'loss': 0.1888, 'grad_norm': 1.2761629819869995, 'learning_rate': 1.1171534071836188e-05, 'num_tokens': 91980716.0, 'mean_token_accuracy': 0.9398421578109264, 'epoch': 1.37}
{'loss': 0.2295, 'grad_norm': 1.3382056951522827, 'learning_rate': 1.1154749916079222e-05, 'num_tokens': 92140234.0, 'mean_token_accuracy': 0.9303052127361298, 'epoch': 1.38}
{'loss': 0.2252, 'grad_norm': 1.5443040132522583, 'learning_rate': 1.1137965760322256e-05, 'num_tokens': 92306126.0, 'mean_token_accuracy': 0.9290225118398666, 'epoch': 1.38}
{'loss': 0.2049, 'grad_norm': 1.6719359159469604, 'learning_rate': 1.1121181604565291e-05, 'num_tokens': 92467512.0, 'mean_token_accuracy': 0.9347337923943997, 'epoch': 1.38}
{'loss': 0.2098, 'grad_norm': 1.295833945274353, 'learning_rate': 1.1104397448808327e-05, 'num_tokens': 92635492.0, 'mean_token_accuracy': 0.9328775405883789, 'epoch': 1.38}
{'loss': 0.234, 'grad_norm': 1.4183975458145142, 'learning_rate': 1.1087613293051361e-05, 'num_tokens': 92805423.0, 'mean_token_accuracy': 0.9290868781507016, 'epoch': 1.39}
{'loss': 0.2064, 'grad_norm': 1.22053062915802, 'learning_rate': 1.1070829137294395e-05, 'num_tokens': 92967676.0, 'mean_token_accuracy': 0.9350695043802262, 'epoch': 1.39}
{'loss': 0.2137, 'grad_norm': 1.4144233465194702, 'learning_rate': 1.105404498153743e-05, 'num_tokens': 93130450.0, 'mean_token_accuracy': 0.9342953056097031, 'epoch': 1.39}
{'loss': 0.204, 'grad_norm': 1.611876368522644, 'learning_rate': 1.1037260825780464e-05, 'num_tokens': 93297974.0, 'mean_token_accuracy': 0.9360399849712848, 'epoch': 1.39}
{'loss': 0.2165, 'grad_norm': 1.5963159799575806, 'learning_rate': 1.1020476670023498e-05, 'num_tokens': 93460916.0, 'mean_token_accuracy': 0.932248941808939, 'epoch': 1.4}
{'loss': 0.2059, 'grad_norm': 1.3899412155151367, 'learning_rate': 1.1003692514266532e-05, 'num_tokens': 93629277.0, 'mean_token_accuracy': 0.9351795829832554, 'epoch': 1.4}
{'loss': 0.2152, 'grad_norm': 1.4508686065673828, 'learning_rate': 1.0986908358509566e-05, 'num_tokens': 93787902.0, 'mean_token_accuracy': 0.9329478323459626, 'epoch': 1.4}
{'loss': 0.2003, 'grad_norm': 1.5828500986099243, 'learning_rate': 1.0970124202752604e-05, 'num_tokens': 93946769.0, 'mean_token_accuracy': 0.9355915889143944, 'epoch': 1.4}
{'loss': 0.2081, 'grad_norm': 1.7432328462600708, 'learning_rate': 1.0953340046995638e-05, 'num_tokens': 94116160.0, 'mean_token_accuracy': 0.9342214837670326, 'epoch': 1.41}
{'loss': 0.2144, 'grad_norm': 1.3588745594024658, 'learning_rate': 1.0936555891238672e-05, 'num_tokens': 94284660.0, 'mean_token_accuracy': 0.932836002856493, 'epoch': 1.41}
{'loss': 0.2046, 'grad_norm': 1.2821720838546753, 'learning_rate': 1.0919771735481706e-05, 'num_tokens': 94453885.0, 'mean_token_accuracy': 0.9342438317835331, 'epoch': 1.41}
{'loss': 0.2199, 'grad_norm': 1.6252888441085815, 'learning_rate': 1.090298757972474e-05, 'num_tokens': 94610032.0, 'mean_token_accuracy': 0.9317071363329887, 'epoch': 1.41}
{'loss': 0.214, 'grad_norm': 1.4880249500274658, 'learning_rate': 1.0886203423967775e-05, 'num_tokens': 94772586.0, 'mean_token_accuracy': 0.9342631742358207, 'epoch': 1.42}
{'loss': 0.2069, 'grad_norm': 1.3620550632476807, 'learning_rate': 1.0869419268210811e-05, 'num_tokens': 94937066.0, 'mean_token_accuracy': 0.9341225109994411, 'epoch': 1.42}
{'loss': 0.2258, 'grad_norm': 1.5040944814682007, 'learning_rate': 1.0852635112453845e-05, 'num_tokens': 95104068.0, 'mean_token_accuracy': 0.9286685578525067, 'epoch': 1.42}
{'loss': 0.1992, 'grad_norm': 1.4078292846679688, 'learning_rate': 1.0835850956696879e-05, 'num_tokens': 95264407.0, 'mean_token_accuracy': 0.9354900948703289, 'epoch': 1.42}
{'loss': 0.2268, 'grad_norm': 1.6092052459716797, 'learning_rate': 1.0819066800939915e-05, 'num_tokens': 95428477.0, 'mean_token_accuracy': 0.9297391571104526, 'epoch': 1.43}
{'loss': 0.2136, 'grad_norm': 1.57498037815094, 'learning_rate': 1.0802282645182948e-05, 'num_tokens': 95599628.0, 'mean_token_accuracy': 0.9333025708794593, 'epoch': 1.43}
{'loss': 0.2137, 'grad_norm': 1.6186338663101196, 'learning_rate': 1.0785498489425982e-05, 'num_tokens': 95758400.0, 'mean_token_accuracy': 0.9341980300843715, 'epoch': 1.43}
{'loss': 0.2188, 'grad_norm': 1.8651851415634155, 'learning_rate': 1.0768714333669016e-05, 'num_tokens': 95920369.0, 'mean_token_accuracy': 0.9316320732235909, 'epoch': 1.43}
{'loss': 0.1984, 'grad_norm': 1.1995086669921875, 'learning_rate': 1.075193017791205e-05, 'num_tokens': 96086002.0, 'mean_token_accuracy': 0.9358904637396336, 'epoch': 1.44}
{'loss': 0.2076, 'grad_norm': 1.4460091590881348, 'learning_rate': 1.0735146022155088e-05, 'num_tokens': 96242941.0, 'mean_token_accuracy': 0.9365808725357055, 'epoch': 1.44}
{'loss': 0.2051, 'grad_norm': 1.1943469047546387, 'learning_rate': 1.0718361866398122e-05, 'num_tokens': 96406441.0, 'mean_token_accuracy': 0.9355522029101848, 'epoch': 1.44}
{'loss': 0.2145, 'grad_norm': 1.18900465965271, 'learning_rate': 1.0701577710641156e-05, 'num_tokens': 96570994.0, 'mean_token_accuracy': 0.9335664115846157, 'epoch': 1.44}
{'loss': 0.1955, 'grad_norm': 1.5376423597335815, 'learning_rate': 1.068479355488419e-05, 'num_tokens': 96737484.0, 'mean_token_accuracy': 0.938635291904211, 'epoch': 1.45}
{'loss': 0.2087, 'grad_norm': 1.5194778442382812, 'learning_rate': 1.0668009399127224e-05, 'num_tokens': 96895114.0, 'mean_token_accuracy': 0.9339476235210895, 'epoch': 1.45}
{'loss': 0.193, 'grad_norm': 1.4548895359039307, 'learning_rate': 1.0651225243370261e-05, 'num_tokens': 97058374.0, 'mean_token_accuracy': 0.9384293034672737, 'epoch': 1.45}
{'loss': 0.2072, 'grad_norm': 1.3531116247177124, 'learning_rate': 1.0634441087613295e-05, 'num_tokens': 97231813.0, 'mean_token_accuracy': 0.9331978991627693, 'epoch': 1.45}
{'loss': 0.2134, 'grad_norm': 1.3110617399215698, 'learning_rate': 1.0617656931856329e-05, 'num_tokens': 97396061.0, 'mean_token_accuracy': 0.9344831615686416, 'epoch': 1.46}
{'loss': 0.2222, 'grad_norm': 1.5616929531097412, 'learning_rate': 1.0600872776099363e-05, 'num_tokens': 97559759.0, 'mean_token_accuracy': 0.9317594908177853, 'epoch': 1.46}
{'loss': 0.1961, 'grad_norm': 1.4447219371795654, 'learning_rate': 1.0584088620342398e-05, 'num_tokens': 97713690.0, 'mean_token_accuracy': 0.938134215772152, 'epoch': 1.46}
{'loss': 0.2193, 'grad_norm': 1.5960540771484375, 'learning_rate': 1.0567304464585432e-05, 'num_tokens': 97870951.0, 'mean_token_accuracy': 0.9334538348019124, 'epoch': 1.46}
{'loss': 0.2143, 'grad_norm': 1.3556292057037354, 'learning_rate': 1.0550520308828466e-05, 'num_tokens': 98030608.0, 'mean_token_accuracy': 0.9330959744751454, 'epoch': 1.47}
{'loss': 0.1826, 'grad_norm': 1.1712234020233154, 'learning_rate': 1.05337361530715e-05, 'num_tokens': 98195953.0, 'mean_token_accuracy': 0.941051134467125, 'epoch': 1.47}
{'loss': 0.2057, 'grad_norm': 1.6321055889129639, 'learning_rate': 1.0516951997314534e-05, 'num_tokens': 98358949.0, 'mean_token_accuracy': 0.9347089394927025, 'epoch': 1.47}
{'loss': 0.2089, 'grad_norm': 1.397742509841919, 'learning_rate': 1.0500167841557572e-05, 'num_tokens': 98520894.0, 'mean_token_accuracy': 0.9352064043283462, 'epoch': 1.47}
{'loss': 0.2046, 'grad_norm': 1.3505083322525024, 'learning_rate': 1.0483383685800606e-05, 'num_tokens': 98682539.0, 'mean_token_accuracy': 0.9347584053874016, 'epoch': 1.48}
{'loss': 0.2088, 'grad_norm': 1.5004050731658936, 'learning_rate': 1.046659953004364e-05, 'num_tokens': 98851483.0, 'mean_token_accuracy': 0.9335002616047859, 'epoch': 1.48}
{'loss': 0.2012, 'grad_norm': 1.6999483108520508, 'learning_rate': 1.0449815374286674e-05, 'num_tokens': 99019510.0, 'mean_token_accuracy': 0.9352389305830002, 'epoch': 1.48}
{'loss': 0.1884, 'grad_norm': 1.4529192447662354, 'learning_rate': 1.0433031218529708e-05, 'num_tokens': 99178596.0, 'mean_token_accuracy': 0.9398625634610653, 'epoch': 1.48}
{'loss': 0.2204, 'grad_norm': 1.7245054244995117, 'learning_rate': 1.0416247062772745e-05, 'num_tokens': 99343647.0, 'mean_token_accuracy': 0.9310152776539325, 'epoch': 1.48}
{'loss': 0.1996, 'grad_norm': 1.569262146949768, 'learning_rate': 1.0399462907015779e-05, 'num_tokens': 99501528.0, 'mean_token_accuracy': 0.9372250296175479, 'epoch': 1.49}
{'loss': 0.2087, 'grad_norm': 1.5457935333251953, 'learning_rate': 1.0382678751258813e-05, 'num_tokens': 99663648.0, 'mean_token_accuracy': 0.9337060786783695, 'epoch': 1.49}
{'loss': 0.2028, 'grad_norm': 1.5805069208145142, 'learning_rate': 1.0365894595501847e-05, 'num_tokens': 99825750.0, 'mean_token_accuracy': 0.9349041476845741, 'epoch': 1.49}
{'loss': 0.2204, 'grad_norm': 1.5616018772125244, 'learning_rate': 1.0349110439744882e-05, 'num_tokens': 99987545.0, 'mean_token_accuracy': 0.9328559711575508, 'epoch': 1.49}
{'loss': 0.2205, 'grad_norm': 1.774541974067688, 'learning_rate': 1.0332326283987916e-05, 'num_tokens': 100151520.0, 'mean_token_accuracy': 0.9310862779617309, 'epoch': 1.5}
{'loss': 0.2151, 'grad_norm': 1.3825833797454834, 'learning_rate': 1.031554212823095e-05, 'num_tokens': 100311791.0, 'mean_token_accuracy': 0.9322347961366176, 'epoch': 1.5}
{'loss': 0.2131, 'grad_norm': 1.5484272241592407, 'learning_rate': 1.0298757972473984e-05, 'num_tokens': 100472643.0, 'mean_token_accuracy': 0.9335588313639164, 'epoch': 1.5}
{'loss': 0.2068, 'grad_norm': 1.3664406538009644, 'learning_rate': 1.0281973816717018e-05, 'num_tokens': 100634827.0, 'mean_token_accuracy': 0.9341897554695606, 'epoch': 1.5}
{'loss': 0.2095, 'grad_norm': 1.2415987253189087, 'learning_rate': 1.0265189660960056e-05, 'num_tokens': 100799843.0, 'mean_token_accuracy': 0.9338787086308002, 'epoch': 1.51}
{'loss': 0.1997, 'grad_norm': 1.5506078004837036, 'learning_rate': 1.024840550520309e-05, 'num_tokens': 100963061.0, 'mean_token_accuracy': 0.9374428644776345, 'epoch': 1.51}
{'loss': 0.2027, 'grad_norm': 1.3378973007202148, 'learning_rate': 1.0231621349446124e-05, 'num_tokens': 101125619.0, 'mean_token_accuracy': 0.9350375071167946, 'epoch': 1.51}
{'loss': 0.2011, 'grad_norm': 1.6149457693099976, 'learning_rate': 1.0214837193689158e-05, 'num_tokens': 101293165.0, 'mean_token_accuracy': 0.9368987455964088, 'epoch': 1.51}
{'loss': 0.207, 'grad_norm': 1.707655906677246, 'learning_rate': 1.0198053037932192e-05, 'num_tokens': 101453168.0, 'mean_token_accuracy': 0.9357993744313717, 'epoch': 1.52}
{'loss': 0.2177, 'grad_norm': 1.6518807411193848, 'learning_rate': 1.0181268882175229e-05, 'num_tokens': 101614168.0, 'mean_token_accuracy': 0.9318119689822197, 'epoch': 1.52}
{'loss': 0.2132, 'grad_norm': 1.42430579662323, 'learning_rate': 1.0164484726418263e-05, 'num_tokens': 101781654.0, 'mean_token_accuracy': 0.9320207633078098, 'epoch': 1.52}
{'loss': 0.2041, 'grad_norm': 1.5111037492752075, 'learning_rate': 1.0147700570661297e-05, 'num_tokens': 101945901.0, 'mean_token_accuracy': 0.9343482300639152, 'epoch': 1.52}
{'loss': 0.1956, 'grad_norm': 1.8022427558898926, 'learning_rate': 1.013091641490433e-05, 'num_tokens': 102112226.0, 'mean_token_accuracy': 0.938643503934145, 'epoch': 1.53}
{'loss': 0.1942, 'grad_norm': 1.282948613166809, 'learning_rate': 1.0114132259147366e-05, 'num_tokens': 102281654.0, 'mean_token_accuracy': 0.9386176891624928, 'epoch': 1.53}
{'loss': 0.2025, 'grad_norm': 1.4025510549545288, 'learning_rate': 1.00973481033904e-05, 'num_tokens': 102444553.0, 'mean_token_accuracy': 0.9353363230824471, 'epoch': 1.53}
{'loss': 0.2085, 'grad_norm': 1.3268314599990845, 'learning_rate': 1.0080563947633434e-05, 'num_tokens': 102604439.0, 'mean_token_accuracy': 0.935687517374754, 'epoch': 1.53}
{'loss': 0.2249, 'grad_norm': 1.4864099025726318, 'learning_rate': 1.0063779791876468e-05, 'num_tokens': 102765514.0, 'mean_token_accuracy': 0.9305877685546875, 'epoch': 1.54}
{'loss': 0.1908, 'grad_norm': 1.2443194389343262, 'learning_rate': 1.0046995636119502e-05, 'num_tokens': 102930989.0, 'mean_token_accuracy': 0.9395130917429924, 'epoch': 1.54}
{'loss': 0.1989, 'grad_norm': 1.5448018312454224, 'learning_rate': 1.003021148036254e-05, 'num_tokens': 103093358.0, 'mean_token_accuracy': 0.9379506886005402, 'epoch': 1.54}
{'loss': 0.2055, 'grad_norm': 1.1610339879989624, 'learning_rate': 1.0013427324605574e-05, 'num_tokens': 103257325.0, 'mean_token_accuracy': 0.9360208660364151, 'epoch': 1.54}
{'loss': 0.1961, 'grad_norm': 1.2312347888946533, 'learning_rate': 9.996643168848608e-06, 'num_tokens': 103428839.0, 'mean_token_accuracy': 0.938098742812872, 'epoch': 1.55}
{'loss': 0.189, 'grad_norm': 1.3399436473846436, 'learning_rate': 9.979859013091643e-06, 'num_tokens': 103597821.0, 'mean_token_accuracy': 0.9398092366755009, 'epoch': 1.55}
{'loss': 0.2118, 'grad_norm': 1.7491695880889893, 'learning_rate': 9.963074857334677e-06, 'num_tokens': 103762401.0, 'mean_token_accuracy': 0.9341695055365562, 'epoch': 1.55}
{'loss': 0.2082, 'grad_norm': 1.3859764337539673, 'learning_rate': 9.946290701577711e-06, 'num_tokens': 103928408.0, 'mean_token_accuracy': 0.9337989874184132, 'epoch': 1.55}
{'loss': 0.2086, 'grad_norm': 1.559015154838562, 'learning_rate': 9.929506545820747e-06, 'num_tokens': 104086070.0, 'mean_token_accuracy': 0.933134576678276, 'epoch': 1.56}
{'loss': 0.2131, 'grad_norm': 1.503078818321228, 'learning_rate': 9.91272239006378e-06, 'num_tokens': 104254574.0, 'mean_token_accuracy': 0.9328140087425709, 'epoch': 1.56}
{'loss': 0.2094, 'grad_norm': 1.3235312700271606, 'learning_rate': 9.895938234306815e-06, 'num_tokens': 104418553.0, 'mean_token_accuracy': 0.9358249858021737, 'epoch': 1.56}
{'loss': 0.199, 'grad_norm': 1.5564297437667847, 'learning_rate': 9.87915407854985e-06, 'num_tokens': 104578482.0, 'mean_token_accuracy': 0.9369299776852131, 'epoch': 1.56}
{'loss': 0.2079, 'grad_norm': 1.2976429462432861, 'learning_rate': 9.862369922792884e-06, 'num_tokens': 104742628.0, 'mean_token_accuracy': 0.9338311299681663, 'epoch': 1.57}
{'loss': 0.1917, 'grad_norm': 1.2347711324691772, 'learning_rate': 9.845585767035918e-06, 'num_tokens': 104914040.0, 'mean_token_accuracy': 0.9380565457046032, 'epoch': 1.57}
{'loss': 0.2081, 'grad_norm': 1.574265718460083, 'learning_rate': 9.828801611278952e-06, 'num_tokens': 105078890.0, 'mean_token_accuracy': 0.9350251041352748, 'epoch': 1.57}
{'loss': 0.1964, 'grad_norm': 1.5201127529144287, 'learning_rate': 9.812017455521988e-06, 'num_tokens': 105245774.0, 'mean_token_accuracy': 0.9379872269928455, 'epoch': 1.57}
{'loss': 0.2052, 'grad_norm': 1.3587924242019653, 'learning_rate': 9.795233299765022e-06, 'num_tokens': 105405241.0, 'mean_token_accuracy': 0.934871306270361, 'epoch': 1.58}
{'loss': 0.1913, 'grad_norm': 1.2735130786895752, 'learning_rate': 9.778449144008058e-06, 'num_tokens': 105577757.0, 'mean_token_accuracy': 0.9375997394323349, 'epoch': 1.58}
{'loss': 0.2223, 'grad_norm': 1.3381801843643188, 'learning_rate': 9.761664988251092e-06, 'num_tokens': 105738355.0, 'mean_token_accuracy': 0.9326572597026825, 'epoch': 1.58}
{'loss': 0.1866, 'grad_norm': 1.6977413892745972, 'learning_rate': 9.744880832494127e-06, 'num_tokens': 105893569.0, 'mean_token_accuracy': 0.9401086367666721, 'epoch': 1.58}
{'loss': 0.2117, 'grad_norm': 1.9501501321792603, 'learning_rate': 9.728096676737161e-06, 'num_tokens': 106059033.0, 'mean_token_accuracy': 0.9323816850781441, 'epoch': 1.58}
{'loss': 0.2031, 'grad_norm': 1.4887391328811646, 'learning_rate': 9.711312520980195e-06, 'num_tokens': 106229841.0, 'mean_token_accuracy': 0.9364422552287579, 'epoch': 1.59}
{'loss': 0.193, 'grad_norm': 1.245915174484253, 'learning_rate': 9.694528365223231e-06, 'num_tokens': 106392815.0, 'mean_token_accuracy': 0.9400292657315731, 'epoch': 1.59}
{'loss': 0.1939, 'grad_norm': 1.4693822860717773, 'learning_rate': 9.677744209466265e-06, 'num_tokens': 106557577.0, 'mean_token_accuracy': 0.9384146891534328, 'epoch': 1.59}
{'loss': 0.1992, 'grad_norm': 1.6230050325393677, 'learning_rate': 9.660960053709299e-06, 'num_tokens': 106715055.0, 'mean_token_accuracy': 0.9391445241868496, 'epoch': 1.59}
{'loss': 0.199, 'grad_norm': 1.3303613662719727, 'learning_rate': 9.644175897952334e-06, 'num_tokens': 106873663.0, 'mean_token_accuracy': 0.9368793703615665, 'epoch': 1.6}
{'loss': 0.1993, 'grad_norm': 1.609886884689331, 'learning_rate': 9.627391742195368e-06, 'num_tokens': 107042955.0, 'mean_token_accuracy': 0.9375224769115448, 'epoch': 1.6}
{'loss': 0.2041, 'grad_norm': 1.2728924751281738, 'learning_rate': 9.610607586438402e-06, 'num_tokens': 107212517.0, 'mean_token_accuracy': 0.9359939202666283, 'epoch': 1.6}
{'loss': 0.2046, 'grad_norm': 1.6718347072601318, 'learning_rate': 9.593823430681436e-06, 'num_tokens': 107376375.0, 'mean_token_accuracy': 0.9367147535085678, 'epoch': 1.6}
{'loss': 0.2009, 'grad_norm': 1.5558596849441528, 'learning_rate': 9.577039274924472e-06, 'num_tokens': 107546542.0, 'mean_token_accuracy': 0.9351780213415622, 'epoch': 1.61}
{'loss': 0.1911, 'grad_norm': 1.552712082862854, 'learning_rate': 9.560255119167506e-06, 'num_tokens': 107705415.0, 'mean_token_accuracy': 0.9392758645117283, 'epoch': 1.61}
{'loss': 0.2053, 'grad_norm': 1.5192641019821167, 'learning_rate': 9.543470963410542e-06, 'num_tokens': 107873905.0, 'mean_token_accuracy': 0.9348334670066833, 'epoch': 1.61}
{'loss': 0.2095, 'grad_norm': 1.2785205841064453, 'learning_rate': 9.526686807653576e-06, 'num_tokens': 108030921.0, 'mean_token_accuracy': 0.9329343020915986, 'epoch': 1.61}
{'loss': 0.217, 'grad_norm': 1.189014196395874, 'learning_rate': 9.509902651896611e-06, 'num_tokens': 108194271.0, 'mean_token_accuracy': 0.9349182546138763, 'epoch': 1.62}
{'loss': 0.1951, 'grad_norm': 1.3695203065872192, 'learning_rate': 9.493118496139645e-06, 'num_tokens': 108347643.0, 'mean_token_accuracy': 0.9392263427376747, 'epoch': 1.62}
{'loss': 0.1949, 'grad_norm': 1.7905948162078857, 'learning_rate': 9.47633434038268e-06, 'num_tokens': 108504304.0, 'mean_token_accuracy': 0.9370505280792714, 'epoch': 1.62}
{'loss': 0.1992, 'grad_norm': 1.3413466215133667, 'learning_rate': 9.459550184625715e-06, 'num_tokens': 108674823.0, 'mean_token_accuracy': 0.9371245868504048, 'epoch': 1.62}
{'loss': 0.1871, 'grad_norm': 1.2190829515457153, 'learning_rate': 9.442766028868749e-06, 'num_tokens': 108843959.0, 'mean_token_accuracy': 0.9413493037223816, 'epoch': 1.63}
{'loss': 0.2075, 'grad_norm': 1.4361519813537598, 'learning_rate': 9.425981873111783e-06, 'num_tokens': 109007403.0, 'mean_token_accuracy': 0.9350036188960076, 'epoch': 1.63}
{'loss': 0.2155, 'grad_norm': 1.4552865028381348, 'learning_rate': 9.409197717354818e-06, 'num_tokens': 109176224.0, 'mean_token_accuracy': 0.9331572502851486, 'epoch': 1.63}
{'loss': 0.2016, 'grad_norm': 1.2066235542297363, 'learning_rate': 9.392413561597852e-06, 'num_tokens': 109348848.0, 'mean_token_accuracy': 0.9364817328751087, 'epoch': 1.63}
{'loss': 0.1922, 'grad_norm': 1.4753520488739014, 'learning_rate': 9.375629405840886e-06, 'num_tokens': 109509750.0, 'mean_token_accuracy': 0.9371268823742867, 'epoch': 1.64}
{'loss': 0.2133, 'grad_norm': 1.5438631772994995, 'learning_rate': 9.35884525008392e-06, 'num_tokens': 109673819.0, 'mean_token_accuracy': 0.9331139452755451, 'epoch': 1.64}
{'loss': 0.1957, 'grad_norm': 1.4733426570892334, 'learning_rate': 9.342061094326956e-06, 'num_tokens': 109840841.0, 'mean_token_accuracy': 0.9379840970039368, 'epoch': 1.64}
{'loss': 0.2156, 'grad_norm': 1.4359184503555298, 'learning_rate': 9.32527693856999e-06, 'num_tokens': 110001537.0, 'mean_token_accuracy': 0.9317751131951809, 'epoch': 1.64}
{'loss': 0.1921, 'grad_norm': 1.5091962814331055, 'learning_rate': 9.308492782813026e-06, 'num_tokens': 110160060.0, 'mean_token_accuracy': 0.9385895967483521, 'epoch': 1.65}
{'loss': 0.1955, 'grad_norm': 1.5149723291397095, 'learning_rate': 9.29170862705606e-06, 'num_tokens': 110311528.0, 'mean_token_accuracy': 0.9388734944164753, 'epoch': 1.65}
{'loss': 0.1978, 'grad_norm': 1.2048563957214355, 'learning_rate': 9.274924471299095e-06, 'num_tokens': 110476809.0, 'mean_token_accuracy': 0.9369776628911495, 'epoch': 1.65}
{'loss': 0.1945, 'grad_norm': 1.5529861450195312, 'learning_rate': 9.25814031554213e-06, 'num_tokens': 110638218.0, 'mean_token_accuracy': 0.9389058731496334, 'epoch': 1.65}
{'loss': 0.1965, 'grad_norm': 1.3645414113998413, 'learning_rate': 9.241356159785163e-06, 'num_tokens': 110812566.0, 'mean_token_accuracy': 0.9357010595500469, 'epoch': 1.66}
{'loss': 0.1939, 'grad_norm': 1.270465612411499, 'learning_rate': 9.224572004028199e-06, 'num_tokens': 110973149.0, 'mean_token_accuracy': 0.9380248226225376, 'epoch': 1.66}
{'loss': 0.1989, 'grad_norm': 1.286487102508545, 'learning_rate': 9.207787848271233e-06, 'num_tokens': 111136468.0, 'mean_token_accuracy': 0.9356920041143895, 'epoch': 1.66}
{'loss': 0.191, 'grad_norm': 1.1534725427627563, 'learning_rate': 9.191003692514268e-06, 'num_tokens': 111301570.0, 'mean_token_accuracy': 0.9400552771985531, 'epoch': 1.66}
{'loss': 0.1998, 'grad_norm': 1.9109760522842407, 'learning_rate': 9.174219536757302e-06, 'num_tokens': 111467610.0, 'mean_token_accuracy': 0.9372002728283405, 'epoch': 1.67}
{'loss': 0.2103, 'grad_norm': 1.3939160108566284, 'learning_rate': 9.157435381000336e-06, 'num_tokens': 111632197.0, 'mean_token_accuracy': 0.9341186694800854, 'epoch': 1.67}
{'loss': 0.2106, 'grad_norm': 1.553821325302124, 'learning_rate': 9.14065122524337e-06, 'num_tokens': 111791324.0, 'mean_token_accuracy': 0.9338145762681961, 'epoch': 1.67}
{'loss': 0.196, 'grad_norm': 1.6505807638168335, 'learning_rate': 9.123867069486404e-06, 'num_tokens': 111948638.0, 'mean_token_accuracy': 0.9402517013251781, 'epoch': 1.67}
{'loss': 0.1975, 'grad_norm': 1.507304310798645, 'learning_rate': 9.10708291372944e-06, 'num_tokens': 112110115.0, 'mean_token_accuracy': 0.9373029097914696, 'epoch': 1.68}
{'loss': 0.1945, 'grad_norm': 1.7308683395385742, 'learning_rate': 9.090298757972474e-06, 'num_tokens': 112270279.0, 'mean_token_accuracy': 0.9400706067681313, 'epoch': 1.68}
{'loss': 0.2015, 'grad_norm': 1.4278407096862793, 'learning_rate': 9.07351460221551e-06, 'num_tokens': 112438067.0, 'mean_token_accuracy': 0.936407669633627, 'epoch': 1.68}
{'loss': 0.2046, 'grad_norm': 1.3061854839324951, 'learning_rate': 9.056730446458544e-06, 'num_tokens': 112592367.0, 'mean_token_accuracy': 0.934622423350811, 'epoch': 1.68}
{'loss': 0.1866, 'grad_norm': 1.4103881120681763, 'learning_rate': 9.03994629070158e-06, 'num_tokens': 112758769.0, 'mean_token_accuracy': 0.9417007334530354, 'epoch': 1.69}
{'loss': 0.205, 'grad_norm': 1.9207260608673096, 'learning_rate': 9.023162134944613e-06, 'num_tokens': 112921967.0, 'mean_token_accuracy': 0.9362675108015537, 'epoch': 1.69}
{'loss': 0.2066, 'grad_norm': 1.4310661554336548, 'learning_rate': 9.006377979187647e-06, 'num_tokens': 113080228.0, 'mean_token_accuracy': 0.9357336767017841, 'epoch': 1.69}
{'loss': 0.1955, 'grad_norm': 1.156023383140564, 'learning_rate': 8.989593823430683e-06, 'num_tokens': 113247360.0, 'mean_token_accuracy': 0.9373307824134827, 'epoch': 1.69}
{'loss': 0.2014, 'grad_norm': 1.528592824935913, 'learning_rate': 8.972809667673717e-06, 'num_tokens': 113416986.0, 'mean_token_accuracy': 0.9342368461191655, 'epoch': 1.69}
{'loss': 0.2041, 'grad_norm': 1.441809058189392, 'learning_rate': 8.956025511916752e-06, 'num_tokens': 113576833.0, 'mean_token_accuracy': 0.9355423592031002, 'epoch': 1.7}
{'loss': 0.1949, 'grad_norm': 1.1439180374145508, 'learning_rate': 8.939241356159786e-06, 'num_tokens': 113741431.0, 'mean_token_accuracy': 0.9379872195422649, 'epoch': 1.7}
{'loss': 0.21, 'grad_norm': 1.285281777381897, 'learning_rate': 8.92245720040282e-06, 'num_tokens': 113908531.0, 'mean_token_accuracy': 0.9349727764725685, 'epoch': 1.7}
{'loss': 0.2123, 'grad_norm': 1.5709284543991089, 'learning_rate': 8.905673044645854e-06, 'num_tokens': 114080804.0, 'mean_token_accuracy': 0.9328231491148472, 'epoch': 1.7}
{'loss': 0.2032, 'grad_norm': 1.17967689037323, 'learning_rate': 8.888888888888888e-06, 'num_tokens': 114239049.0, 'mean_token_accuracy': 0.9370362281799316, 'epoch': 1.71}
{'loss': 0.2157, 'grad_norm': 1.4249308109283447, 'learning_rate': 8.872104733131924e-06, 'num_tokens': 114393989.0, 'mean_token_accuracy': 0.9324930891394615, 'epoch': 1.71}
{'loss': 0.1986, 'grad_norm': 1.5701346397399902, 'learning_rate': 8.855320577374958e-06, 'num_tokens': 114557532.0, 'mean_token_accuracy': 0.9399289160966873, 'epoch': 1.71}
{'loss': 0.2017, 'grad_norm': 1.6973730325698853, 'learning_rate': 8.838536421617994e-06, 'num_tokens': 114719418.0, 'mean_token_accuracy': 0.935899131000042, 'epoch': 1.71}
{'loss': 0.198, 'grad_norm': 1.4046883583068848, 'learning_rate': 8.821752265861028e-06, 'num_tokens': 114876588.0, 'mean_token_accuracy': 0.9404744617640972, 'epoch': 1.72}
{'loss': 0.2101, 'grad_norm': 1.660330891609192, 'learning_rate': 8.804968110104063e-06, 'num_tokens': 115037289.0, 'mean_token_accuracy': 0.9355999886989593, 'epoch': 1.72}
{'loss': 0.2026, 'grad_norm': 1.347230315208435, 'learning_rate': 8.788183954347097e-06, 'num_tokens': 115187832.0, 'mean_token_accuracy': 0.9365321546792984, 'epoch': 1.72}
{'loss': 0.2002, 'grad_norm': 1.6334683895111084, 'learning_rate': 8.771399798590131e-06, 'num_tokens': 115345318.0, 'mean_token_accuracy': 0.9363292455673218, 'epoch': 1.72}
{'loss': 0.1919, 'grad_norm': 1.233138084411621, 'learning_rate': 8.754615642833167e-06, 'num_tokens': 115509424.0, 'mean_token_accuracy': 0.9390172399580479, 'epoch': 1.73}
{'loss': 0.206, 'grad_norm': 1.3946665525436401, 'learning_rate': 8.7378314870762e-06, 'num_tokens': 115667607.0, 'mean_token_accuracy': 0.9354314461350441, 'epoch': 1.73}
{'loss': 0.2116, 'grad_norm': 1.5640901327133179, 'learning_rate': 8.721047331319236e-06, 'num_tokens': 115830148.0, 'mean_token_accuracy': 0.9341118842363357, 'epoch': 1.73}
{'loss': 0.2121, 'grad_norm': 1.414963960647583, 'learning_rate': 8.70426317556227e-06, 'num_tokens': 115997007.0, 'mean_token_accuracy': 0.9320915192365646, 'epoch': 1.73}
{'loss': 0.1873, 'grad_norm': 1.3483543395996094, 'learning_rate': 8.687479019805304e-06, 'num_tokens': 116162977.0, 'mean_token_accuracy': 0.9399856962263584, 'epoch': 1.74}
{'loss': 0.1991, 'grad_norm': 1.6454566717147827, 'learning_rate': 8.670694864048338e-06, 'num_tokens': 116332210.0, 'mean_token_accuracy': 0.9351617090404034, 'epoch': 1.74}
{'loss': 0.1943, 'grad_norm': 1.5278362035751343, 'learning_rate': 8.653910708291374e-06, 'num_tokens': 116501147.0, 'mean_token_accuracy': 0.9373809166252614, 'epoch': 1.74}
{'loss': 0.2009, 'grad_norm': 1.427833080291748, 'learning_rate': 8.637126552534408e-06, 'num_tokens': 116663433.0, 'mean_token_accuracy': 0.9367766730487347, 'epoch': 1.74}
{'loss': 0.2123, 'grad_norm': 1.3295180797576904, 'learning_rate': 8.620342396777442e-06, 'num_tokens': 116819330.0, 'mean_token_accuracy': 0.9349709704518319, 'epoch': 1.75}
{'loss': 0.1919, 'grad_norm': 1.2660963535308838, 'learning_rate': 8.603558241020478e-06, 'num_tokens': 116979994.0, 'mean_token_accuracy': 0.9376264624297619, 'epoch': 1.75}
{'loss': 0.1954, 'grad_norm': 1.418581247329712, 'learning_rate': 8.586774085263512e-06, 'num_tokens': 117151505.0, 'mean_token_accuracy': 0.9390710152685642, 'epoch': 1.75}
{'loss': 0.1966, 'grad_norm': 1.5212781429290771, 'learning_rate': 8.569989929506547e-06, 'num_tokens': 117320288.0, 'mean_token_accuracy': 0.9391285128891468, 'epoch': 1.75}
{'loss': 0.2069, 'grad_norm': 1.2852298021316528, 'learning_rate': 8.553205773749581e-06, 'num_tokens': 117502916.0, 'mean_token_accuracy': 0.9347815759479999, 'epoch': 1.76}
{'loss': 0.1851, 'grad_norm': 1.4122337102890015, 'learning_rate': 8.536421617992615e-06, 'num_tokens': 117664612.0, 'mean_token_accuracy': 0.9399028927087784, 'epoch': 1.76}
{'loss': 0.2061, 'grad_norm': 1.7732096910476685, 'learning_rate': 8.51963746223565e-06, 'num_tokens': 117823616.0, 'mean_token_accuracy': 0.9371094278991222, 'epoch': 1.76}
{'loss': 0.19, 'grad_norm': 1.3544245958328247, 'learning_rate': 8.502853306478685e-06, 'num_tokens': 117984881.0, 'mean_token_accuracy': 0.9405143313109875, 'epoch': 1.76}
{'loss': 0.1987, 'grad_norm': 1.2791054248809814, 'learning_rate': 8.48606915072172e-06, 'num_tokens': 118150697.0, 'mean_token_accuracy': 0.9391938731074333, 'epoch': 1.77}
{'loss': 0.1931, 'grad_norm': 1.6269316673278809, 'learning_rate': 8.469284994964754e-06, 'num_tokens': 118318068.0, 'mean_token_accuracy': 0.9397134587168694, 'epoch': 1.77}
{'loss': 0.2021, 'grad_norm': 1.4991799592971802, 'learning_rate': 8.452500839207788e-06, 'num_tokens': 118478693.0, 'mean_token_accuracy': 0.938414903730154, 'epoch': 1.77}
{'loss': 0.1853, 'grad_norm': 1.2795052528381348, 'learning_rate': 8.435716683450822e-06, 'num_tokens': 118646239.0, 'mean_token_accuracy': 0.9405128866434097, 'epoch': 1.77}
{'loss': 0.2051, 'grad_norm': 1.3008131980895996, 'learning_rate': 8.418932527693858e-06, 'num_tokens': 118806169.0, 'mean_token_accuracy': 0.9372793190181256, 'epoch': 1.78}
{'loss': 0.192, 'grad_norm': 1.2114874124526978, 'learning_rate': 8.402148371936892e-06, 'num_tokens': 118971393.0, 'mean_token_accuracy': 0.9413708299398422, 'epoch': 1.78}
{'loss': 0.1936, 'grad_norm': 1.0710010528564453, 'learning_rate': 8.385364216179926e-06, 'num_tokens': 119132358.0, 'mean_token_accuracy': 0.9390396513044834, 'epoch': 1.78}
{'loss': 0.2034, 'grad_norm': 1.671140193939209, 'learning_rate': 8.368580060422962e-06, 'num_tokens': 119299428.0, 'mean_token_accuracy': 0.9360496833920479, 'epoch': 1.78}
{'loss': 0.1896, 'grad_norm': 1.2656811475753784, 'learning_rate': 8.351795904665996e-06, 'num_tokens': 119460486.0, 'mean_token_accuracy': 0.9397104777395725, 'epoch': 1.79}
{'loss': 0.2206, 'grad_norm': 1.6552690267562866, 'learning_rate': 8.335011748909031e-06, 'num_tokens': 119624070.0, 'mean_token_accuracy': 0.9314815603196621, 'epoch': 1.79}
{'loss': 0.1909, 'grad_norm': 1.3679007291793823, 'learning_rate': 8.318227593152065e-06, 'num_tokens': 119793967.0, 'mean_token_accuracy': 0.9393023572862148, 'epoch': 1.79}
{'loss': 0.1923, 'grad_norm': 1.6125568151474, 'learning_rate': 8.301443437395099e-06, 'num_tokens': 119955673.0, 'mean_token_accuracy': 0.9401066325604915, 'epoch': 1.79}
{'loss': 0.1984, 'grad_norm': 1.7193981409072876, 'learning_rate': 8.284659281638135e-06, 'num_tokens': 120114231.0, 'mean_token_accuracy': 0.9369121842086315, 'epoch': 1.79}
{'loss': 0.206, 'grad_norm': 1.5221648216247559, 'learning_rate': 8.267875125881169e-06, 'num_tokens': 120281311.0, 'mean_token_accuracy': 0.9382555864751339, 'epoch': 1.8}
{'loss': 0.1882, 'grad_norm': 1.7973166704177856, 'learning_rate': 8.251090970124204e-06, 'num_tokens': 120445264.0, 'mean_token_accuracy': 0.9405404694378376, 'epoch': 1.8}
{'loss': 0.2035, 'grad_norm': 1.335261344909668, 'learning_rate': 8.234306814367238e-06, 'num_tokens': 120603892.0, 'mean_token_accuracy': 0.9384043172001839, 'epoch': 1.8}
{'loss': 0.1976, 'grad_norm': 1.6592200994491577, 'learning_rate': 8.217522658610272e-06, 'num_tokens': 120763092.0, 'mean_token_accuracy': 0.9363292254507541, 'epoch': 1.8}
{'loss': 0.2081, 'grad_norm': 1.3099558353424072, 'learning_rate': 8.200738502853306e-06, 'num_tokens': 120924847.0, 'mean_token_accuracy': 0.9352927647531033, 'epoch': 1.81}
{'loss': 0.1861, 'grad_norm': 1.2243082523345947, 'learning_rate': 8.183954347096342e-06, 'num_tokens': 121098895.0, 'mean_token_accuracy': 0.9418168418109417, 'epoch': 1.81}
{'loss': 0.203, 'grad_norm': 1.395143747329712, 'learning_rate': 8.167170191339376e-06, 'num_tokens': 121264656.0, 'mean_token_accuracy': 0.938438517600298, 'epoch': 1.81}
{'loss': 0.1985, 'grad_norm': 1.3862924575805664, 'learning_rate': 8.15038603558241e-06, 'num_tokens': 121430389.0, 'mean_token_accuracy': 0.9373622559010982, 'epoch': 1.81}
{'loss': 0.1943, 'grad_norm': 1.1157479286193848, 'learning_rate': 8.133601879825446e-06, 'num_tokens': 121594310.0, 'mean_token_accuracy': 0.9401480488479137, 'epoch': 1.82}
{'loss': 0.1992, 'grad_norm': 1.3357089757919312, 'learning_rate': 8.11681772406848e-06, 'num_tokens': 121755762.0, 'mean_token_accuracy': 0.9400295197963715, 'epoch': 1.82}
{'loss': 0.1875, 'grad_norm': 1.41118586063385, 'learning_rate': 8.100033568311515e-06, 'num_tokens': 121905791.0, 'mean_token_accuracy': 0.9410845465958119, 'epoch': 1.82}
{'loss': 0.1828, 'grad_norm': 1.1345655918121338, 'learning_rate': 8.083249412554549e-06, 'num_tokens': 122069515.0, 'mean_token_accuracy': 0.9421127878129483, 'epoch': 1.82}
{'loss': 0.2067, 'grad_norm': 1.4197007417678833, 'learning_rate': 8.066465256797583e-06, 'num_tokens': 122235262.0, 'mean_token_accuracy': 0.9364326372742653, 'epoch': 1.83}
{'loss': 0.2007, 'grad_norm': 1.5154002904891968, 'learning_rate': 8.049681101040619e-06, 'num_tokens': 122396214.0, 'mean_token_accuracy': 0.9356371507048606, 'epoch': 1.83}
{'loss': 0.2136, 'grad_norm': 1.6227731704711914, 'learning_rate': 8.032896945283653e-06, 'num_tokens': 122561520.0, 'mean_token_accuracy': 0.9341762475669384, 'epoch': 1.83}
{'loss': 0.2036, 'grad_norm': 1.3227652311325073, 'learning_rate': 8.016112789526688e-06, 'num_tokens': 122722437.0, 'mean_token_accuracy': 0.9386830016970634, 'epoch': 1.83}
{'loss': 0.1959, 'grad_norm': 1.5471200942993164, 'learning_rate': 7.999328633769722e-06, 'num_tokens': 122884032.0, 'mean_token_accuracy': 0.9378979533910752, 'epoch': 1.84}
{'loss': 0.1809, 'grad_norm': 1.445835828781128, 'learning_rate': 7.982544478012756e-06, 'num_tokens': 123050059.0, 'mean_token_accuracy': 0.9425198569893837, 'epoch': 1.84}
{'loss': 0.1996, 'grad_norm': 1.1996455192565918, 'learning_rate': 7.96576032225579e-06, 'num_tokens': 123214733.0, 'mean_token_accuracy': 0.936288396269083, 'epoch': 1.84}
{'loss': 0.1882, 'grad_norm': 1.4812155961990356, 'learning_rate': 7.948976166498826e-06, 'num_tokens': 123381006.0, 'mean_token_accuracy': 0.9413659647107124, 'epoch': 1.84}
{'loss': 0.2061, 'grad_norm': 1.2898300886154175, 'learning_rate': 7.93219201074186e-06, 'num_tokens': 123548895.0, 'mean_token_accuracy': 0.9354669459164142, 'epoch': 1.85}
{'loss': 0.1956, 'grad_norm': 1.1253784894943237, 'learning_rate': 7.915407854984894e-06, 'num_tokens': 123715166.0, 'mean_token_accuracy': 0.9412394963204861, 'epoch': 1.85}
{'loss': 0.2083, 'grad_norm': 1.3831835985183716, 'learning_rate': 7.89862369922793e-06, 'num_tokens': 123876552.0, 'mean_token_accuracy': 0.936799643188715, 'epoch': 1.85}
{'loss': 0.1948, 'grad_norm': 1.2223000526428223, 'learning_rate': 7.881839543470963e-06, 'num_tokens': 124042337.0, 'mean_token_accuracy': 0.9400333546102047, 'epoch': 1.85}
{'loss': 0.1974, 'grad_norm': 1.3550971746444702, 'learning_rate': 7.865055387714e-06, 'num_tokens': 124204856.0, 'mean_token_accuracy': 0.9378129221498966, 'epoch': 1.86}
{'loss': 0.1934, 'grad_norm': 1.3132449388504028, 'learning_rate': 7.848271231957033e-06, 'num_tokens': 124369293.0, 'mean_token_accuracy': 0.9393660128116608, 'epoch': 1.86}
{'loss': 0.193, 'grad_norm': 1.452976107597351, 'learning_rate': 7.831487076200069e-06, 'num_tokens': 124531766.0, 'mean_token_accuracy': 0.9387727282941342, 'epoch': 1.86}
{'loss': 0.2017, 'grad_norm': 1.503788948059082, 'learning_rate': 7.814702920443103e-06, 'num_tokens': 124690521.0, 'mean_token_accuracy': 0.9399172753095627, 'epoch': 1.86}
{'loss': 0.1816, 'grad_norm': 1.5433748960494995, 'learning_rate': 7.797918764686137e-06, 'num_tokens': 124853351.0, 'mean_token_accuracy': 0.9426648236811161, 'epoch': 1.87}
{'loss': 0.1904, 'grad_norm': 1.5456488132476807, 'learning_rate': 7.781134608929172e-06, 'num_tokens': 125018733.0, 'mean_token_accuracy': 0.9394968345761299, 'epoch': 1.87}
{'loss': 0.1959, 'grad_norm': 1.5660579204559326, 'learning_rate': 7.764350453172206e-06, 'num_tokens': 125180352.0, 'mean_token_accuracy': 0.9390665538609028, 'epoch': 1.87}
{'loss': 0.1928, 'grad_norm': 1.2270652055740356, 'learning_rate': 7.74756629741524e-06, 'num_tokens': 125345975.0, 'mean_token_accuracy': 0.9382526338100433, 'epoch': 1.87}
{'loss': 0.198, 'grad_norm': 1.4780417680740356, 'learning_rate': 7.730782141658276e-06, 'num_tokens': 125504681.0, 'mean_token_accuracy': 0.9369180232286454, 'epoch': 1.88}
{'loss': 0.1921, 'grad_norm': 1.158138632774353, 'learning_rate': 7.71399798590131e-06, 'num_tokens': 125673122.0, 'mean_token_accuracy': 0.9390422374010086, 'epoch': 1.88}
{'loss': 0.1906, 'grad_norm': 1.5483806133270264, 'learning_rate': 7.697213830144344e-06, 'num_tokens': 125831980.0, 'mean_token_accuracy': 0.9401199981570244, 'epoch': 1.88}
{'loss': 0.2002, 'grad_norm': 1.3322292566299438, 'learning_rate': 7.680429674387378e-06, 'num_tokens': 125993012.0, 'mean_token_accuracy': 0.9371651574969292, 'epoch': 1.88}
{'loss': 0.1973, 'grad_norm': 1.3377666473388672, 'learning_rate': 7.663645518630414e-06, 'num_tokens': 126154023.0, 'mean_token_accuracy': 0.9376108586788178, 'epoch': 1.89}
{'loss': 0.185, 'grad_norm': 1.325190782546997, 'learning_rate': 7.646861362873447e-06, 'num_tokens': 126311267.0, 'mean_token_accuracy': 0.9413292840123176, 'epoch': 1.89}
{'loss': 0.1977, 'grad_norm': 1.636374592781067, 'learning_rate': 7.630077207116483e-06, 'num_tokens': 126478681.0, 'mean_token_accuracy': 0.9387527406215668, 'epoch': 1.89}
{'loss': 0.1939, 'grad_norm': 1.6020371913909912, 'learning_rate': 7.613293051359517e-06, 'num_tokens': 126644194.0, 'mean_token_accuracy': 0.9388136021792889, 'epoch': 1.89}
{'loss': 0.2078, 'grad_norm': 1.270400047302246, 'learning_rate': 7.596508895602552e-06, 'num_tokens': 126803876.0, 'mean_token_accuracy': 0.934675482660532, 'epoch': 1.9}
{'loss': 0.1899, 'grad_norm': 1.4128202199935913, 'learning_rate': 7.579724739845587e-06, 'num_tokens': 126969896.0, 'mean_token_accuracy': 0.9401899851858616, 'epoch': 1.9}
{'loss': 0.1976, 'grad_norm': 1.3600921630859375, 'learning_rate': 7.562940584088621e-06, 'num_tokens': 127134899.0, 'mean_token_accuracy': 0.9379336260259151, 'epoch': 1.9}
{'loss': 0.2005, 'grad_norm': 1.3785470724105835, 'learning_rate': 7.5461564283316555e-06, 'num_tokens': 127295833.0, 'mean_token_accuracy': 0.9357717387378216, 'epoch': 1.9}
{'loss': 0.1976, 'grad_norm': 1.4015449285507202, 'learning_rate': 7.5293722725746895e-06, 'num_tokens': 127460007.0, 'mean_token_accuracy': 0.9387121863663197, 'epoch': 1.9}
{'loss': 0.1826, 'grad_norm': 1.2030121088027954, 'learning_rate': 7.512588116817725e-06, 'num_tokens': 127630980.0, 'mean_token_accuracy': 0.9407798662781716, 'epoch': 1.91}
{'loss': 0.1853, 'grad_norm': 1.237838864326477, 'learning_rate': 7.495803961060759e-06, 'num_tokens': 127800024.0, 'mean_token_accuracy': 0.9415623754262924, 'epoch': 1.91}
{'loss': 0.1946, 'grad_norm': 1.4171918630599976, 'learning_rate': 7.479019805303795e-06, 'num_tokens': 127962864.0, 'mean_token_accuracy': 0.9396420627832412, 'epoch': 1.91}
{'loss': 0.185, 'grad_norm': 1.33696711063385, 'learning_rate': 7.462235649546829e-06, 'num_tokens': 128120776.0, 'mean_token_accuracy': 0.9418324872851371, 'epoch': 1.91}
{'loss': 0.199, 'grad_norm': 1.269487977027893, 'learning_rate': 7.445451493789863e-06, 'num_tokens': 128295007.0, 'mean_token_accuracy': 0.9360082037746906, 'epoch': 1.92}
{'loss': 0.1919, 'grad_norm': 1.3752201795578003, 'learning_rate': 7.4286673380328975e-06, 'num_tokens': 128457786.0, 'mean_token_accuracy': 0.9409327052533627, 'epoch': 1.92}
{'loss': 0.1897, 'grad_norm': 1.3440990447998047, 'learning_rate': 7.4118831822759315e-06, 'num_tokens': 128615466.0, 'mean_token_accuracy': 0.9389165185391903, 'epoch': 1.92}
{'loss': 0.1938, 'grad_norm': 1.529811143875122, 'learning_rate': 7.395099026518967e-06, 'num_tokens': 128773418.0, 'mean_token_accuracy': 0.9409994959831238, 'epoch': 1.92}
{'loss': 0.1882, 'grad_norm': 1.2304415702819824, 'learning_rate': 7.378314870762001e-06, 'num_tokens': 128937790.0, 'mean_token_accuracy': 0.9391973130404949, 'epoch': 1.93}
{'loss': 0.2018, 'grad_norm': 1.1928324699401855, 'learning_rate': 7.361530715005037e-06, 'num_tokens': 129098087.0, 'mean_token_accuracy': 0.9400332547724247, 'epoch': 1.93}
{'loss': 0.1876, 'grad_norm': 1.4123560190200806, 'learning_rate': 7.344746559248071e-06, 'num_tokens': 129259901.0, 'mean_token_accuracy': 0.942409659922123, 'epoch': 1.93}
{'loss': 0.1937, 'grad_norm': 1.2043112516403198, 'learning_rate': 7.327962403491105e-06, 'num_tokens': 129423306.0, 'mean_token_accuracy': 0.939856281876564, 'epoch': 1.93}
{'loss': 0.1874, 'grad_norm': 1.2524017095565796, 'learning_rate': 7.3111782477341395e-06, 'num_tokens': 129581745.0, 'mean_token_accuracy': 0.9410263858735561, 'epoch': 1.94}
{'loss': 0.2192, 'grad_norm': 1.4756247997283936, 'learning_rate': 7.2943940919771735e-06, 'num_tokens': 129741057.0, 'mean_token_accuracy': 0.933586310595274, 'epoch': 1.94}
{'loss': 0.1882, 'grad_norm': 1.3702408075332642, 'learning_rate': 7.277609936220209e-06, 'num_tokens': 129898264.0, 'mean_token_accuracy': 0.9406953103840351, 'epoch': 1.94}
{'loss': 0.1802, 'grad_norm': 1.3692307472229004, 'learning_rate': 7.260825780463243e-06, 'num_tokens': 130057571.0, 'mean_token_accuracy': 0.9439156018197536, 'epoch': 1.94}
{'loss': 0.1866, 'grad_norm': 1.2125540971755981, 'learning_rate': 7.244041624706279e-06, 'num_tokens': 130219625.0, 'mean_token_accuracy': 0.940191213786602, 'epoch': 1.95}
{'loss': 0.1874, 'grad_norm': 1.864382266998291, 'learning_rate': 7.227257468949313e-06, 'num_tokens': 130385103.0, 'mean_token_accuracy': 0.9425634734332562, 'epoch': 1.95}
{'loss': 0.1803, 'grad_norm': 1.1268341541290283, 'learning_rate': 7.210473313192347e-06, 'num_tokens': 130549549.0, 'mean_token_accuracy': 0.941723870486021, 'epoch': 1.95}
{'loss': 0.2064, 'grad_norm': 1.3235656023025513, 'learning_rate': 7.1936891574353815e-06, 'num_tokens': 130714272.0, 'mean_token_accuracy': 0.935729843378067, 'epoch': 1.95}
{'loss': 0.1968, 'grad_norm': 1.5702133178710938, 'learning_rate': 7.1769050016784155e-06, 'num_tokens': 130880644.0, 'mean_token_accuracy': 0.9365806527435779, 'epoch': 1.96}
{'loss': 0.1833, 'grad_norm': 1.4715609550476074, 'learning_rate': 7.160120845921451e-06, 'num_tokens': 131050233.0, 'mean_token_accuracy': 0.9406600810587407, 'epoch': 1.96}
{'loss': 0.1937, 'grad_norm': 1.4619600772857666, 'learning_rate': 7.143336690164485e-06, 'num_tokens': 131215882.0, 'mean_token_accuracy': 0.9395723819732666, 'epoch': 1.96}
{'loss': 0.1986, 'grad_norm': 1.3981317281723022, 'learning_rate': 7.126552534407521e-06, 'num_tokens': 131388075.0, 'mean_token_accuracy': 0.9373625449836254, 'epoch': 1.96}
{'loss': 0.1917, 'grad_norm': 1.362685203552246, 'learning_rate': 7.109768378650555e-06, 'num_tokens': 131549577.0, 'mean_token_accuracy': 0.9402289636433124, 'epoch': 1.97}
{'loss': 0.2058, 'grad_norm': 1.244009256362915, 'learning_rate': 7.092984222893589e-06, 'num_tokens': 131716436.0, 'mean_token_accuracy': 0.9357300333678722, 'epoch': 1.97}
{'loss': 0.1867, 'grad_norm': 1.3012452125549316, 'learning_rate': 7.0762000671366235e-06, 'num_tokens': 131883040.0, 'mean_token_accuracy': 0.9413268335163594, 'epoch': 1.97}
{'loss': 0.1873, 'grad_norm': 1.4937137365341187, 'learning_rate': 7.0594159113796575e-06, 'num_tokens': 132048329.0, 'mean_token_accuracy': 0.9420627728104591, 'epoch': 1.97}
{'loss': 0.1821, 'grad_norm': 1.3053898811340332, 'learning_rate': 7.042631755622693e-06, 'num_tokens': 132210270.0, 'mean_token_accuracy': 0.9438732981681823, 'epoch': 1.98}
{'loss': 0.193, 'grad_norm': 1.6036899089813232, 'learning_rate': 7.025847599865727e-06, 'num_tokens': 132370993.0, 'mean_token_accuracy': 0.9389052413403988, 'epoch': 1.98}
{'loss': 0.1961, 'grad_norm': 1.3403106927871704, 'learning_rate': 7.009063444108763e-06, 'num_tokens': 132535523.0, 'mean_token_accuracy': 0.9357973046600818, 'epoch': 1.98}
{'loss': 0.1807, 'grad_norm': 1.5053893327713013, 'learning_rate': 6.992279288351797e-06, 'num_tokens': 132697865.0, 'mean_token_accuracy': 0.9437202848494053, 'epoch': 1.98}
{'loss': 0.1833, 'grad_norm': 1.7320611476898193, 'learning_rate': 6.975495132594831e-06, 'num_tokens': 132869234.0, 'mean_token_accuracy': 0.9418091386556625, 'epoch': 1.99}
{'loss': 0.1767, 'grad_norm': 1.5297060012817383, 'learning_rate': 6.9587109768378655e-06, 'num_tokens': 133028224.0, 'mean_token_accuracy': 0.9440379790961743, 'epoch': 1.99}
{'loss': 0.1867, 'grad_norm': 1.4061152935028076, 'learning_rate': 6.9419268210809e-06, 'num_tokens': 133186487.0, 'mean_token_accuracy': 0.9403906323015689, 'epoch': 1.99}
{'loss': 0.1954, 'grad_norm': 1.6739102602005005, 'learning_rate': 6.925142665323935e-06, 'num_tokens': 133356689.0, 'mean_token_accuracy': 0.9395058043301105, 'epoch': 1.99}
{'loss': 0.1926, 'grad_norm': 1.6555240154266357, 'learning_rate': 6.908358509566969e-06, 'num_tokens': 133524715.0, 'mean_token_accuracy': 0.9388830259442329, 'epoch': 2.0}
{'loss': 0.1722, 'grad_norm': 1.6625102758407593, 'learning_rate': 6.891574353810005e-06, 'num_tokens': 133690512.0, 'mean_token_accuracy': 0.9453915126621724, 'epoch': 2.0}
{'loss': 0.1761, 'grad_norm': 2.097975492477417, 'learning_rate': 6.874790198053039e-06, 'num_tokens': 133838694.0, 'mean_token_accuracy': 0.9447785298029582, 'epoch': 2.0}
{'loss': 0.1218, 'grad_norm': 1.242966651916504, 'learning_rate': 6.858006042296073e-06, 'num_tokens': 134014115.0, 'mean_token_accuracy': 0.9620602205395699, 'epoch': 2.0}
{'loss': 0.1257, 'grad_norm': 1.1369692087173462, 'learning_rate': 6.8412218865391075e-06, 'num_tokens': 134181011.0, 'mean_token_accuracy': 0.9586336374282837, 'epoch': 2.0}
{'loss': 0.1374, 'grad_norm': 1.2096645832061768, 'learning_rate': 6.824437730782142e-06, 'num_tokens': 134345073.0, 'mean_token_accuracy': 0.9563025258481502, 'epoch': 2.01}
{'loss': 0.1352, 'grad_norm': 1.3839161396026611, 'learning_rate': 6.807653575025177e-06, 'num_tokens': 134515323.0, 'mean_token_accuracy': 0.9565943196415901, 'epoch': 2.01}
{'loss': 0.1322, 'grad_norm': 1.1373858451843262, 'learning_rate': 6.790869419268211e-06, 'num_tokens': 134686376.0, 'mean_token_accuracy': 0.9574026472866535, 'epoch': 2.01}
{'loss': 0.124, 'grad_norm': 1.49660325050354, 'learning_rate': 6.774085263511247e-06, 'num_tokens': 134853779.0, 'mean_token_accuracy': 0.9592181995511055, 'epoch': 2.01}
{'loss': 0.1297, 'grad_norm': 1.164903998374939, 'learning_rate': 6.757301107754281e-06, 'num_tokens': 135021941.0, 'mean_token_accuracy': 0.9577993281185627, 'epoch': 2.02}
{'loss': 0.1228, 'grad_norm': 1.2033478021621704, 'learning_rate': 6.740516951997315e-06, 'num_tokens': 135181163.0, 'mean_token_accuracy': 0.9594182327389718, 'epoch': 2.02}
{'loss': 0.1275, 'grad_norm': 1.787127137184143, 'learning_rate': 6.7237327962403495e-06, 'num_tokens': 135343878.0, 'mean_token_accuracy': 0.9595811784267425, 'epoch': 2.02}
{'loss': 0.122, 'grad_norm': 1.4359880685806274, 'learning_rate': 6.706948640483384e-06, 'num_tokens': 135505044.0, 'mean_token_accuracy': 0.9608006529510021, 'epoch': 2.02}
{'loss': 0.1409, 'grad_norm': 1.430749773979187, 'learning_rate': 6.690164484726419e-06, 'num_tokens': 135671952.0, 'mean_token_accuracy': 0.9551632411777973, 'epoch': 2.03}
{'loss': 0.1348, 'grad_norm': 1.5305311679840088, 'learning_rate': 6.673380328969453e-06, 'num_tokens': 135840505.0, 'mean_token_accuracy': 0.9561202198266983, 'epoch': 2.03}
{'loss': 0.1283, 'grad_norm': 1.605312705039978, 'learning_rate': 6.656596173212489e-06, 'num_tokens': 136003221.0, 'mean_token_accuracy': 0.9597436793148517, 'epoch': 2.03}
{'loss': 0.118, 'grad_norm': 1.1726027727127075, 'learning_rate': 6.639812017455523e-06, 'num_tokens': 136175492.0, 'mean_token_accuracy': 0.9610961705446244, 'epoch': 2.03}
{'loss': 0.123, 'grad_norm': 1.6808958053588867, 'learning_rate': 6.623027861698557e-06, 'num_tokens': 136336495.0, 'mean_token_accuracy': 0.9606044195592404, 'epoch': 2.04}
{'loss': 0.1285, 'grad_norm': 1.4331072568893433, 'learning_rate': 6.6062437059415915e-06, 'num_tokens': 136492345.0, 'mean_token_accuracy': 0.9580512881278992, 'epoch': 2.04}
{'loss': 0.1147, 'grad_norm': 1.7330666780471802, 'learning_rate': 6.589459550184626e-06, 'num_tokens': 136651128.0, 'mean_token_accuracy': 0.9631087571382523, 'epoch': 2.04}
{'loss': 0.1199, 'grad_norm': 1.2295876741409302, 'learning_rate': 6.572675394427661e-06, 'num_tokens': 136813782.0, 'mean_token_accuracy': 0.961022998392582, 'epoch': 2.04}
{'loss': 0.1268, 'grad_norm': 1.1783945560455322, 'learning_rate': 6.555891238670695e-06, 'num_tokens': 136980243.0, 'mean_token_accuracy': 0.958262388408184, 'epoch': 2.05}
{'loss': 0.1385, 'grad_norm': 1.326006531715393, 'learning_rate': 6.539107082913731e-06, 'num_tokens': 137143917.0, 'mean_token_accuracy': 0.9565382495522499, 'epoch': 2.05}
{'loss': 0.1312, 'grad_norm': 1.3546475172042847, 'learning_rate': 6.522322927156765e-06, 'num_tokens': 137305068.0, 'mean_token_accuracy': 0.9577495612204074, 'epoch': 2.05}
{'loss': 0.1214, 'grad_norm': 1.1346238851547241, 'learning_rate': 6.505538771399799e-06, 'num_tokens': 137468504.0, 'mean_token_accuracy': 0.9606618009507656, 'epoch': 2.05}
{'loss': 0.1184, 'grad_norm': 1.2350274324417114, 'learning_rate': 6.4887546156428335e-06, 'num_tokens': 137629596.0, 'mean_token_accuracy': 0.9604927204549313, 'epoch': 2.06}
{'loss': 0.1293, 'grad_norm': 1.3671003580093384, 'learning_rate': 6.471970459885868e-06, 'num_tokens': 137794657.0, 'mean_token_accuracy': 0.9583580300211907, 'epoch': 2.06}
{'loss': 0.1271, 'grad_norm': 1.4916125535964966, 'learning_rate': 6.455186304128903e-06, 'num_tokens': 137950115.0, 'mean_token_accuracy': 0.9591842532157898, 'epoch': 2.06}
{'loss': 0.124, 'grad_norm': 1.484735131263733, 'learning_rate': 6.438402148371937e-06, 'num_tokens': 138111032.0, 'mean_token_accuracy': 0.9611854597926139, 'epoch': 2.06}
{'loss': 0.1244, 'grad_norm': 1.3953174352645874, 'learning_rate': 6.421617992614973e-06, 'num_tokens': 138270523.0, 'mean_token_accuracy': 0.960114536434412, 'epoch': 2.07}
{'loss': 0.1363, 'grad_norm': 1.161649227142334, 'learning_rate': 6.404833836858007e-06, 'num_tokens': 138431787.0, 'mean_token_accuracy': 0.957822048664093, 'epoch': 2.07}
{'loss': 0.1286, 'grad_norm': 1.5061616897583008, 'learning_rate': 6.388049681101041e-06, 'num_tokens': 138589659.0, 'mean_token_accuracy': 0.9589943051338196, 'epoch': 2.07}
{'loss': 0.1225, 'grad_norm': 1.4067898988723755, 'learning_rate': 6.3712655253440755e-06, 'num_tokens': 138751947.0, 'mean_token_accuracy': 0.9596303723752498, 'epoch': 2.07}
{'loss': 0.1244, 'grad_norm': 1.426647663116455, 'learning_rate': 6.35448136958711e-06, 'num_tokens': 138912250.0, 'mean_token_accuracy': 0.9599532678723335, 'epoch': 2.08}
{'loss': 0.1147, 'grad_norm': 1.7513933181762695, 'learning_rate': 6.337697213830145e-06, 'num_tokens': 139074700.0, 'mean_token_accuracy': 0.9628296934068203, 'epoch': 2.08}
{'loss': 0.1286, 'grad_norm': 1.444130778312683, 'learning_rate': 6.320913058073179e-06, 'num_tokens': 139252028.0, 'mean_token_accuracy': 0.9575319156050682, 'epoch': 2.08}
{'loss': 0.1301, 'grad_norm': 1.3339825868606567, 'learning_rate': 6.304128902316215e-06, 'num_tokens': 139420777.0, 'mean_token_accuracy': 0.9593690492212772, 'epoch': 2.08}
{'loss': 0.1242, 'grad_norm': 1.5410581827163696, 'learning_rate': 6.287344746559249e-06, 'num_tokens': 139587357.0, 'mean_token_accuracy': 0.959622698277235, 'epoch': 2.09}
{'loss': 0.1286, 'grad_norm': 1.2820464372634888, 'learning_rate': 6.270560590802283e-06, 'num_tokens': 139747594.0, 'mean_token_accuracy': 0.9590189062058926, 'epoch': 2.09}
{'loss': 0.1304, 'grad_norm': 1.6073306798934937, 'learning_rate': 6.2537764350453174e-06, 'num_tokens': 139909117.0, 'mean_token_accuracy': 0.9595729820430279, 'epoch': 2.09}
{'loss': 0.1225, 'grad_norm': 1.568116545677185, 'learning_rate': 6.236992279288352e-06, 'num_tokens': 140075942.0, 'mean_token_accuracy': 0.9603294923901557, 'epoch': 2.09}
{'loss': 0.1235, 'grad_norm': 1.4362354278564453, 'learning_rate': 6.220208123531387e-06, 'num_tokens': 140228724.0, 'mean_token_accuracy': 0.9587930850684643, 'epoch': 2.1}
{'loss': 0.1299, 'grad_norm': 1.7133545875549316, 'learning_rate': 6.203423967774421e-06, 'num_tokens': 140389778.0, 'mean_token_accuracy': 0.9581875674426555, 'epoch': 2.1}
{'loss': 0.128, 'grad_norm': 1.1816704273223877, 'learning_rate': 6.186639812017457e-06, 'num_tokens': 140555711.0, 'mean_token_accuracy': 0.9592760272324086, 'epoch': 2.1}
{'loss': 0.1094, 'grad_norm': 1.4549401998519897, 'learning_rate': 6.169855656260491e-06, 'num_tokens': 140720095.0, 'mean_token_accuracy': 0.9634134583175182, 'epoch': 2.1}
{'loss': 0.1338, 'grad_norm': 1.2774299383163452, 'learning_rate': 6.153071500503525e-06, 'num_tokens': 140880781.0, 'mean_token_accuracy': 0.9565167300403118, 'epoch': 2.11}
{'loss': 0.1295, 'grad_norm': 1.7699339389801025, 'learning_rate': 6.1362873447465594e-06, 'num_tokens': 141046381.0, 'mean_token_accuracy': 0.9562948852777481, 'epoch': 2.11}
{'loss': 0.1252, 'grad_norm': 1.432838797569275, 'learning_rate': 6.119503188989594e-06, 'num_tokens': 141215751.0, 'mean_token_accuracy': 0.9590212211012841, 'epoch': 2.11}
{'loss': 0.1346, 'grad_norm': 1.4986315965652466, 'learning_rate': 6.102719033232629e-06, 'num_tokens': 141377234.0, 'mean_token_accuracy': 0.9562158480286598, 'epoch': 2.11}
{'loss': 0.1309, 'grad_norm': 1.3686238527297974, 'learning_rate': 6.085934877475663e-06, 'num_tokens': 141540018.0, 'mean_token_accuracy': 0.9582305006682873, 'epoch': 2.11}
{'loss': 0.1299, 'grad_norm': 1.4032838344573975, 'learning_rate': 6.069150721718699e-06, 'num_tokens': 141699253.0, 'mean_token_accuracy': 0.9587291926145554, 'epoch': 2.12}
{'loss': 0.1253, 'grad_norm': 1.3722105026245117, 'learning_rate': 6.052366565961733e-06, 'num_tokens': 141864408.0, 'mean_token_accuracy': 0.9604811713099479, 'epoch': 2.12}
{'loss': 0.1146, 'grad_norm': 1.2652829885482788, 'learning_rate': 6.035582410204767e-06, 'num_tokens': 142027803.0, 'mean_token_accuracy': 0.9624509997665882, 'epoch': 2.12}
{'loss': 0.121, 'grad_norm': 1.3242980241775513, 'learning_rate': 6.018798254447802e-06, 'num_tokens': 142191730.0, 'mean_token_accuracy': 0.9613929659128189, 'epoch': 2.12}
{'loss': 0.1257, 'grad_norm': 1.3370438814163208, 'learning_rate': 6.002014098690836e-06, 'num_tokens': 142352762.0, 'mean_token_accuracy': 0.9591554179787636, 'epoch': 2.13}
{'loss': 0.131, 'grad_norm': 1.7631797790527344, 'learning_rate': 5.985229942933871e-06, 'num_tokens': 142517132.0, 'mean_token_accuracy': 0.956676685065031, 'epoch': 2.13}
{'loss': 0.1246, 'grad_norm': 1.329496145248413, 'learning_rate': 5.968445787176905e-06, 'num_tokens': 142679445.0, 'mean_token_accuracy': 0.9608603842556477, 'epoch': 2.13}
{'loss': 0.1231, 'grad_norm': 1.194356083869934, 'learning_rate': 5.951661631419941e-06, 'num_tokens': 142844489.0, 'mean_token_accuracy': 0.9599887877702713, 'epoch': 2.13}
{'loss': 0.1244, 'grad_norm': 1.7176254987716675, 'learning_rate': 5.934877475662975e-06, 'num_tokens': 143013113.0, 'mean_token_accuracy': 0.9599972203373909, 'epoch': 2.14}
{'loss': 0.1372, 'grad_norm': 1.583377718925476, 'learning_rate': 5.918093319906009e-06, 'num_tokens': 143183058.0, 'mean_token_accuracy': 0.9558983318507671, 'epoch': 2.14}
{'loss': 0.1316, 'grad_norm': 1.227065086364746, 'learning_rate': 5.901309164149044e-06, 'num_tokens': 143342352.0, 'mean_token_accuracy': 0.9578274361789226, 'epoch': 2.14}
{'loss': 0.122, 'grad_norm': 1.2164300680160522, 'learning_rate': 5.884525008392078e-06, 'num_tokens': 143502281.0, 'mean_token_accuracy': 0.9600427791476249, 'epoch': 2.14}
{'loss': 0.128, 'grad_norm': 1.461814284324646, 'learning_rate': 5.867740852635113e-06, 'num_tokens': 143669770.0, 'mean_token_accuracy': 0.9584857806563377, 'epoch': 2.15}
{'loss': 0.117, 'grad_norm': 1.3781206607818604, 'learning_rate': 5.850956696878147e-06, 'num_tokens': 143825977.0, 'mean_token_accuracy': 0.9618329495191574, 'epoch': 2.15}
{'loss': 0.1187, 'grad_norm': 1.547459363937378, 'learning_rate': 5.834172541121183e-06, 'num_tokens': 143996380.0, 'mean_token_accuracy': 0.9615630641579628, 'epoch': 2.15}
{'loss': 0.1313, 'grad_norm': 1.2276880741119385, 'learning_rate': 5.817388385364217e-06, 'num_tokens': 144160202.0, 'mean_token_accuracy': 0.9580260775983334, 'epoch': 2.15}
{'loss': 0.1312, 'grad_norm': 1.200269103050232, 'learning_rate': 5.8006042296072515e-06, 'num_tokens': 144326529.0, 'mean_token_accuracy': 0.9584945499897003, 'epoch': 2.16}
{'loss': 0.1308, 'grad_norm': 1.4320615530014038, 'learning_rate': 5.783820073850286e-06, 'num_tokens': 144499065.0, 'mean_token_accuracy': 0.9584922201931476, 'epoch': 2.16}
{'loss': 0.1227, 'grad_norm': 1.2859270572662354, 'learning_rate': 5.76703591809332e-06, 'num_tokens': 144659393.0, 'mean_token_accuracy': 0.9590662725269794, 'epoch': 2.16}
{'loss': 0.1301, 'grad_norm': 1.1893284320831299, 'learning_rate': 5.750251762336355e-06, 'num_tokens': 144818320.0, 'mean_token_accuracy': 0.9581909857690334, 'epoch': 2.16}
{'loss': 0.1271, 'grad_norm': 1.3152339458465576, 'learning_rate': 5.733467606579389e-06, 'num_tokens': 144978322.0, 'mean_token_accuracy': 0.959152102470398, 'epoch': 2.17}
{'loss': 0.1291, 'grad_norm': 1.2001535892486572, 'learning_rate': 5.716683450822425e-06, 'num_tokens': 145144007.0, 'mean_token_accuracy': 0.9585362531244754, 'epoch': 2.17}
{'loss': 0.1173, 'grad_norm': 1.2476822137832642, 'learning_rate': 5.699899295065459e-06, 'num_tokens': 145309367.0, 'mean_token_accuracy': 0.9620198898017407, 'epoch': 2.17}
{'loss': 0.1199, 'grad_norm': 1.2338275909423828, 'learning_rate': 5.6831151393084934e-06, 'num_tokens': 145469187.0, 'mean_token_accuracy': 0.9616723164916039, 'epoch': 2.17}
{'loss': 0.1186, 'grad_norm': 1.2603245973587036, 'learning_rate': 5.666330983551528e-06, 'num_tokens': 145629563.0, 'mean_token_accuracy': 0.9607602640986442, 'epoch': 2.18}
{'loss': 0.137, 'grad_norm': 1.448163628578186, 'learning_rate': 5.649546827794562e-06, 'num_tokens': 145796560.0, 'mean_token_accuracy': 0.9571723803877831, 'epoch': 2.18}
{'loss': 0.1364, 'grad_norm': 1.2828389406204224, 'learning_rate': 5.632762672037597e-06, 'num_tokens': 145951904.0, 'mean_token_accuracy': 0.9571608148515225, 'epoch': 2.18}
{'loss': 0.1339, 'grad_norm': 1.387664794921875, 'learning_rate': 5.615978516280631e-06, 'num_tokens': 146114423.0, 'mean_token_accuracy': 0.9553562447428703, 'epoch': 2.18}
{'loss': 0.1383, 'grad_norm': 1.7106900215148926, 'learning_rate': 5.599194360523667e-06, 'num_tokens': 146272419.0, 'mean_token_accuracy': 0.9566143922507763, 'epoch': 2.19}
{'loss': 0.1278, 'grad_norm': 1.4701157808303833, 'learning_rate': 5.582410204766701e-06, 'num_tokens': 146444292.0, 'mean_token_accuracy': 0.9577580638229847, 'epoch': 2.19}
{'loss': 0.1258, 'grad_norm': 1.4386889934539795, 'learning_rate': 5.5656260490097354e-06, 'num_tokens': 146606035.0, 'mean_token_accuracy': 0.9596738420426846, 'epoch': 2.19}
{'loss': 0.1256, 'grad_norm': 1.1135088205337524, 'learning_rate': 5.54884189325277e-06, 'num_tokens': 146770814.0, 'mean_token_accuracy': 0.9600985810160637, 'epoch': 2.19}
{'loss': 0.123, 'grad_norm': 1.571321725845337, 'learning_rate': 5.532057737495804e-06, 'num_tokens': 146928961.0, 'mean_token_accuracy': 0.958725169301033, 'epoch': 2.2}
{'loss': 0.1199, 'grad_norm': 1.1650123596191406, 'learning_rate': 5.515273581738839e-06, 'num_tokens': 147097957.0, 'mean_token_accuracy': 0.9599069595336914, 'epoch': 2.2}
{'loss': 0.1237, 'grad_norm': 1.2640705108642578, 'learning_rate': 5.498489425981873e-06, 'num_tokens': 147257490.0, 'mean_token_accuracy': 0.9599457904696465, 'epoch': 2.2}
{'loss': 0.1311, 'grad_norm': 1.2369112968444824, 'learning_rate': 5.481705270224909e-06, 'num_tokens': 147432886.0, 'mean_token_accuracy': 0.9569985695183277, 'epoch': 2.2}
{'loss': 0.1211, 'grad_norm': 1.2885111570358276, 'learning_rate': 5.464921114467943e-06, 'num_tokens': 147589108.0, 'mean_token_accuracy': 0.9607852749526501, 'epoch': 2.21}
{'loss': 0.1194, 'grad_norm': 1.4215415716171265, 'learning_rate': 5.4481369587109774e-06, 'num_tokens': 147752231.0, 'mean_token_accuracy': 0.9611803978681565, 'epoch': 2.21}
{'loss': 0.1129, 'grad_norm': 1.3414089679718018, 'learning_rate': 5.431352802954012e-06, 'num_tokens': 147921943.0, 'mean_token_accuracy': 0.9621097154915332, 'epoch': 2.21}
{'loss': 0.1408, 'grad_norm': 1.2821919918060303, 'learning_rate': 5.414568647197046e-06, 'num_tokens': 148085169.0, 'mean_token_accuracy': 0.9548758119344711, 'epoch': 2.21}
{'loss': 0.132, 'grad_norm': 1.507997751235962, 'learning_rate': 5.397784491440081e-06, 'num_tokens': 148239179.0, 'mean_token_accuracy': 0.9565513245761395, 'epoch': 2.21}
{'loss': 0.1257, 'grad_norm': 1.2871595621109009, 'learning_rate': 5.381000335683115e-06, 'num_tokens': 148406476.0, 'mean_token_accuracy': 0.9594375230371952, 'epoch': 2.22}
{'loss': 0.1271, 'grad_norm': 1.435855507850647, 'learning_rate': 5.364216179926151e-06, 'num_tokens': 148573509.0, 'mean_token_accuracy': 0.9599902667105198, 'epoch': 2.22}
{'loss': 0.1203, 'grad_norm': 1.359369158744812, 'learning_rate': 5.347432024169185e-06, 'num_tokens': 148730907.0, 'mean_token_accuracy': 0.9602547205984593, 'epoch': 2.22}
{'loss': 0.1244, 'grad_norm': 1.3839266300201416, 'learning_rate': 5.3306478684122194e-06, 'num_tokens': 148896033.0, 'mean_token_accuracy': 0.9598802052438259, 'epoch': 2.22}
{'loss': 0.1228, 'grad_norm': 1.252805233001709, 'learning_rate': 5.313863712655254e-06, 'num_tokens': 149052781.0, 'mean_token_accuracy': 0.960342564433813, 'epoch': 2.23}
{'loss': 0.1314, 'grad_norm': 1.4380227327346802, 'learning_rate': 5.297079556898288e-06, 'num_tokens': 149219381.0, 'mean_token_accuracy': 0.9560938701033592, 'epoch': 2.23}
{'loss': 0.1193, 'grad_norm': 1.1002657413482666, 'learning_rate': 5.280295401141323e-06, 'num_tokens': 149383378.0, 'mean_token_accuracy': 0.9605456925928593, 'epoch': 2.23}
{'loss': 0.1123, 'grad_norm': 1.133169412612915, 'learning_rate': 5.263511245384357e-06, 'num_tokens': 149549173.0, 'mean_token_accuracy': 0.9626595281064511, 'epoch': 2.23}
{'loss': 0.1219, 'grad_norm': 1.1544270515441895, 'learning_rate': 5.246727089627393e-06, 'num_tokens': 149711153.0, 'mean_token_accuracy': 0.9601173594594001, 'epoch': 2.24}
{'loss': 0.1288, 'grad_norm': 1.6036077737808228, 'learning_rate': 5.229942933870427e-06, 'num_tokens': 149874159.0, 'mean_token_accuracy': 0.9590321414172649, 'epoch': 2.24}
{'loss': 0.1291, 'grad_norm': 1.2722845077514648, 'learning_rate': 5.2131587781134614e-06, 'num_tokens': 150042463.0, 'mean_token_accuracy': 0.9594298593699933, 'epoch': 2.24}
{'loss': 0.1163, 'grad_norm': 1.1615374088287354, 'learning_rate': 5.196374622356496e-06, 'num_tokens': 150215488.0, 'mean_token_accuracy': 0.9602136291563511, 'epoch': 2.24}
{'loss': 0.1331, 'grad_norm': 1.4536274671554565, 'learning_rate': 5.17959046659953e-06, 'num_tokens': 150384720.0, 'mean_token_accuracy': 0.956980387121439, 'epoch': 2.25}
{'loss': 0.1248, 'grad_norm': 1.396321177482605, 'learning_rate': 5.162806310842565e-06, 'num_tokens': 150550229.0, 'mean_token_accuracy': 0.9601518876850605, 'epoch': 2.25}
{'loss': 0.1274, 'grad_norm': 1.1892287731170654, 'learning_rate': 5.146022155085599e-06, 'num_tokens': 150709115.0, 'mean_token_accuracy': 0.95906433314085, 'epoch': 2.25}
{'loss': 0.1318, 'grad_norm': 1.1725651025772095, 'learning_rate': 5.129237999328635e-06, 'num_tokens': 150879641.0, 'mean_token_accuracy': 0.9574863739311695, 'epoch': 2.25}
{'loss': 0.1232, 'grad_norm': 1.226112961769104, 'learning_rate': 5.112453843571669e-06, 'num_tokens': 151041360.0, 'mean_token_accuracy': 0.9594291597604752, 'epoch': 2.26}
{'loss': 0.1188, 'grad_norm': 1.3743646144866943, 'learning_rate': 5.095669687814703e-06, 'num_tokens': 151205636.0, 'mean_token_accuracy': 0.9611682593822479, 'epoch': 2.26}
{'loss': 0.1298, 'grad_norm': 1.7225005626678467, 'learning_rate': 5.078885532057738e-06, 'num_tokens': 151363168.0, 'mean_token_accuracy': 0.9564769111573697, 'epoch': 2.26}
{'loss': 0.1257, 'grad_norm': 1.2225182056427002, 'learning_rate': 5.062101376300772e-06, 'num_tokens': 151529660.0, 'mean_token_accuracy': 0.959638049453497, 'epoch': 2.26}
{'loss': 0.1187, 'grad_norm': 1.33004629611969, 'learning_rate': 5.045317220543807e-06, 'num_tokens': 151691657.0, 'mean_token_accuracy': 0.9610699184238911, 'epoch': 2.27}
{'loss': 0.1217, 'grad_norm': 1.4171019792556763, 'learning_rate': 5.028533064786841e-06, 'num_tokens': 151841556.0, 'mean_token_accuracy': 0.9597004733979702, 'epoch': 2.27}
{'loss': 0.115, 'grad_norm': 1.5377187728881836, 'learning_rate': 5.011748909029877e-06, 'num_tokens': 152004443.0, 'mean_token_accuracy': 0.9618124835193157, 'epoch': 2.27}
{'loss': 0.1367, 'grad_norm': 1.6978718042373657, 'learning_rate': 4.994964753272911e-06, 'num_tokens': 152172145.0, 'mean_token_accuracy': 0.9574252724647522, 'epoch': 2.27}
{'loss': 0.1274, 'grad_norm': 1.5684245824813843, 'learning_rate': 4.978180597515945e-06, 'num_tokens': 152339141.0, 'mean_token_accuracy': 0.9580928824841977, 'epoch': 2.28}
{'loss': 0.1305, 'grad_norm': 1.506205439567566, 'learning_rate': 4.96139644175898e-06, 'num_tokens': 152502174.0, 'mean_token_accuracy': 0.9582951344549656, 'epoch': 2.28}
{'loss': 0.1272, 'grad_norm': 1.217903733253479, 'learning_rate': 4.944612286002014e-06, 'num_tokens': 152662558.0, 'mean_token_accuracy': 0.959950452297926, 'epoch': 2.28}
{'loss': 0.128, 'grad_norm': 1.3539618253707886, 'learning_rate': 4.927828130245049e-06, 'num_tokens': 152825573.0, 'mean_token_accuracy': 0.9590560384094715, 'epoch': 2.28}
{'loss': 0.1209, 'grad_norm': 1.3478049039840698, 'learning_rate': 4.911043974488084e-06, 'num_tokens': 152986657.0, 'mean_token_accuracy': 0.961151147633791, 'epoch': 2.29}
{'loss': 0.1318, 'grad_norm': 1.162165880203247, 'learning_rate': 4.894259818731118e-06, 'num_tokens': 153157307.0, 'mean_token_accuracy': 0.9580813184380531, 'epoch': 2.29}
{'loss': 0.1297, 'grad_norm': 1.3650360107421875, 'learning_rate': 4.877475662974153e-06, 'num_tokens': 153314983.0, 'mean_token_accuracy': 0.9589394569396973, 'epoch': 2.29}
{'loss': 0.1412, 'grad_norm': 1.3844273090362549, 'learning_rate': 4.860691507217187e-06, 'num_tokens': 153479585.0, 'mean_token_accuracy': 0.9552303977310658, 'epoch': 2.29}
{'loss': 0.127, 'grad_norm': 1.4644330739974976, 'learning_rate': 4.843907351460222e-06, 'num_tokens': 153640663.0, 'mean_token_accuracy': 0.9588879473507405, 'epoch': 2.3}
{'loss': 0.1282, 'grad_norm': 1.4696542024612427, 'learning_rate': 4.827123195703256e-06, 'num_tokens': 153804525.0, 'mean_token_accuracy': 0.9587259158492089, 'epoch': 2.3}
{'loss': 0.1205, 'grad_norm': 1.2280759811401367, 'learning_rate': 4.810339039946291e-06, 'num_tokens': 153970416.0, 'mean_token_accuracy': 0.9604226127266884, 'epoch': 2.3}
{'loss': 0.123, 'grad_norm': 1.1537384986877441, 'learning_rate': 4.793554884189326e-06, 'num_tokens': 154134349.0, 'mean_token_accuracy': 0.9594764061272144, 'epoch': 2.3}
{'loss': 0.1175, 'grad_norm': 1.4804235696792603, 'learning_rate': 4.77677072843236e-06, 'num_tokens': 154299268.0, 'mean_token_accuracy': 0.962475860118866, 'epoch': 2.31}
{'loss': 0.1226, 'grad_norm': 1.4143389463424683, 'learning_rate': 4.759986572675395e-06, 'num_tokens': 154460895.0, 'mean_token_accuracy': 0.9595090299844742, 'epoch': 2.31}
{'loss': 0.1195, 'grad_norm': 1.217363715171814, 'learning_rate': 4.743202416918429e-06, 'num_tokens': 154626453.0, 'mean_token_accuracy': 0.9608970351517201, 'epoch': 2.31}
{'loss': 0.1247, 'grad_norm': 1.290148377418518, 'learning_rate': 4.726418261161464e-06, 'num_tokens': 154798233.0, 'mean_token_accuracy': 0.9598388515412808, 'epoch': 2.31}
{'loss': 0.1266, 'grad_norm': 1.4543825387954712, 'learning_rate': 4.709634105404499e-06, 'num_tokens': 154962506.0, 'mean_token_accuracy': 0.9590597100555897, 'epoch': 2.32}
{'loss': 0.1243, 'grad_norm': 1.207184910774231, 'learning_rate': 4.692849949647533e-06, 'num_tokens': 155125587.0, 'mean_token_accuracy': 0.9600158534944058, 'epoch': 2.32}
{'loss': 0.1253, 'grad_norm': 1.311551809310913, 'learning_rate': 4.676065793890568e-06, 'num_tokens': 155291517.0, 'mean_token_accuracy': 0.9589134320616722, 'epoch': 2.32}
{'loss': 0.1315, 'grad_norm': 1.2496225833892822, 'learning_rate': 4.659281638133602e-06, 'num_tokens': 155459350.0, 'mean_token_accuracy': 0.9571726098656654, 'epoch': 2.32}
{'loss': 0.121, 'grad_norm': 1.3604834079742432, 'learning_rate': 4.642497482376637e-06, 'num_tokens': 155619226.0, 'mean_token_accuracy': 0.9610726505517959, 'epoch': 2.32}
{'loss': 0.1237, 'grad_norm': 1.211885690689087, 'learning_rate': 4.625713326619671e-06, 'num_tokens': 155785605.0, 'mean_token_accuracy': 0.9584990672767162, 'epoch': 2.33}
{'loss': 0.1259, 'grad_norm': 1.0903122425079346, 'learning_rate': 4.608929170862706e-06, 'num_tokens': 155956716.0, 'mean_token_accuracy': 0.9591608799993991, 'epoch': 2.33}
{'loss': 0.1249, 'grad_norm': 1.2568352222442627, 'learning_rate': 4.592145015105741e-06, 'num_tokens': 156118796.0, 'mean_token_accuracy': 0.9609074614942074, 'epoch': 2.33}
{'loss': 0.127, 'grad_norm': 1.3198415040969849, 'learning_rate': 4.575360859348775e-06, 'num_tokens': 156287618.0, 'mean_token_accuracy': 0.9588923461735248, 'epoch': 2.33}
{'loss': 0.1379, 'grad_norm': 1.3972642421722412, 'learning_rate': 4.55857670359181e-06, 'num_tokens': 156450980.0, 'mean_token_accuracy': 0.9555514931678772, 'epoch': 2.34}
{'loss': 0.1207, 'grad_norm': 1.3190985918045044, 'learning_rate': 4.541792547834844e-06, 'num_tokens': 156618504.0, 'mean_token_accuracy': 0.9601083651185036, 'epoch': 2.34}
{'loss': 0.1146, 'grad_norm': 1.0762826204299927, 'learning_rate': 4.5250083920778786e-06, 'num_tokens': 156775673.0, 'mean_token_accuracy': 0.9631171025335789, 'epoch': 2.34}
{'loss': 0.1261, 'grad_norm': 1.418898582458496, 'learning_rate': 4.508224236320913e-06, 'num_tokens': 156934396.0, 'mean_token_accuracy': 0.9590349957346916, 'epoch': 2.34}
{'loss': 0.121, 'grad_norm': 1.5862866640090942, 'learning_rate': 4.491440080563948e-06, 'num_tokens': 157093701.0, 'mean_token_accuracy': 0.9605600856244564, 'epoch': 2.35}
{'loss': 0.1223, 'grad_norm': 1.3219237327575684, 'learning_rate': 4.474655924806983e-06, 'num_tokens': 157258068.0, 'mean_token_accuracy': 0.9608529344201088, 'epoch': 2.35}
{'loss': 0.1301, 'grad_norm': 1.4314957857131958, 'learning_rate': 4.457871769050017e-06, 'num_tokens': 157417026.0, 'mean_token_accuracy': 0.958829290419817, 'epoch': 2.35}
{'loss': 0.1337, 'grad_norm': 1.3061884641647339, 'learning_rate': 4.441087613293052e-06, 'num_tokens': 157586163.0, 'mean_token_accuracy': 0.9578045457601547, 'epoch': 2.35}
{'loss': 0.1172, 'grad_norm': 1.5349589586257935, 'learning_rate': 4.424303457536086e-06, 'num_tokens': 157749998.0, 'mean_token_accuracy': 0.9615100592374801, 'epoch': 2.36}
{'loss': 0.1199, 'grad_norm': 1.2252413034439087, 'learning_rate': 4.4075193017791206e-06, 'num_tokens': 157916143.0, 'mean_token_accuracy': 0.96063988879323, 'epoch': 2.36}
{'loss': 0.1243, 'grad_norm': 1.5460046529769897, 'learning_rate': 4.390735146022155e-06, 'num_tokens': 158071789.0, 'mean_token_accuracy': 0.9610459052026272, 'epoch': 2.36}
{'loss': 0.1348, 'grad_norm': 1.444362998008728, 'learning_rate': 4.37395099026519e-06, 'num_tokens': 158231133.0, 'mean_token_accuracy': 0.9551741026341916, 'epoch': 2.36}
{'loss': 0.1227, 'grad_norm': 1.4941585063934326, 'learning_rate': 4.357166834508225e-06, 'num_tokens': 158394173.0, 'mean_token_accuracy': 0.9610910773277282, 'epoch': 2.37}
{'loss': 0.1286, 'grad_norm': 1.2399189472198486, 'learning_rate': 4.340382678751259e-06, 'num_tokens': 158560311.0, 'mean_token_accuracy': 0.9585957288742065, 'epoch': 2.37}
{'loss': 0.1265, 'grad_norm': 1.6797188520431519, 'learning_rate': 4.323598522994294e-06, 'num_tokens': 158718476.0, 'mean_token_accuracy': 0.9591546274721623, 'epoch': 2.37}
{'loss': 0.1415, 'grad_norm': 1.2119141817092896, 'learning_rate': 4.306814367237328e-06, 'num_tokens': 158878870.0, 'mean_token_accuracy': 0.9576236411929131, 'epoch': 2.37}
{'loss': 0.1296, 'grad_norm': 1.7541754245758057, 'learning_rate': 4.2900302114803626e-06, 'num_tokens': 159036878.0, 'mean_token_accuracy': 0.959036099165678, 'epoch': 2.38}
{'loss': 0.1252, 'grad_norm': 1.289110541343689, 'learning_rate': 4.273246055723397e-06, 'num_tokens': 159196879.0, 'mean_token_accuracy': 0.9589077331125736, 'epoch': 2.38}
{'loss': 0.1238, 'grad_norm': 1.3735672235488892, 'learning_rate': 4.256461899966432e-06, 'num_tokens': 159366943.0, 'mean_token_accuracy': 0.9594617955386638, 'epoch': 2.38}
{'loss': 0.124, 'grad_norm': 1.555302381515503, 'learning_rate': 4.239677744209467e-06, 'num_tokens': 159531258.0, 'mean_token_accuracy': 0.9613508962094783, 'epoch': 2.38}
{'loss': 0.1356, 'grad_norm': 1.6366591453552246, 'learning_rate': 4.222893588452501e-06, 'num_tokens': 159691708.0, 'mean_token_accuracy': 0.9579048998653888, 'epoch': 2.39}
{'loss': 0.1342, 'grad_norm': 1.425663709640503, 'learning_rate': 4.206109432695536e-06, 'num_tokens': 159860162.0, 'mean_token_accuracy': 0.958911307901144, 'epoch': 2.39}
{'loss': 0.1189, 'grad_norm': 1.3040679693222046, 'learning_rate': 4.189325276938571e-06, 'num_tokens': 160029003.0, 'mean_token_accuracy': 0.9616588801145554, 'epoch': 2.39}
{'loss': 0.1202, 'grad_norm': 1.3120083808898926, 'learning_rate': 4.1725411211816046e-06, 'num_tokens': 160198245.0, 'mean_token_accuracy': 0.9597929656505585, 'epoch': 2.39}
{'loss': 0.1294, 'grad_norm': 1.0725826025009155, 'learning_rate': 4.155756965424639e-06, 'num_tokens': 160364062.0, 'mean_token_accuracy': 0.9603567577898502, 'epoch': 2.4}
{'loss': 0.1178, 'grad_norm': 1.6157827377319336, 'learning_rate': 4.138972809667674e-06, 'num_tokens': 160517306.0, 'mean_token_accuracy': 0.9604970052838325, 'epoch': 2.4}
{'loss': 0.1327, 'grad_norm': 1.4222471714019775, 'learning_rate': 4.122188653910709e-06, 'num_tokens': 160672272.0, 'mean_token_accuracy': 0.9592669159173965, 'epoch': 2.4}
{'loss': 0.1343, 'grad_norm': 1.3781156539916992, 'learning_rate': 4.105404498153743e-06, 'num_tokens': 160842927.0, 'mean_token_accuracy': 0.9572599261999131, 'epoch': 2.4}
{'loss': 0.1238, 'grad_norm': 1.382691502571106, 'learning_rate': 4.088620342396778e-06, 'num_tokens': 161005882.0, 'mean_token_accuracy': 0.9589909203350544, 'epoch': 2.41}
{'loss': 0.1353, 'grad_norm': 1.2902559041976929, 'learning_rate': 4.071836186639813e-06, 'num_tokens': 161169027.0, 'mean_token_accuracy': 0.9573609910905361, 'epoch': 2.41}
{'loss': 0.1248, 'grad_norm': 1.4691137075424194, 'learning_rate': 4.0550520308828465e-06, 'num_tokens': 161328374.0, 'mean_token_accuracy': 0.959508053213358, 'epoch': 2.41}
{'loss': 0.1251, 'grad_norm': 1.4295164346694946, 'learning_rate': 4.038267875125881e-06, 'num_tokens': 161493641.0, 'mean_token_accuracy': 0.9590900436043739, 'epoch': 2.41}
{'loss': 0.1304, 'grad_norm': 1.1006739139556885, 'learning_rate': 4.021483719368916e-06, 'num_tokens': 161656348.0, 'mean_token_accuracy': 0.9574028454720974, 'epoch': 2.42}
{'loss': 0.1098, 'grad_norm': 1.4462018013000488, 'learning_rate': 4.004699563611951e-06, 'num_tokens': 161824626.0, 'mean_token_accuracy': 0.9642857931554317, 'epoch': 2.42}
{'loss': 0.1213, 'grad_norm': 1.4592993259429932, 'learning_rate': 3.987915407854985e-06, 'num_tokens': 161985264.0, 'mean_token_accuracy': 0.9593287788331508, 'epoch': 2.42}
{'loss': 0.1257, 'grad_norm': 1.2291741371154785, 'learning_rate': 3.97113125209802e-06, 'num_tokens': 162159661.0, 'mean_token_accuracy': 0.9587601438164711, 'epoch': 2.42}
{'loss': 0.1249, 'grad_norm': 1.4104582071304321, 'learning_rate': 3.954347096341055e-06, 'num_tokens': 162321325.0, 'mean_token_accuracy': 0.9600362114608287, 'epoch': 2.42}
{'loss': 0.1247, 'grad_norm': 1.390170931816101, 'learning_rate': 3.9375629405840885e-06, 'num_tokens': 162481645.0, 'mean_token_accuracy': 0.9581583917140961, 'epoch': 2.43}
{'loss': 0.129, 'grad_norm': 1.4262768030166626, 'learning_rate': 3.920778784827123e-06, 'num_tokens': 162644417.0, 'mean_token_accuracy': 0.9591714628040791, 'epoch': 2.43}
{'loss': 0.1158, 'grad_norm': 1.2527191638946533, 'learning_rate': 3.903994629070158e-06, 'num_tokens': 162805540.0, 'mean_token_accuracy': 0.9620338581502438, 'epoch': 2.43}
{'loss': 0.1168, 'grad_norm': 1.3052899837493896, 'learning_rate': 3.887210473313193e-06, 'num_tokens': 162963717.0, 'mean_token_accuracy': 0.9618902422487736, 'epoch': 2.43}
{'loss': 0.1258, 'grad_norm': 1.6692991256713867, 'learning_rate': 3.870426317556227e-06, 'num_tokens': 163122565.0, 'mean_token_accuracy': 0.9592847786843777, 'epoch': 2.44}
{'loss': 0.13, 'grad_norm': 1.2982820272445679, 'learning_rate': 3.853642161799262e-06, 'num_tokens': 163282083.0, 'mean_token_accuracy': 0.9583470307290554, 'epoch': 2.44}
{'loss': 0.1321, 'grad_norm': 1.2702773809432983, 'learning_rate': 3.8368580060422966e-06, 'num_tokens': 163447116.0, 'mean_token_accuracy': 0.9586457908153534, 'epoch': 2.44}
{'loss': 0.1255, 'grad_norm': 1.4137868881225586, 'learning_rate': 3.8200738502853305e-06, 'num_tokens': 163608119.0, 'mean_token_accuracy': 0.9595311254262924, 'epoch': 2.44}
{'loss': 0.1169, 'grad_norm': 1.3377728462219238, 'learning_rate': 3.8032896945283653e-06, 'num_tokens': 163775479.0, 'mean_token_accuracy': 0.9612140983343125, 'epoch': 2.45}
{'loss': 0.1193, 'grad_norm': 1.5697040557861328, 'learning_rate': 3.7865055387714e-06, 'num_tokens': 163939723.0, 'mean_token_accuracy': 0.9609634444117546, 'epoch': 2.45}
{'loss': 0.1217, 'grad_norm': 1.3997970819473267, 'learning_rate': 3.7697213830144346e-06, 'num_tokens': 164104750.0, 'mean_token_accuracy': 0.9619376540184021, 'epoch': 2.45}
{'loss': 0.1209, 'grad_norm': 1.3353898525238037, 'learning_rate': 3.7529372272574694e-06, 'num_tokens': 164266949.0, 'mean_token_accuracy': 0.9605990692973136, 'epoch': 2.45}
{'loss': 0.1141, 'grad_norm': 1.4486451148986816, 'learning_rate': 3.736153071500504e-06, 'num_tokens': 164428133.0, 'mean_token_accuracy': 0.962857261300087, 'epoch': 2.46}
{'loss': 0.1251, 'grad_norm': 1.217464804649353, 'learning_rate': 3.7193689157435386e-06, 'num_tokens': 164585608.0, 'mean_token_accuracy': 0.9601017154753209, 'epoch': 2.46}
{'loss': 0.1236, 'grad_norm': 1.5482282638549805, 'learning_rate': 3.7025847599865725e-06, 'num_tokens': 164746131.0, 'mean_token_accuracy': 0.9597796060144901, 'epoch': 2.46}
{'loss': 0.1266, 'grad_norm': 1.219664454460144, 'learning_rate': 3.6858006042296073e-06, 'num_tokens': 164916488.0, 'mean_token_accuracy': 0.9604889549314976, 'epoch': 2.46}
{'loss': 0.1202, 'grad_norm': 1.184251308441162, 'learning_rate': 3.669016448472642e-06, 'num_tokens': 165078491.0, 'mean_token_accuracy': 0.9616831913590431, 'epoch': 2.47}
{'loss': 0.1255, 'grad_norm': 1.196760892868042, 'learning_rate': 3.6522322927156765e-06, 'num_tokens': 165245870.0, 'mean_token_accuracy': 0.9594721019268035, 'epoch': 2.47}
{'loss': 0.1227, 'grad_norm': 1.463109016418457, 'learning_rate': 3.6354481369587114e-06, 'num_tokens': 165395542.0, 'mean_token_accuracy': 0.9608358487486839, 'epoch': 2.47}
{'loss': 0.1187, 'grad_norm': 1.3035310506820679, 'learning_rate': 3.618663981201746e-06, 'num_tokens': 165560760.0, 'mean_token_accuracy': 0.9610051959753036, 'epoch': 2.47}
{'loss': 0.122, 'grad_norm': 1.3656219244003296, 'learning_rate': 3.6018798254447806e-06, 'num_tokens': 165726109.0, 'mean_token_accuracy': 0.9602187238633633, 'epoch': 2.48}
{'loss': 0.1177, 'grad_norm': 1.2855266332626343, 'learning_rate': 3.585095669687815e-06, 'num_tokens': 165884494.0, 'mean_token_accuracy': 0.9611242093145848, 'epoch': 2.48}
{'loss': 0.1246, 'grad_norm': 1.2648273706436157, 'learning_rate': 3.5683115139308493e-06, 'num_tokens': 166045066.0, 'mean_token_accuracy': 0.9596304729580879, 'epoch': 2.48}
{'loss': 0.1224, 'grad_norm': 1.1899183988571167, 'learning_rate': 3.551527358173884e-06, 'num_tokens': 166204969.0, 'mean_token_accuracy': 0.9615691035985947, 'epoch': 2.48}
{'loss': 0.1251, 'grad_norm': 1.2604296207427979, 'learning_rate': 3.5347432024169185e-06, 'num_tokens': 166372433.0, 'mean_token_accuracy': 0.9590600185096264, 'epoch': 2.49}
{'loss': 0.1234, 'grad_norm': 1.3951373100280762, 'learning_rate': 3.5179590466599534e-06, 'num_tokens': 166534047.0, 'mean_token_accuracy': 0.9606604978442193, 'epoch': 2.49}
{'loss': 0.1304, 'grad_norm': 1.106260895729065, 'learning_rate': 3.501174890902988e-06, 'num_tokens': 166702770.0, 'mean_token_accuracy': 0.9583179146051407, 'epoch': 2.49}
{'loss': 0.1241, 'grad_norm': 1.2770185470581055, 'learning_rate': 3.4843907351460226e-06, 'num_tokens': 166863332.0, 'mean_token_accuracy': 0.9609673373401165, 'epoch': 2.49}
{'loss': 0.1211, 'grad_norm': 1.3930994272232056, 'learning_rate': 3.467606579389057e-06, 'num_tokens': 167022889.0, 'mean_token_accuracy': 0.9611979871988297, 'epoch': 2.5}
{'loss': 0.1164, 'grad_norm': 1.2506753206253052, 'learning_rate': 3.4508224236320913e-06, 'num_tokens': 167191193.0, 'mean_token_accuracy': 0.9631877519190312, 'epoch': 2.5}
{'loss': 0.1276, 'grad_norm': 1.2319191694259644, 'learning_rate': 3.434038267875126e-06, 'num_tokens': 167351482.0, 'mean_token_accuracy': 0.9598300568759441, 'epoch': 2.5}
{'loss': 0.1138, 'grad_norm': 1.396328091621399, 'learning_rate': 3.4172541121181605e-06, 'num_tokens': 167510984.0, 'mean_token_accuracy': 0.9628029085695744, 'epoch': 2.5}
{'loss': 0.1122, 'grad_norm': 1.3352768421173096, 'learning_rate': 3.4004699563611953e-06, 'num_tokens': 167671256.0, 'mean_token_accuracy': 0.962708729505539, 'epoch': 2.51}
{'loss': 0.1394, 'grad_norm': 1.3477689027786255, 'learning_rate': 3.38368580060423e-06, 'num_tokens': 167828226.0, 'mean_token_accuracy': 0.9554711207747459, 'epoch': 2.51}
{'loss': 0.1298, 'grad_norm': 1.4790998697280884, 'learning_rate': 3.3669016448472645e-06, 'num_tokens': 167987871.0, 'mean_token_accuracy': 0.9583740338683129, 'epoch': 2.51}
{'loss': 0.1155, 'grad_norm': 1.2850083112716675, 'learning_rate': 3.350117489090299e-06, 'num_tokens': 168149331.0, 'mean_token_accuracy': 0.9619662046432496, 'epoch': 2.51}
{'loss': 0.1198, 'grad_norm': 1.6425750255584717, 'learning_rate': 3.3333333333333333e-06, 'num_tokens': 168307169.0, 'mean_token_accuracy': 0.9618225187063217, 'epoch': 2.52}
{'loss': 0.1233, 'grad_norm': 1.2516475915908813, 'learning_rate': 3.316549177576368e-06, 'num_tokens': 168470338.0, 'mean_token_accuracy': 0.9612888865172863, 'epoch': 2.52}
{'loss': 0.1214, 'grad_norm': 1.412354588508606, 'learning_rate': 3.2997650218194025e-06, 'num_tokens': 168637532.0, 'mean_token_accuracy': 0.9596755236387253, 'epoch': 2.52}
{'loss': 0.1241, 'grad_norm': 1.442165732383728, 'learning_rate': 3.2829808660624373e-06, 'num_tokens': 168807704.0, 'mean_token_accuracy': 0.9594103045761585, 'epoch': 2.52}
{'loss': 0.1312, 'grad_norm': 1.3020679950714111, 'learning_rate': 3.266196710305472e-06, 'num_tokens': 168963195.0, 'mean_token_accuracy': 0.957029140740633, 'epoch': 2.53}
{'loss': 0.1223, 'grad_norm': 1.4278032779693604, 'learning_rate': 3.2494125545485065e-06, 'num_tokens': 169126698.0, 'mean_token_accuracy': 0.9609797991812229, 'epoch': 2.53}
{'loss': 0.1242, 'grad_norm': 1.534010410308838, 'learning_rate': 3.232628398791541e-06, 'num_tokens': 169288908.0, 'mean_token_accuracy': 0.9600289091467857, 'epoch': 2.53}
{'loss': 0.1136, 'grad_norm': 1.1779388189315796, 'learning_rate': 3.2158442430345753e-06, 'num_tokens': 169448365.0, 'mean_token_accuracy': 0.96198545768857, 'epoch': 2.53}
{'loss': 0.1218, 'grad_norm': 1.6095348596572876, 'learning_rate': 3.19906008727761e-06, 'num_tokens': 169608329.0, 'mean_token_accuracy': 0.9608958318829537, 'epoch': 2.53}
{'loss': 0.1233, 'grad_norm': 1.462445616722107, 'learning_rate': 3.182275931520645e-06, 'num_tokens': 169773400.0, 'mean_token_accuracy': 0.9613500766456127, 'epoch': 2.54}
{'loss': 0.1192, 'grad_norm': 1.4917809963226318, 'learning_rate': 3.1654917757636793e-06, 'num_tokens': 169938741.0, 'mean_token_accuracy': 0.9609983094036579, 'epoch': 2.54}
{'loss': 0.1311, 'grad_norm': 1.3060156106948853, 'learning_rate': 3.148707620006714e-06, 'num_tokens': 170093835.0, 'mean_token_accuracy': 0.9591645635664463, 'epoch': 2.54}
{'loss': 0.1187, 'grad_norm': 1.3253083229064941, 'learning_rate': 3.1319234642497485e-06, 'num_tokens': 170250221.0, 'mean_token_accuracy': 0.9612081475555897, 'epoch': 2.54}
{'loss': 0.1246, 'grad_norm': 1.2755318880081177, 'learning_rate': 3.1151393084927833e-06, 'num_tokens': 170417451.0, 'mean_token_accuracy': 0.9584653504192829, 'epoch': 2.55}
{'loss': 0.1196, 'grad_norm': 1.271960973739624, 'learning_rate': 3.0983551527358173e-06, 'num_tokens': 170590678.0, 'mean_token_accuracy': 0.9605235464870929, 'epoch': 2.55}
{'loss': 0.1304, 'grad_norm': 1.2787115573883057, 'learning_rate': 3.081570996978852e-06, 'num_tokens': 170755429.0, 'mean_token_accuracy': 0.9587157480418682, 'epoch': 2.55}
{'loss': 0.1174, 'grad_norm': 1.558590054512024, 'learning_rate': 3.064786841221887e-06, 'num_tokens': 170924984.0, 'mean_token_accuracy': 0.9625677332282067, 'epoch': 2.55}
{'loss': 0.1301, 'grad_norm': 1.633091926574707, 'learning_rate': 3.0480026854649213e-06, 'num_tokens': 171083382.0, 'mean_token_accuracy': 0.9583266407251358, 'epoch': 2.56}
{'loss': 0.1267, 'grad_norm': 1.1757228374481201, 'learning_rate': 3.031218529707956e-06, 'num_tokens': 171255203.0, 'mean_token_accuracy': 0.9605291865766048, 'epoch': 2.56}
{'loss': 0.1125, 'grad_norm': 1.4821926355361938, 'learning_rate': 3.0144343739509905e-06, 'num_tokens': 171412923.0, 'mean_token_accuracy': 0.9626619026064873, 'epoch': 2.56}
{'loss': 0.1327, 'grad_norm': 1.6519440412521362, 'learning_rate': 2.9976502181940253e-06, 'num_tokens': 171578842.0, 'mean_token_accuracy': 0.9575151734054088, 'epoch': 2.56}
{'loss': 0.121, 'grad_norm': 1.3024910688400269, 'learning_rate': 2.9808660624370593e-06, 'num_tokens': 171745508.0, 'mean_token_accuracy': 0.9606510564684868, 'epoch': 2.57}
{'loss': 0.113, 'grad_norm': 1.1206457614898682, 'learning_rate': 2.964081906680094e-06, 'num_tokens': 171905434.0, 'mean_token_accuracy': 0.9638491377234459, 'epoch': 2.57}
{'loss': 0.131, 'grad_norm': 1.2283148765563965, 'learning_rate': 2.947297750923129e-06, 'num_tokens': 172070860.0, 'mean_token_accuracy': 0.9565826013684273, 'epoch': 2.57}
{'loss': 0.1267, 'grad_norm': 1.2970000505447388, 'learning_rate': 2.9305135951661633e-06, 'num_tokens': 172248917.0, 'mean_token_accuracy': 0.9606681741774082, 'epoch': 2.57}
{'loss': 0.1169, 'grad_norm': 1.481291651725769, 'learning_rate': 2.913729439409198e-06, 'num_tokens': 172402247.0, 'mean_token_accuracy': 0.9624764457345009, 'epoch': 2.58}
{'loss': 0.1283, 'grad_norm': 1.1798553466796875, 'learning_rate': 2.8969452836522325e-06, 'num_tokens': 172566327.0, 'mean_token_accuracy': 0.9597262971103191, 'epoch': 2.58}
{'loss': 0.1246, 'grad_norm': 1.4396318197250366, 'learning_rate': 2.8801611278952673e-06, 'num_tokens': 172735283.0, 'mean_token_accuracy': 0.95986148416996, 'epoch': 2.58}
{'loss': 0.1238, 'grad_norm': 1.2275537252426147, 'learning_rate': 2.8633769721383013e-06, 'num_tokens': 172898594.0, 'mean_token_accuracy': 0.9602598272264004, 'epoch': 2.58}
{'loss': 0.1202, 'grad_norm': 1.4852590560913086, 'learning_rate': 2.846592816381336e-06, 'num_tokens': 173068401.0, 'mean_token_accuracy': 0.9618794843554497, 'epoch': 2.59}
{'loss': 0.1251, 'grad_norm': 1.2999634742736816, 'learning_rate': 2.829808660624371e-06, 'num_tokens': 173236371.0, 'mean_token_accuracy': 0.9587621562182903, 'epoch': 2.59}
{'loss': 0.1262, 'grad_norm': 1.6469006538391113, 'learning_rate': 2.8130245048674053e-06, 'num_tokens': 173410817.0, 'mean_token_accuracy': 0.9579665772616863, 'epoch': 2.59}
{'loss': 0.1188, 'grad_norm': 1.283353567123413, 'learning_rate': 2.79624034911044e-06, 'num_tokens': 173573594.0, 'mean_token_accuracy': 0.9603263564407826, 'epoch': 2.59}
{'loss': 0.1147, 'grad_norm': 1.2583245038986206, 'learning_rate': 2.7794561933534745e-06, 'num_tokens': 173739405.0, 'mean_token_accuracy': 0.9639084354043007, 'epoch': 2.6}
{'loss': 0.118, 'grad_norm': 1.1510447263717651, 'learning_rate': 2.7626720375965093e-06, 'num_tokens': 173905796.0, 'mean_token_accuracy': 0.9604704476892948, 'epoch': 2.6}
{'loss': 0.1183, 'grad_norm': 1.3171017169952393, 'learning_rate': 2.7458878818395433e-06, 'num_tokens': 174069686.0, 'mean_token_accuracy': 0.9600050181150437, 'epoch': 2.6}
{'loss': 0.125, 'grad_norm': 1.3570849895477295, 'learning_rate': 2.729103726082578e-06, 'num_tokens': 174235729.0, 'mean_token_accuracy': 0.9588918820023536, 'epoch': 2.6}
{'loss': 0.1261, 'grad_norm': 1.46867835521698, 'learning_rate': 2.712319570325613e-06, 'num_tokens': 174400858.0, 'mean_token_accuracy': 0.9590764842927456, 'epoch': 2.61}
{'loss': 0.1102, 'grad_norm': 1.3710285425186157, 'learning_rate': 2.6955354145686473e-06, 'num_tokens': 174564142.0, 'mean_token_accuracy': 0.9634418569505214, 'epoch': 2.61}
{'loss': 0.123, 'grad_norm': 1.495606780052185, 'learning_rate': 2.678751258811682e-06, 'num_tokens': 174726782.0, 'mean_token_accuracy': 0.9601951412856579, 'epoch': 2.61}
{'loss': 0.1243, 'grad_norm': 1.108216404914856, 'learning_rate': 2.661967103054717e-06, 'num_tokens': 174891248.0, 'mean_token_accuracy': 0.9596950769424438, 'epoch': 2.61}
{'loss': 0.125, 'grad_norm': 1.4606658220291138, 'learning_rate': 2.6451829472977513e-06, 'num_tokens': 175054247.0, 'mean_token_accuracy': 0.9595124669373035, 'epoch': 2.62}
{'loss': 0.114, 'grad_norm': 1.6895551681518555, 'learning_rate': 2.6283987915407853e-06, 'num_tokens': 175215574.0, 'mean_token_accuracy': 0.9634393535554409, 'epoch': 2.62}
{'loss': 0.1203, 'grad_norm': 1.362693190574646, 'learning_rate': 2.61161463578382e-06, 'num_tokens': 175380153.0, 'mean_token_accuracy': 0.9610284231603146, 'epoch': 2.62}
{'loss': 0.131, 'grad_norm': 1.5402894020080566, 'learning_rate': 2.594830480026855e-06, 'num_tokens': 175542868.0, 'mean_token_accuracy': 0.9579260021448135, 'epoch': 2.62}
{'loss': 0.1223, 'grad_norm': 1.3691318035125732, 'learning_rate': 2.5780463242698893e-06, 'num_tokens': 175706891.0, 'mean_token_accuracy': 0.9600726947188377, 'epoch': 2.63}
{'loss': 0.1227, 'grad_norm': 1.5375524759292603, 'learning_rate': 2.561262168512924e-06, 'num_tokens': 175863206.0, 'mean_token_accuracy': 0.9591492563486099, 'epoch': 2.63}
{'loss': 0.1211, 'grad_norm': 1.1638484001159668, 'learning_rate': 2.544478012755959e-06, 'num_tokens': 176038212.0, 'mean_token_accuracy': 0.9606900833547115, 'epoch': 2.63}
{'loss': 0.1281, 'grad_norm': 1.5770626068115234, 'learning_rate': 2.5276938569989933e-06, 'num_tokens': 176197867.0, 'mean_token_accuracy': 0.9591199226677418, 'epoch': 2.63}
{'loss': 0.1185, 'grad_norm': 1.2288365364074707, 'learning_rate': 2.5109097012420273e-06, 'num_tokens': 176368825.0, 'mean_token_accuracy': 0.9605455175042152, 'epoch': 2.64}
{'loss': 0.1189, 'grad_norm': 1.4515634775161743, 'learning_rate': 2.4941255454850625e-06, 'num_tokens': 176532069.0, 'mean_token_accuracy': 0.9610730819404125, 'epoch': 2.64}
{'loss': 0.1251, 'grad_norm': 1.4256254434585571, 'learning_rate': 2.477341389728097e-06, 'num_tokens': 176692243.0, 'mean_token_accuracy': 0.9590852119028568, 'epoch': 2.64}
{'loss': 0.1182, 'grad_norm': 1.6959737539291382, 'learning_rate': 2.4605572339711313e-06, 'num_tokens': 176857128.0, 'mean_token_accuracy': 0.9617136336863041, 'epoch': 2.64}
{'loss': 0.129, 'grad_norm': 1.357801079750061, 'learning_rate': 2.443773078214166e-06, 'num_tokens': 177017951.0, 'mean_token_accuracy': 0.9584274016320705, 'epoch': 2.64}
{'loss': 0.1197, 'grad_norm': 1.464430809020996, 'learning_rate': 2.4269889224572005e-06, 'num_tokens': 177190044.0, 'mean_token_accuracy': 0.9610569089651108, 'epoch': 2.65}
{'loss': 0.1319, 'grad_norm': 1.4020925760269165, 'learning_rate': 2.4102047667002353e-06, 'num_tokens': 177356703.0, 'mean_token_accuracy': 0.957348245382309, 'epoch': 2.65}
{'loss': 0.1212, 'grad_norm': 1.4105236530303955, 'learning_rate': 2.3934206109432697e-06, 'num_tokens': 177516404.0, 'mean_token_accuracy': 0.9617424234747887, 'epoch': 2.65}
{'loss': 0.117, 'grad_norm': 1.7187917232513428, 'learning_rate': 2.3766364551863045e-06, 'num_tokens': 177681716.0, 'mean_token_accuracy': 0.9624307319521904, 'epoch': 2.65}
{'loss': 0.1199, 'grad_norm': 1.5794262886047363, 'learning_rate': 2.359852299429339e-06, 'num_tokens': 177843825.0, 'mean_token_accuracy': 0.9627360314130783, 'epoch': 2.66}
{'loss': 0.1206, 'grad_norm': 1.3705506324768066, 'learning_rate': 2.3430681436723733e-06, 'num_tokens': 178009981.0, 'mean_token_accuracy': 0.9605585552752018, 'epoch': 2.66}
{'loss': 0.1225, 'grad_norm': 1.302355170249939, 'learning_rate': 2.326283987915408e-06, 'num_tokens': 178177646.0, 'mean_token_accuracy': 0.9601675167679786, 'epoch': 2.66}
{'loss': 0.1202, 'grad_norm': 1.163983941078186, 'learning_rate': 2.309499832158443e-06, 'num_tokens': 178338545.0, 'mean_token_accuracy': 0.9620058059692382, 'epoch': 2.66}
{'loss': 0.1222, 'grad_norm': 1.24916410446167, 'learning_rate': 2.2927156764014773e-06, 'num_tokens': 178495331.0, 'mean_token_accuracy': 0.961492270231247, 'epoch': 2.67}
{'loss': 0.1217, 'grad_norm': 1.5375285148620605, 'learning_rate': 2.2759315206445117e-06, 'num_tokens': 178668922.0, 'mean_token_accuracy': 0.9603315450251102, 'epoch': 2.67}
{'loss': 0.1158, 'grad_norm': 1.2427923679351807, 'learning_rate': 2.2591473648875465e-06, 'num_tokens': 178826305.0, 'mean_token_accuracy': 0.9632288999855518, 'epoch': 2.67}
{'loss': 0.1229, 'grad_norm': 1.1677052974700928, 'learning_rate': 2.242363209130581e-06, 'num_tokens': 178992369.0, 'mean_token_accuracy': 0.9595219373703003, 'epoch': 2.67}
{'loss': 0.1173, 'grad_norm': 1.2196568250656128, 'learning_rate': 2.2255790533736153e-06, 'num_tokens': 179156209.0, 'mean_token_accuracy': 0.9616760335862636, 'epoch': 2.68}
{'loss': 0.122, 'grad_norm': 1.5826305150985718, 'learning_rate': 2.20879489761665e-06, 'num_tokens': 179320388.0, 'mean_token_accuracy': 0.9603143230080604, 'epoch': 2.68}
{'loss': 0.1457, 'grad_norm': 4.411645412445068, 'learning_rate': 2.192010741859685e-06, 'num_tokens': 179485544.0, 'mean_token_accuracy': 0.959113673120737, 'epoch': 2.68}
{'loss': 0.1238, 'grad_norm': 1.304689645767212, 'learning_rate': 2.1752265861027193e-06, 'num_tokens': 179658800.0, 'mean_token_accuracy': 0.9598937675356864, 'epoch': 2.68}
{'loss': 0.1051, 'grad_norm': 1.4972339868545532, 'learning_rate': 2.1584424303457537e-06, 'num_tokens': 179819008.0, 'mean_token_accuracy': 0.965932373702526, 'epoch': 2.69}
{'loss': 0.1304, 'grad_norm': 1.488330364227295, 'learning_rate': 2.1416582745887885e-06, 'num_tokens': 179980375.0, 'mean_token_accuracy': 0.9585948884487152, 'epoch': 2.69}
{'loss': 0.1224, 'grad_norm': 1.2680809497833252, 'learning_rate': 2.124874118831823e-06, 'num_tokens': 180140925.0, 'mean_token_accuracy': 0.9603373073041439, 'epoch': 2.69}
{'loss': 0.1205, 'grad_norm': 1.3175451755523682, 'learning_rate': 2.1080899630748573e-06, 'num_tokens': 180304625.0, 'mean_token_accuracy': 0.9601010173559189, 'epoch': 2.69}
{'loss': 0.1202, 'grad_norm': 1.5110845565795898, 'learning_rate': 2.091305807317892e-06, 'num_tokens': 180470542.0, 'mean_token_accuracy': 0.9600565068423748, 'epoch': 2.7}
{'loss': 0.1197, 'grad_norm': 1.1761744022369385, 'learning_rate': 2.074521651560927e-06, 'num_tokens': 180631609.0, 'mean_token_accuracy': 0.9616050571203232, 'epoch': 2.7}
{'loss': 0.1185, 'grad_norm': 1.3220369815826416, 'learning_rate': 2.0577374958039613e-06, 'num_tokens': 180795829.0, 'mean_token_accuracy': 0.9619414307177067, 'epoch': 2.7}
{'loss': 0.1188, 'grad_norm': 1.2117457389831543, 'learning_rate': 2.0409533400469957e-06, 'num_tokens': 180960576.0, 'mean_token_accuracy': 0.9614674918353557, 'epoch': 2.7}
{'loss': 0.1106, 'grad_norm': 1.6270583868026733, 'learning_rate': 2.0241691842900305e-06, 'num_tokens': 181123183.0, 'mean_token_accuracy': 0.9645724430680275, 'epoch': 2.71}
{'loss': 0.1129, 'grad_norm': 1.3589636087417603, 'learning_rate': 2.007385028533065e-06, 'num_tokens': 181287042.0, 'mean_token_accuracy': 0.962297822535038, 'epoch': 2.71}
{'loss': 0.1206, 'grad_norm': 1.4034831523895264, 'learning_rate': 1.9906008727760993e-06, 'num_tokens': 181453397.0, 'mean_token_accuracy': 0.9607196241617203, 'epoch': 2.71}
{'loss': 0.1182, 'grad_norm': 1.7833669185638428, 'learning_rate': 1.973816717019134e-06, 'num_tokens': 181609584.0, 'mean_token_accuracy': 0.9623112551867962, 'epoch': 2.71}
{'loss': 0.1179, 'grad_norm': 1.205687165260315, 'learning_rate': 1.957032561262169e-06, 'num_tokens': 181773177.0, 'mean_token_accuracy': 0.9622662506997586, 'epoch': 2.72}
{'loss': 0.1294, 'grad_norm': 1.3823542594909668, 'learning_rate': 1.9402484055052033e-06, 'num_tokens': 181939357.0, 'mean_token_accuracy': 0.9579429849982262, 'epoch': 2.72}
{'loss': 0.1221, 'grad_norm': 1.4624284505844116, 'learning_rate': 1.9234642497482377e-06, 'num_tokens': 182105553.0, 'mean_token_accuracy': 0.961455126106739, 'epoch': 2.72}
{'loss': 0.115, 'grad_norm': 1.2716957330703735, 'learning_rate': 1.9066800939912725e-06, 'num_tokens': 182267260.0, 'mean_token_accuracy': 0.9616959787905216, 'epoch': 2.72}
{'loss': 0.1264, 'grad_norm': 1.5958836078643799, 'learning_rate': 1.8898959382343069e-06, 'num_tokens': 182426355.0, 'mean_token_accuracy': 0.9595650844275951, 'epoch': 2.73}
{'loss': 0.1185, 'grad_norm': 1.1487202644348145, 'learning_rate': 1.8731117824773415e-06, 'num_tokens': 182601183.0, 'mean_token_accuracy': 0.9617100350558758, 'epoch': 2.73}
{'loss': 0.1217, 'grad_norm': 1.4827922582626343, 'learning_rate': 1.856327626720376e-06, 'num_tokens': 182762245.0, 'mean_token_accuracy': 0.9618513695895672, 'epoch': 2.73}
{'loss': 0.1138, 'grad_norm': 1.5623899698257446, 'learning_rate': 1.8395434709634109e-06, 'num_tokens': 182926917.0, 'mean_token_accuracy': 0.9623208947479724, 'epoch': 2.73}
{'loss': 0.1164, 'grad_norm': 1.4139788150787354, 'learning_rate': 1.822759315206445e-06, 'num_tokens': 183086551.0, 'mean_token_accuracy': 0.9620752364397049, 'epoch': 2.74}
{'loss': 0.1211, 'grad_norm': 1.213822841644287, 'learning_rate': 1.8059751594494799e-06, 'num_tokens': 183251962.0, 'mean_token_accuracy': 0.9601029835641384, 'epoch': 2.74}
{'loss': 0.1146, 'grad_norm': 1.5312771797180176, 'learning_rate': 1.7891910036925145e-06, 'num_tokens': 183418061.0, 'mean_token_accuracy': 0.9624644316732883, 'epoch': 2.74}
{'loss': 0.1141, 'grad_norm': 1.5307148694992065, 'learning_rate': 1.772406847935549e-06, 'num_tokens': 183577998.0, 'mean_token_accuracy': 0.9638781934976578, 'epoch': 2.74}
{'loss': 0.1157, 'grad_norm': 1.3029053211212158, 'learning_rate': 1.7556226921785835e-06, 'num_tokens': 183743137.0, 'mean_token_accuracy': 0.9617351986467838, 'epoch': 2.74}
{'loss': 0.1185, 'grad_norm': 1.563456654548645, 'learning_rate': 1.738838536421618e-06, 'num_tokens': 183899485.0, 'mean_token_accuracy': 0.9624109223484993, 'epoch': 2.75}
{'loss': 0.1268, 'grad_norm': 1.739181399345398, 'learning_rate': 1.7220543806646529e-06, 'num_tokens': 184065621.0, 'mean_token_accuracy': 0.9576829798519612, 'epoch': 2.75}
{'loss': 0.1277, 'grad_norm': 1.1704216003417969, 'learning_rate': 1.7052702249076873e-06, 'num_tokens': 184228325.0, 'mean_token_accuracy': 0.9590578839182854, 'epoch': 2.75}
{'loss': 0.1246, 'grad_norm': 1.1828980445861816, 'learning_rate': 1.6884860691507219e-06, 'num_tokens': 184393253.0, 'mean_token_accuracy': 0.9603739358484745, 'epoch': 2.75}
{'loss': 0.1181, 'grad_norm': 1.461470603942871, 'learning_rate': 1.6717019133937565e-06, 'num_tokens': 184553616.0, 'mean_token_accuracy': 0.9630660347640514, 'epoch': 2.76}
{'loss': 0.1251, 'grad_norm': 1.540279507637024, 'learning_rate': 1.654917757636791e-06, 'num_tokens': 184720295.0, 'mean_token_accuracy': 0.9596628971397877, 'epoch': 2.76}
{'loss': 0.1178, 'grad_norm': 1.253882646560669, 'learning_rate': 1.6381336018798255e-06, 'num_tokens': 184881828.0, 'mean_token_accuracy': 0.9613905899226666, 'epoch': 2.76}
{'loss': 0.1192, 'grad_norm': 1.1619040966033936, 'learning_rate': 1.62134944612286e-06, 'num_tokens': 185044754.0, 'mean_token_accuracy': 0.9612838104367256, 'epoch': 2.76}
{'loss': 0.1196, 'grad_norm': 1.1016387939453125, 'learning_rate': 1.6045652903658949e-06, 'num_tokens': 185205667.0, 'mean_token_accuracy': 0.9618290930986404, 'epoch': 2.77}
{'loss': 0.1184, 'grad_norm': 1.4792975187301636, 'learning_rate': 1.5877811346089293e-06, 'num_tokens': 185370844.0, 'mean_token_accuracy': 0.961193072795868, 'epoch': 2.77}
{'loss': 0.1192, 'grad_norm': 1.330122709274292, 'learning_rate': 1.5709969788519639e-06, 'num_tokens': 185535238.0, 'mean_token_accuracy': 0.9614544451236725, 'epoch': 2.77}
{'loss': 0.1197, 'grad_norm': 1.6398465633392334, 'learning_rate': 1.5542128230949985e-06, 'num_tokens': 185695959.0, 'mean_token_accuracy': 0.960384663194418, 'epoch': 2.77}
{'loss': 0.1139, 'grad_norm': 1.294521689414978, 'learning_rate': 1.537428667338033e-06, 'num_tokens': 185860596.0, 'mean_token_accuracy': 0.9635290868580342, 'epoch': 2.78}
{'loss': 0.1179, 'grad_norm': 1.3673198223114014, 'learning_rate': 1.5206445115810675e-06, 'num_tokens': 186024650.0, 'mean_token_accuracy': 0.9610751397907734, 'epoch': 2.78}
{'loss': 0.1162, 'grad_norm': 1.3431488275527954, 'learning_rate': 1.5038603558241023e-06, 'num_tokens': 186180472.0, 'mean_token_accuracy': 0.9621371336281299, 'epoch': 2.78}
{'loss': 0.1254, 'grad_norm': 1.6087900400161743, 'learning_rate': 1.4870762000671369e-06, 'num_tokens': 186346934.0, 'mean_token_accuracy': 0.9591637596487999, 'epoch': 2.78}
{'loss': 0.1149, 'grad_norm': 1.1880910396575928, 'learning_rate': 1.4702920443101713e-06, 'num_tokens': 186503153.0, 'mean_token_accuracy': 0.9632447212934494, 'epoch': 2.79}
{'loss': 0.1208, 'grad_norm': 1.2736414670944214, 'learning_rate': 1.4535078885532059e-06, 'num_tokens': 186669772.0, 'mean_token_accuracy': 0.9610206134617328, 'epoch': 2.79}
{'loss': 0.1188, 'grad_norm': 1.3016889095306396, 'learning_rate': 1.4367237327962405e-06, 'num_tokens': 186831598.0, 'mean_token_accuracy': 0.9611268565058708, 'epoch': 2.79}
{'loss': 0.1224, 'grad_norm': 1.3553121089935303, 'learning_rate': 1.419939577039275e-06, 'num_tokens': 186987817.0, 'mean_token_accuracy': 0.9609102681279182, 'epoch': 2.79}
{'loss': 0.1116, 'grad_norm': 1.1418039798736572, 'learning_rate': 1.4031554212823094e-06, 'num_tokens': 187151173.0, 'mean_token_accuracy': 0.9643872439861297, 'epoch': 2.8}
{'loss': 0.1243, 'grad_norm': 1.0818026065826416, 'learning_rate': 1.3863712655253443e-06, 'num_tokens': 187317999.0, 'mean_token_accuracy': 0.9606884531676769, 'epoch': 2.8}
{'loss': 0.116, 'grad_norm': 1.368690013885498, 'learning_rate': 1.3695871097683789e-06, 'num_tokens': 187482842.0, 'mean_token_accuracy': 0.9617653667926789, 'epoch': 2.8}
{'loss': 0.1273, 'grad_norm': 1.5098868608474731, 'learning_rate': 1.3528029540114133e-06, 'num_tokens': 187642052.0, 'mean_token_accuracy': 0.9585893094539643, 'epoch': 2.8}
{'loss': 0.1188, 'grad_norm': 1.2712476253509521, 'learning_rate': 1.3360187982544479e-06, 'num_tokens': 187800869.0, 'mean_token_accuracy': 0.9620114617049694, 'epoch': 2.81}
{'loss': 0.1285, 'grad_norm': 1.5289356708526611, 'learning_rate': 1.3192346424974825e-06, 'num_tokens': 187967534.0, 'mean_token_accuracy': 0.9599704198539257, 'epoch': 2.81}
{'loss': 0.1213, 'grad_norm': 1.5731979608535767, 'learning_rate': 1.3024504867405173e-06, 'num_tokens': 188129361.0, 'mean_token_accuracy': 0.9615220338106155, 'epoch': 2.81}
{'loss': 0.1134, 'grad_norm': 1.1798863410949707, 'learning_rate': 1.2856663309835514e-06, 'num_tokens': 188285162.0, 'mean_token_accuracy': 0.9629874855279923, 'epoch': 2.81}
{'loss': 0.1147, 'grad_norm': 1.1670076847076416, 'learning_rate': 1.2688821752265863e-06, 'num_tokens': 188452046.0, 'mean_token_accuracy': 0.963638449460268, 'epoch': 2.82}
{'loss': 0.1192, 'grad_norm': 1.304522156715393, 'learning_rate': 1.2520980194696209e-06, 'num_tokens': 188618487.0, 'mean_token_accuracy': 0.9632565326988697, 'epoch': 2.82}
{'loss': 0.1289, 'grad_norm': 1.4586085081100464, 'learning_rate': 1.2353138637126555e-06, 'num_tokens': 188780003.0, 'mean_token_accuracy': 0.9596291154623031, 'epoch': 2.82}
{'loss': 0.1234, 'grad_norm': 1.2442173957824707, 'learning_rate': 1.2185297079556898e-06, 'num_tokens': 188946815.0, 'mean_token_accuracy': 0.959992890805006, 'epoch': 2.82}
{'loss': 0.1206, 'grad_norm': 1.4062178134918213, 'learning_rate': 1.2017455521987244e-06, 'num_tokens': 189110014.0, 'mean_token_accuracy': 0.9619008868932724, 'epoch': 2.83}
{'loss': 0.1163, 'grad_norm': 1.5126618146896362, 'learning_rate': 1.184961396441759e-06, 'num_tokens': 189271007.0, 'mean_token_accuracy': 0.9632646813988686, 'epoch': 2.83}
{'loss': 0.1171, 'grad_norm': 1.6260751485824585, 'learning_rate': 1.1681772406847936e-06, 'num_tokens': 189432252.0, 'mean_token_accuracy': 0.9625424616038799, 'epoch': 2.83}
{'loss': 0.1171, 'grad_norm': 1.5851643085479736, 'learning_rate': 1.1513930849278282e-06, 'num_tokens': 189596587.0, 'mean_token_accuracy': 0.962250617146492, 'epoch': 2.83}
{'loss': 0.1179, 'grad_norm': 1.3109363317489624, 'learning_rate': 1.1346089291708629e-06, 'num_tokens': 189759564.0, 'mean_token_accuracy': 0.9611335836350918, 'epoch': 2.84}
{'loss': 0.1171, 'grad_norm': 1.1966652870178223, 'learning_rate': 1.1178247734138975e-06, 'num_tokens': 189925974.0, 'mean_token_accuracy': 0.9619353353977204, 'epoch': 2.84}
{'loss': 0.1177, 'grad_norm': 1.61453378200531, 'learning_rate': 1.101040617656932e-06, 'num_tokens': 190084280.0, 'mean_token_accuracy': 0.9626893654465676, 'epoch': 2.84}
{'loss': 0.1153, 'grad_norm': 1.6291049718856812, 'learning_rate': 1.0842564618999664e-06, 'num_tokens': 190247385.0, 'mean_token_accuracy': 0.9639284789562226, 'epoch': 2.84}
{'loss': 0.1224, 'grad_norm': 1.4675440788269043, 'learning_rate': 1.067472306143001e-06, 'num_tokens': 190407959.0, 'mean_token_accuracy': 0.959967352449894, 'epoch': 2.85}
{'loss': 0.1146, 'grad_norm': 1.4409286975860596, 'learning_rate': 1.0506881503860356e-06, 'num_tokens': 190572288.0, 'mean_token_accuracy': 0.9626477025449276, 'epoch': 2.85}
{'loss': 0.1119, 'grad_norm': 1.2053093910217285, 'learning_rate': 1.0339039946290702e-06, 'num_tokens': 190741523.0, 'mean_token_accuracy': 0.9644507922232151, 'epoch': 2.85}
{'loss': 0.1185, 'grad_norm': 1.1127314567565918, 'learning_rate': 1.0171198388721048e-06, 'num_tokens': 190908170.0, 'mean_token_accuracy': 0.960871871560812, 'epoch': 2.85}
{'loss': 0.1215, 'grad_norm': 1.306549072265625, 'learning_rate': 1.0003356831151394e-06, 'num_tokens': 191067262.0, 'mean_token_accuracy': 0.9615025170147419, 'epoch': 2.85}
{'loss': 0.1217, 'grad_norm': 1.2525790929794312, 'learning_rate': 9.83551527358174e-07, 'num_tokens': 191231612.0, 'mean_token_accuracy': 0.9602676399052144, 'epoch': 2.86}
{'loss': 0.1163, 'grad_norm': 1.4371380805969238, 'learning_rate': 9.667673716012084e-07, 'num_tokens': 191395315.0, 'mean_token_accuracy': 0.9626638509333134, 'epoch': 2.86}
{'loss': 0.122, 'grad_norm': 1.3723440170288086, 'learning_rate': 9.49983215844243e-07, 'num_tokens': 191568389.0, 'mean_token_accuracy': 0.9611681319773198, 'epoch': 2.86}
{'loss': 0.1251, 'grad_norm': 1.5684036016464233, 'learning_rate': 9.331990600872777e-07, 'num_tokens': 191733039.0, 'mean_token_accuracy': 0.959797615557909, 'epoch': 2.86}
{'loss': 0.1199, 'grad_norm': 1.3018157482147217, 'learning_rate': 9.164149043303122e-07, 'num_tokens': 191899924.0, 'mean_token_accuracy': 0.9600657224655151, 'epoch': 2.87}
{'loss': 0.1146, 'grad_norm': 1.555008053779602, 'learning_rate': 8.996307485733468e-07, 'num_tokens': 192066453.0, 'mean_token_accuracy': 0.9632305324077606, 'epoch': 2.87}
{'loss': 0.1215, 'grad_norm': 1.3880615234375, 'learning_rate': 8.828465928163813e-07, 'num_tokens': 192227949.0, 'mean_token_accuracy': 0.9609120443463326, 'epoch': 2.87}
{'loss': 0.1205, 'grad_norm': 1.2844101190567017, 'learning_rate': 8.66062437059416e-07, 'num_tokens': 192394322.0, 'mean_token_accuracy': 0.9611444234848022, 'epoch': 2.87}
{'loss': 0.1163, 'grad_norm': 1.2207951545715332, 'learning_rate': 8.492782813024505e-07, 'num_tokens': 192562416.0, 'mean_token_accuracy': 0.9628143474459648, 'epoch': 2.88}
{'loss': 0.122, 'grad_norm': 1.3440465927124023, 'learning_rate': 8.324941255454852e-07, 'num_tokens': 192722043.0, 'mean_token_accuracy': 0.9603738449513912, 'epoch': 2.88}
{'loss': 0.1178, 'grad_norm': 1.2567970752716064, 'learning_rate': 8.157099697885197e-07, 'num_tokens': 192883462.0, 'mean_token_accuracy': 0.9611122459173203, 'epoch': 2.88}
{'loss': 0.1155, 'grad_norm': 1.446037769317627, 'learning_rate': 7.989258140315542e-07, 'num_tokens': 193037538.0, 'mean_token_accuracy': 0.9638800092041493, 'epoch': 2.88}
{'loss': 0.119, 'grad_norm': 1.2750988006591797, 'learning_rate': 7.821416582745888e-07, 'num_tokens': 193205408.0, 'mean_token_accuracy': 0.9617558941245079, 'epoch': 2.89}
{'loss': 0.1216, 'grad_norm': 1.540395736694336, 'learning_rate': 7.653575025176234e-07, 'num_tokens': 193358356.0, 'mean_token_accuracy': 0.9610411293804646, 'epoch': 2.89}
{'loss': 0.1172, 'grad_norm': 1.1959946155548096, 'learning_rate': 7.48573346760658e-07, 'num_tokens': 193520583.0, 'mean_token_accuracy': 0.9609065033495426, 'epoch': 2.89}
{'loss': 0.1134, 'grad_norm': 1.3160451650619507, 'learning_rate': 7.317891910036925e-07, 'num_tokens': 193680198.0, 'mean_token_accuracy': 0.9630373902618885, 'epoch': 2.89}
{'loss': 0.1125, 'grad_norm': 1.177390694618225, 'learning_rate': 7.150050352467272e-07, 'num_tokens': 193854567.0, 'mean_token_accuracy': 0.9634228080511094, 'epoch': 2.9}
{'loss': 0.1274, 'grad_norm': 1.366625428199768, 'learning_rate': 6.982208794897617e-07, 'num_tokens': 194025280.0, 'mean_token_accuracy': 0.9578064858913422, 'epoch': 2.9}
{'loss': 0.1138, 'grad_norm': 1.491288423538208, 'learning_rate': 6.814367237327962e-07, 'num_tokens': 194188763.0, 'mean_token_accuracy': 0.9629686884582043, 'epoch': 2.9}
{'loss': 0.11, 'grad_norm': 1.2182390689849854, 'learning_rate': 6.646525679758309e-07, 'num_tokens': 194352556.0, 'mean_token_accuracy': 0.9636270634829998, 'epoch': 2.9}
{'loss': 0.1238, 'grad_norm': 1.4395211935043335, 'learning_rate': 6.478684122188654e-07, 'num_tokens': 194516815.0, 'mean_token_accuracy': 0.9599755972623825, 'epoch': 2.91}
{'loss': 0.1128, 'grad_norm': 1.372727632522583, 'learning_rate': 6.310842564619e-07, 'num_tokens': 194679882.0, 'mean_token_accuracy': 0.9633898131549359, 'epoch': 2.91}
{'loss': 0.1212, 'grad_norm': 1.1101163625717163, 'learning_rate': 6.143001007049345e-07, 'num_tokens': 194851026.0, 'mean_token_accuracy': 0.9602793902158737, 'epoch': 2.91}
{'loss': 0.1118, 'grad_norm': 1.2156517505645752, 'learning_rate': 5.975159449479691e-07, 'num_tokens': 195021943.0, 'mean_token_accuracy': 0.963900338858366, 'epoch': 2.91}
{'loss': 0.1211, 'grad_norm': 1.4980721473693848, 'learning_rate': 5.807317891910037e-07, 'num_tokens': 195188318.0, 'mean_token_accuracy': 0.9602596633136272, 'epoch': 2.92}
{'loss': 0.1146, 'grad_norm': 1.303766131401062, 'learning_rate': 5.639476334340383e-07, 'num_tokens': 195346257.0, 'mean_token_accuracy': 0.9629670687019825, 'epoch': 2.92}
{'loss': 0.1096, 'grad_norm': 1.166983962059021, 'learning_rate': 5.471634776770729e-07, 'num_tokens': 195508887.0, 'mean_token_accuracy': 0.9641354396939278, 'epoch': 2.92}
{'loss': 0.1082, 'grad_norm': 1.4320569038391113, 'learning_rate': 5.303793219201075e-07, 'num_tokens': 195666548.0, 'mean_token_accuracy': 0.9633159607648849, 'epoch': 2.92}
{'loss': 0.1128, 'grad_norm': 1.297189474105835, 'learning_rate': 5.13595166163142e-07, 'num_tokens': 195835051.0, 'mean_token_accuracy': 0.9629456393420697, 'epoch': 2.93}
{'loss': 0.1187, 'grad_norm': 1.3661633729934692, 'learning_rate': 4.968110104061766e-07, 'num_tokens': 195997282.0, 'mean_token_accuracy': 0.9619674541056156, 'epoch': 2.93}
{'loss': 0.1181, 'grad_norm': 1.3558523654937744, 'learning_rate': 4.800268546492111e-07, 'num_tokens': 196157923.0, 'mean_token_accuracy': 0.9622183486819267, 'epoch': 2.93}
{'loss': 0.1235, 'grad_norm': 1.264641523361206, 'learning_rate': 4.632426988922457e-07, 'num_tokens': 196314392.0, 'mean_token_accuracy': 0.9601256251335144, 'epoch': 2.93}
{'loss': 0.1192, 'grad_norm': 1.361563801765442, 'learning_rate': 4.464585431352803e-07, 'num_tokens': 196483041.0, 'mean_token_accuracy': 0.9619086876511573, 'epoch': 2.94}
{'loss': 0.1083, 'grad_norm': 1.2658485174179077, 'learning_rate': 4.296743873783149e-07, 'num_tokens': 196651831.0, 'mean_token_accuracy': 0.9650244325399399, 'epoch': 2.94}
{'loss': 0.1165, 'grad_norm': 1.409798264503479, 'learning_rate': 4.1289023162134947e-07, 'num_tokens': 196808798.0, 'mean_token_accuracy': 0.9622651092708111, 'epoch': 2.94}
{'loss': 0.1154, 'grad_norm': 1.6474608182907104, 'learning_rate': 3.9610607586438407e-07, 'num_tokens': 196970536.0, 'mean_token_accuracy': 0.9632949337363244, 'epoch': 2.94}
{'loss': 0.1216, 'grad_norm': 1.2960597276687622, 'learning_rate': 3.7932192010741867e-07, 'num_tokens': 197131878.0, 'mean_token_accuracy': 0.9608583517372609, 'epoch': 2.95}
{'loss': 0.122, 'grad_norm': 1.363667607307434, 'learning_rate': 3.625377643504532e-07, 'num_tokens': 197297079.0, 'mean_token_accuracy': 0.9601961061358452, 'epoch': 2.95}
{'loss': 0.1287, 'grad_norm': 1.6736351251602173, 'learning_rate': 3.4575360859348776e-07, 'num_tokens': 197473595.0, 'mean_token_accuracy': 0.9586301930248737, 'epoch': 2.95}
{'loss': 0.1228, 'grad_norm': 1.325818419456482, 'learning_rate': 3.289694528365223e-07, 'num_tokens': 197638130.0, 'mean_token_accuracy': 0.9611120574176312, 'epoch': 2.95}
{'loss': 0.119, 'grad_norm': 1.3856598138809204, 'learning_rate': 3.121852970795569e-07, 'num_tokens': 197800086.0, 'mean_token_accuracy': 0.9635172873735428, 'epoch': 2.95}
{'loss': 0.1159, 'grad_norm': 1.108582615852356, 'learning_rate': 2.954011413225915e-07, 'num_tokens': 197964000.0, 'mean_token_accuracy': 0.9621272541582584, 'epoch': 2.96}
{'loss': 0.1265, 'grad_norm': 1.279575228691101, 'learning_rate': 2.7861698556562606e-07, 'num_tokens': 198115806.0, 'mean_token_accuracy': 0.9603705637156963, 'epoch': 2.96}
{'loss': 0.1198, 'grad_norm': 1.3736594915390015, 'learning_rate': 2.6183282980866066e-07, 'num_tokens': 198279551.0, 'mean_token_accuracy': 0.9613808006048202, 'epoch': 2.96}
{'loss': 0.1205, 'grad_norm': 1.684635877609253, 'learning_rate': 2.450486740516952e-07, 'num_tokens': 198436056.0, 'mean_token_accuracy': 0.9614824190735817, 'epoch': 2.96}
{'loss': 0.1174, 'grad_norm': 1.2598692178726196, 'learning_rate': 2.2826451829472978e-07, 'num_tokens': 198593304.0, 'mean_token_accuracy': 0.962224318087101, 'epoch': 2.97}
{'loss': 0.1212, 'grad_norm': 1.8084452152252197, 'learning_rate': 2.1148036253776438e-07, 'num_tokens': 198753084.0, 'mean_token_accuracy': 0.9601829811930657, 'epoch': 2.97}
{'loss': 0.1155, 'grad_norm': 1.561397671699524, 'learning_rate': 1.9469620678079896e-07, 'num_tokens': 198907168.0, 'mean_token_accuracy': 0.9619755201041699, 'epoch': 2.97}
{'loss': 0.1121, 'grad_norm': 1.2483803033828735, 'learning_rate': 1.779120510238335e-07, 'num_tokens': 199073899.0, 'mean_token_accuracy': 0.9621686242520809, 'epoch': 2.97}
{'loss': 0.1182, 'grad_norm': 1.3176475763320923, 'learning_rate': 1.6112789526686808e-07, 'num_tokens': 199233901.0, 'mean_token_accuracy': 0.9614580601453782, 'epoch': 2.98}
{'loss': 0.1232, 'grad_norm': 1.3816616535186768, 'learning_rate': 1.4434373950990268e-07, 'num_tokens': 199388346.0, 'mean_token_accuracy': 0.9614023074507714, 'epoch': 2.98}
{'loss': 0.1178, 'grad_norm': 1.4356127977371216, 'learning_rate': 1.2755958375293723e-07, 'num_tokens': 199553334.0, 'mean_token_accuracy': 0.9618146665394306, 'epoch': 2.98}
{'loss': 0.1133, 'grad_norm': 1.18593430519104, 'learning_rate': 1.1077542799597182e-07, 'num_tokens': 199717146.0, 'mean_token_accuracy': 0.9617260001599789, 'epoch': 2.98}
{'loss': 0.1328, 'grad_norm': 1.5192488431930542, 'learning_rate': 9.399127223900639e-08, 'num_tokens': 199880560.0, 'mean_token_accuracy': 0.9581048220396042, 'epoch': 2.99}
{'loss': 0.1258, 'grad_norm': 1.493876338005066, 'learning_rate': 7.720711648204097e-08, 'num_tokens': 200044921.0, 'mean_token_accuracy': 0.9595666289329529, 'epoch': 2.99}
{'loss': 0.1188, 'grad_norm': 1.5452044010162354, 'learning_rate': 6.042296072507553e-08, 'num_tokens': 200207436.0, 'mean_token_accuracy': 0.9611057914793492, 'epoch': 2.99}
{'loss': 0.1214, 'grad_norm': 1.2971022129058838, 'learning_rate': 4.363880496811011e-08, 'num_tokens': 200367194.0, 'mean_token_accuracy': 0.9606151796877385, 'epoch': 2.99}
{'loss': 0.113, 'grad_norm': 1.3797930479049683, 'learning_rate': 2.6854649211144682e-08, 'num_tokens': 200527809.0, 'mean_token_accuracy': 0.96266438215971, 'epoch': 3.0}
{'loss': 0.1125, 'grad_norm': 1.5895678997039795, 'learning_rate': 1.0070493454179255e-08, 'num_tokens': 200684403.0, 'mean_token_accuracy': 0.9633436754345894, 'epoch': 3.0}
{'train_runtime': 21163.8255, 'train_samples_per_second': 37.144, 'train_steps_per_second': 0.58, 'train_loss': 0.23043912763657684, 'num_tokens': 200758019.0, 'mean_token_accuracy': 0.9623342803546361, 'epoch': 3.0}
Training complete. Saving model...
Model saved to /leonardo_work/EUHPC_A06_067/experts/math_expert_Qwen2.5-1.5B_SFT
[1;34mwandb[0m: 
[1;34mwandb[0m: You can sync this run to the cloud by running:
[1;34mwandb[0m: [1mwandb sync /leonardo_work/EUHPC_A06_067/wandb/offline-run-20250709_181352-37k4nzr5[0m
[1;34mwandb[0m: Find logs at: [1;35m../wandb/offline-run-20250709_181352-37k4nzr5/logs[0m
