Training config:
Namespace(model_name_or_path='/leonardo_work/EUHPC_A06_067/hf_cache/models--Qwen--Qwen2-1.5B/snapshots/8a16abf2848eda07cc5253dec660bf1ce007ad7a', cache_dir='/leonardo_work/EUHPC_A06_067/hf_cache', dataset_name='CohereForAI/aya_dataset', dataset_config_name=None, train_split='train', eval_split=None, output_dir='/leonardo_work/EUHPC_A06_067/experts/multilingual_expert_Qwen2-1.5B_SFT', per_device_train_batch_size=2, gradient_accumulation_steps=8, num_train_epochs=3, learning_rate=2e-05, logging_steps=10, save_steps=500, eval_steps=500, bf16=True, fp16=False, gradient_checkpointing=True, max_length=4096, packing=False, completion_only_loss=True, resume_from_checkpoint=None, neftune_noise_alpha=None, optim='adamw_torch_fused', weight_decay=0.1, max_grad_norm=1.0, adam_beta1=0.9, adam_beta2=0.95, adam_epsilon=1e-05, lr_scheduler_type='linear', warmup_ratio=0.03, use_lora=False, lora_r=8, lora_alpha=32, lora_dropout=0.1, push_to_hub=False, instruction_format='aya_with_language')

Initializing tokenizer and model...
Loading dataset...
SFT config:
SFTConfig(
_n_gpu=1,
accelerator_config={'split_batches': False, 'dispatch_batches': None, 'even_batches': True, 'use_seedable_sampler': True, 'non_blocking': False, 'gradient_accumulation_kwargs': None, 'use_configured_state': False},
activation_offloading=False,
adafactor=False,
adam_beta1=0.9,
adam_beta2=0.95,
adam_epsilon=1e-05,
assistant_only_loss=False,
auto_find_batch_size=False,
average_tokens_across_devices=True,
batch_eval_metrics=False,
bf16=True,
bf16_full_eval=False,
chat_template_path=None,
completion_only_loss=True,
data_seed=None,
dataloader_drop_last=False,
dataloader_num_workers=0,
dataloader_persistent_workers=False,
dataloader_pin_memory=True,
dataloader_prefetch_factor=None,
dataset_kwargs=None,
dataset_num_proc=None,
dataset_text_field=text,
ddp_backend=None,
ddp_broadcast_buffers=None,
ddp_bucket_cap_mb=None,
ddp_find_unused_parameters=None,
ddp_timeout=1800,
debug=[],
deepspeed=None,
disable_tqdm=False,
do_eval=False,
do_predict=False,
do_train=False,
eos_token=<EOS_TOKEN>,
eval_accumulation_steps=None,
eval_delay=0,
eval_do_concat_batches=True,
eval_on_start=False,
eval_packing=None,
eval_steps=500,
eval_strategy=no,
eval_use_gather_object=False,
fp16=False,
fp16_backend=auto,
fp16_full_eval=False,
fp16_opt_level=O1,
fsdp=[],
fsdp_config={'min_num_params': 0, 'xla': False, 'xla_fsdp_v2': False, 'xla_fsdp_grad_ckpt': False},
fsdp_min_num_params=0,
fsdp_transformer_layer_cls_to_wrap=None,
full_determinism=False,
gradient_accumulation_steps=8,
gradient_checkpointing=True,
gradient_checkpointing_kwargs=None,
greater_is_better=None,
group_by_length=False,
half_precision_backend=auto,
hub_always_push=False,
hub_model_id=None,
hub_private_repo=None,
hub_revision=None,
hub_strategy=every_save,
hub_token=<HUB_TOKEN>,
ignore_data_skip=False,
include_for_metrics=[],
include_inputs_for_metrics=False,
include_num_input_tokens_seen=False,
include_tokens_per_second=False,
jit_mode_eval=False,
label_names=None,
label_smoothing_factor=0.0,
learning_rate=2e-05,
length_column_name=length,
liger_kernel_config=None,
load_best_model_at_end=False,
local_rank=0,
log_level=passive,
log_level_replica=warning,
log_on_each_node=True,
logging_dir=/leonardo_work/EUHPC_A06_067/experts/multilingual_expert_Qwen2-1.5B_SFT/runs/Jul07_15-37-26_lrdn2181.leonardo.local,
logging_first_step=False,
logging_nan_inf_filter=True,
logging_steps=10,
logging_strategy=steps,
lr_scheduler_kwargs={},
lr_scheduler_type=linear,
max_grad_norm=1.0,
max_length=4096,
max_seq_length=None,
max_steps=-1,
metric_for_best_model=None,
model_init_kwargs=None,
mp_parameters=,
neftune_noise_alpha=None,
no_cuda=False,
num_train_epochs=3,
optim=adamw_torch_fused,
optim_args=None,
optim_target_modules=None,
output_dir=/leonardo_work/EUHPC_A06_067/experts/multilingual_expert_Qwen2-1.5B_SFT,
overwrite_output_dir=False,
packing=False,
packing_strategy=ffd,
pad_to_multiple_of=None,
pad_token=<PAD_TOKEN>,
padding_free=False,
past_index=-1,
per_device_eval_batch_size=8,
per_device_train_batch_size=2,
prediction_loss_only=False,
push_to_hub=False,
push_to_hub_model_id=None,
push_to_hub_organization=None,
push_to_hub_token=<PUSH_TO_HUB_TOKEN>,
ray_scope=last,
remove_unused_columns=True,
report_to=['wandb', 'codecarbon'],
restore_callback_states_from_checkpoint=False,
resume_from_checkpoint=None,
run_name=/leonardo_work/EUHPC_A06_067/experts/multilingual_expert_Qwen2-1.5B_SFT,
save_on_each_node=False,
save_only_model=False,
save_safetensors=True,
save_steps=500,
save_strategy=steps,
save_total_limit=None,
seed=42,
skip_memory_metrics=True,
tf32=None,
torch_compile=False,
torch_compile_backend=None,
torch_compile_mode=None,
torch_empty_cache_steps=None,
torchdynamo=None,
tpu_metrics_debug=False,
tpu_num_cores=None,
use_cpu=False,
use_ipex=False,
use_legacy_prediction_loop=False,
use_liger_kernel=False,
use_mps_device=False,
warmup_ratio=0.03,
warmup_steps=0,
weight_decay=0.1,
)

Trainable parameters: 1543714304 / 1543714304 (100.00%)
Starting training...
{'loss': 2.096, 'grad_norm': 3.292504072189331, 'learning_rate': 6.315789473684211e-07, 'num_tokens': 266690.0, 'mean_token_accuracy': 0.5384407680481672, 'epoch': 0.0}
{'loss': 1.92, 'grad_norm': 3.0449185371398926, 'learning_rate': 1.3333333333333334e-06, 'num_tokens': 531825.0, 'mean_token_accuracy': 0.5490497346967459, 'epoch': 0.01}
{'loss': 2.0006, 'grad_norm': 2.2692365646362305, 'learning_rate': 2.0350877192982456e-06, 'num_tokens': 811884.0, 'mean_token_accuracy': 0.5413704469799996, 'epoch': 0.01}
{'loss': 1.9065, 'grad_norm': 2.5754950046539307, 'learning_rate': 2.7368421052631583e-06, 'num_tokens': 1118033.0, 'mean_token_accuracy': 0.5448943875730038, 'epoch': 0.01}
{'loss': 1.7368, 'grad_norm': 2.4328646659851074, 'learning_rate': 3.4385964912280705e-06, 'num_tokens': 1412501.0, 'mean_token_accuracy': 0.5735098637640477, 'epoch': 0.02}
{'loss': 1.8827, 'grad_norm': 2.412576675415039, 'learning_rate': 4.140350877192983e-06, 'num_tokens': 1672043.0, 'mean_token_accuracy': 0.5703842073678971, 'epoch': 0.02}
{'loss': 1.9556, 'grad_norm': 2.425516128540039, 'learning_rate': 4.842105263157895e-06, 'num_tokens': 1934150.0, 'mean_token_accuracy': 0.5556375797837972, 'epoch': 0.02}
{'loss': 1.8512, 'grad_norm': 2.3376615047454834, 'learning_rate': 5.543859649122807e-06, 'num_tokens': 2193670.0, 'mean_token_accuracy': 0.5556310012936592, 'epoch': 0.03}
{'loss': 1.8316, 'grad_norm': 2.5127198696136475, 'learning_rate': 6.245614035087721e-06, 'num_tokens': 2472273.0, 'mean_token_accuracy': 0.563093650713563, 'epoch': 0.03}
{'loss': 1.8293, 'grad_norm': 3.105170965194702, 'learning_rate': 6.947368421052632e-06, 'num_tokens': 2718445.0, 'mean_token_accuracy': 0.5724982518702746, 'epoch': 0.03}
{'loss': 1.8467, 'grad_norm': 2.5458784103393555, 'learning_rate': 7.649122807017545e-06, 'num_tokens': 2959049.0, 'mean_token_accuracy': 0.5704906575381756, 'epoch': 0.03}
{'loss': 1.8478, 'grad_norm': 2.3271713256835938, 'learning_rate': 8.350877192982458e-06, 'num_tokens': 3215754.0, 'mean_token_accuracy': 0.5681930534541607, 'epoch': 0.04}
{'loss': 1.7489, 'grad_norm': 2.499715805053711, 'learning_rate': 9.05263157894737e-06, 'num_tokens': 3502669.0, 'mean_token_accuracy': 0.5735005479305982, 'epoch': 0.04}
{'loss': 1.85, 'grad_norm': 2.561279773712158, 'learning_rate': 9.754385964912281e-06, 'num_tokens': 3764621.0, 'mean_token_accuracy': 0.5606290034949779, 'epoch': 0.04}
{'loss': 1.8029, 'grad_norm': 2.802152395248413, 'learning_rate': 1.0456140350877194e-05, 'num_tokens': 4043803.0, 'mean_token_accuracy': 0.5769262026995421, 'epoch': 0.05}
{'loss': 1.6044, 'grad_norm': 2.288361072540283, 'learning_rate': 1.1157894736842105e-05, 'num_tokens': 4324022.0, 'mean_token_accuracy': 0.6030728954821825, 'epoch': 0.05}
{'loss': 1.7517, 'grad_norm': 3.135653257369995, 'learning_rate': 1.1859649122807017e-05, 'num_tokens': 4613877.0, 'mean_token_accuracy': 0.5896664299070835, 'epoch': 0.05}
{'loss': 1.6568, 'grad_norm': 2.9176154136657715, 'learning_rate': 1.256140350877193e-05, 'num_tokens': 4875382.0, 'mean_token_accuracy': 0.5933948770165444, 'epoch': 0.06}
{'loss': 1.7465, 'grad_norm': 2.6844329833984375, 'learning_rate': 1.3263157894736843e-05, 'num_tokens': 5171398.0, 'mean_token_accuracy': 0.5834548708051444, 'epoch': 0.06}
{'loss': 1.5694, 'grad_norm': 2.3751749992370605, 'learning_rate': 1.3964912280701755e-05, 'num_tokens': 5474463.0, 'mean_token_accuracy': 0.6079878989607096, 'epoch': 0.06}
{'loss': 1.5557, 'grad_norm': 2.439948797225952, 'learning_rate': 1.4666666666666666e-05, 'num_tokens': 5718760.0, 'mean_token_accuracy': 0.6004510212689638, 'epoch': 0.07}
{'loss': 1.6453, 'grad_norm': 2.655019760131836, 'learning_rate': 1.536842105263158e-05, 'num_tokens': 6020483.0, 'mean_token_accuracy': 0.5886390835046769, 'epoch': 0.07}
{'loss': 1.7539, 'grad_norm': 2.799481153488159, 'learning_rate': 1.6070175438596495e-05, 'num_tokens': 6304879.0, 'mean_token_accuracy': 0.5853691235184669, 'epoch': 0.07}
{'loss': 1.6315, 'grad_norm': 3.0331666469573975, 'learning_rate': 1.6771929824561408e-05, 'num_tokens': 6585138.0, 'mean_token_accuracy': 0.5888989057391882, 'epoch': 0.08}
{'loss': 1.6276, 'grad_norm': 3.7002952098846436, 'learning_rate': 1.7473684210526317e-05, 'num_tokens': 6840669.0, 'mean_token_accuracy': 0.5943426195532083, 'epoch': 0.08}
{'loss': 1.5242, 'grad_norm': 2.650617837905884, 'learning_rate': 1.817543859649123e-05, 'num_tokens': 7134204.0, 'mean_token_accuracy': 0.6077526960521936, 'epoch': 0.08}
{'loss': 1.5884, 'grad_norm': 1.9717915058135986, 'learning_rate': 1.8877192982456142e-05, 'num_tokens': 7441522.0, 'mean_token_accuracy': 0.5974977601319551, 'epoch': 0.09}
{'loss': 1.5213, 'grad_norm': 2.485358953475952, 'learning_rate': 1.9578947368421055e-05, 'num_tokens': 7711825.0, 'mean_token_accuracy': 0.6139336042106152, 'epoch': 0.09}
{'loss': 1.6279, 'grad_norm': 2.5698013305664062, 'learning_rate': 1.9991305292902946e-05, 'num_tokens': 7968734.0, 'mean_token_accuracy': 0.600199305638671, 'epoch': 0.09}
{'loss': 1.6249, 'grad_norm': 3.128748893737793, 'learning_rate': 1.996956852516031e-05, 'num_tokens': 8221996.0, 'mean_token_accuracy': 0.5976630076766014, 'epoch': 0.09}
{'loss': 1.6366, 'grad_norm': 2.3238937854766846, 'learning_rate': 1.994783175741767e-05, 'num_tokens': 8481600.0, 'mean_token_accuracy': 0.5947069812566042, 'epoch': 0.1}
{'loss': 1.662, 'grad_norm': 2.5906221866607666, 'learning_rate': 1.9926094989675036e-05, 'num_tokens': 8737063.0, 'mean_token_accuracy': 0.6124948855489493, 'epoch': 0.1}
{'loss': 1.6974, 'grad_norm': 3.4481284618377686, 'learning_rate': 1.99043582219324e-05, 'num_tokens': 8959958.0, 'mean_token_accuracy': 0.5975473389029503, 'epoch': 0.1}
{'loss': 1.7156, 'grad_norm': 2.7565596103668213, 'learning_rate': 1.9882621454189762e-05, 'num_tokens': 9227122.0, 'mean_token_accuracy': 0.5943034596741199, 'epoch': 0.11}
{'loss': 1.5074, 'grad_norm': 2.0147547721862793, 'learning_rate': 1.9860884686447126e-05, 'num_tokens': 9520122.0, 'mean_token_accuracy': 0.6177634347230196, 'epoch': 0.11}
{'loss': 1.5844, 'grad_norm': 2.6508402824401855, 'learning_rate': 1.983914791870449e-05, 'num_tokens': 9777116.0, 'mean_token_accuracy': 0.6060151752084494, 'epoch': 0.11}
{'loss': 1.486, 'grad_norm': 2.9282689094543457, 'learning_rate': 1.9817411150961855e-05, 'num_tokens': 10037888.0, 'mean_token_accuracy': 0.6195026032626629, 'epoch': 0.12}
{'loss': 1.5551, 'grad_norm': 2.320852518081665, 'learning_rate': 1.9795674383219216e-05, 'num_tokens': 10335500.0, 'mean_token_accuracy': 0.6089976835995913, 'epoch': 0.12}
{'loss': 1.5504, 'grad_norm': 2.4098010063171387, 'learning_rate': 1.977393761547658e-05, 'num_tokens': 10622380.0, 'mean_token_accuracy': 0.616100350767374, 'epoch': 0.12}
{'loss': 1.5861, 'grad_norm': 2.484792947769165, 'learning_rate': 1.9752200847733945e-05, 'num_tokens': 10891691.0, 'mean_token_accuracy': 0.6009124778211117, 'epoch': 0.13}
{'loss': 1.4535, 'grad_norm': 2.3644182682037354, 'learning_rate': 1.9730464079991306e-05, 'num_tokens': 11186358.0, 'mean_token_accuracy': 0.6247247274965048, 'epoch': 0.13}
{'loss': 1.4564, 'grad_norm': 2.153839111328125, 'learning_rate': 1.970872731224867e-05, 'num_tokens': 11471738.0, 'mean_token_accuracy': 0.617348550632596, 'epoch': 0.13}
{'loss': 1.4797, 'grad_norm': 2.366102933883667, 'learning_rate': 1.9686990544506032e-05, 'num_tokens': 11765564.0, 'mean_token_accuracy': 0.6288422740995884, 'epoch': 0.14}
{'loss': 1.5472, 'grad_norm': 2.2776107788085938, 'learning_rate': 1.9665253776763397e-05, 'num_tokens': 12038629.0, 'mean_token_accuracy': 0.6260148603469133, 'epoch': 0.14}
{'loss': 1.5239, 'grad_norm': 2.6830413341522217, 'learning_rate': 1.964351700902076e-05, 'num_tokens': 12306443.0, 'mean_token_accuracy': 0.6076301377266645, 'epoch': 0.14}
{'loss': 1.593, 'grad_norm': 2.3982248306274414, 'learning_rate': 1.9621780241278122e-05, 'num_tokens': 12576751.0, 'mean_token_accuracy': 0.6082298222929239, 'epoch': 0.15}
{'loss': 1.7011, 'grad_norm': 3.51436710357666, 'learning_rate': 1.9600043473535487e-05, 'num_tokens': 12840590.0, 'mean_token_accuracy': 0.5907018110156059, 'epoch': 0.15}
{'loss': 1.599, 'grad_norm': 2.868211507797241, 'learning_rate': 1.957830670579285e-05, 'num_tokens': 13100316.0, 'mean_token_accuracy': 0.6105660665780306, 'epoch': 0.15}
{'loss': 1.4856, 'grad_norm': 2.3804848194122314, 'learning_rate': 1.9556569938050212e-05, 'num_tokens': 13354489.0, 'mean_token_accuracy': 0.6259666409343481, 'epoch': 0.15}
{'loss': 1.5693, 'grad_norm': 2.9682929515838623, 'learning_rate': 1.9534833170307577e-05, 'num_tokens': 13603277.0, 'mean_token_accuracy': 0.6156948629766703, 'epoch': 0.16}
{'loss': 1.4352, 'grad_norm': 2.39717435836792, 'learning_rate': 1.9513096402564938e-05, 'num_tokens': 13885142.0, 'mean_token_accuracy': 0.6363667998462915, 'epoch': 0.16}
{'loss': 1.5402, 'grad_norm': 2.612872838973999, 'learning_rate': 1.9491359634822306e-05, 'num_tokens': 14147444.0, 'mean_token_accuracy': 0.6137896161526442, 'epoch': 0.16}
{'loss': 1.6505, 'grad_norm': 2.660409688949585, 'learning_rate': 1.9469622867079667e-05, 'num_tokens': 14410508.0, 'mean_token_accuracy': 0.6008636958897113, 'epoch': 0.17}
{'loss': 1.4687, 'grad_norm': 2.3591268062591553, 'learning_rate': 1.944788609933703e-05, 'num_tokens': 14714266.0, 'mean_token_accuracy': 0.631190275400877, 'epoch': 0.17}
{'loss': 1.4009, 'grad_norm': 2.3347768783569336, 'learning_rate': 1.9426149331594392e-05, 'num_tokens': 15005209.0, 'mean_token_accuracy': 0.6302722245454788, 'epoch': 0.17}
{'loss': 1.3852, 'grad_norm': 2.0233571529388428, 'learning_rate': 1.9404412563851757e-05, 'num_tokens': 15278139.0, 'mean_token_accuracy': 0.6283722370862961, 'epoch': 0.18}
{'loss': 1.42, 'grad_norm': 2.7448058128356934, 'learning_rate': 1.938267579610912e-05, 'num_tokens': 15538549.0, 'mean_token_accuracy': 0.6304202098399401, 'epoch': 0.18}
{'loss': 1.361, 'grad_norm': 2.3633196353912354, 'learning_rate': 1.9360939028366482e-05, 'num_tokens': 15839851.0, 'mean_token_accuracy': 0.6389454901218414, 'epoch': 0.18}
{'loss': 1.5076, 'grad_norm': 2.0788238048553467, 'learning_rate': 1.9339202260623847e-05, 'num_tokens': 16112089.0, 'mean_token_accuracy': 0.6216178640723229, 'epoch': 0.19}
{'loss': 1.5003, 'grad_norm': 2.659519672393799, 'learning_rate': 1.931746549288121e-05, 'num_tokens': 16404100.0, 'mean_token_accuracy': 0.6250109482556582, 'epoch': 0.19}
{'loss': 1.5641, 'grad_norm': 2.761807680130005, 'learning_rate': 1.9295728725138573e-05, 'num_tokens': 16650379.0, 'mean_token_accuracy': 0.6198955986648798, 'epoch': 0.19}
{'loss': 1.5481, 'grad_norm': 2.0663108825683594, 'learning_rate': 1.9273991957395937e-05, 'num_tokens': 16908470.0, 'mean_token_accuracy': 0.6242064125835896, 'epoch': 0.2}
{'loss': 1.4676, 'grad_norm': 2.2234158515930176, 'learning_rate': 1.9252255189653298e-05, 'num_tokens': 17163487.0, 'mean_token_accuracy': 0.6244244456291199, 'epoch': 0.2}
{'loss': 1.4557, 'grad_norm': 3.2402751445770264, 'learning_rate': 1.9230518421910666e-05, 'num_tokens': 17438340.0, 'mean_token_accuracy': 0.6235916942358017, 'epoch': 0.2}
{'loss': 1.5522, 'grad_norm': 3.644746780395508, 'learning_rate': 1.9208781654168027e-05, 'num_tokens': 17697228.0, 'mean_token_accuracy': 0.6188392657786608, 'epoch': 0.21}
{'loss': 1.4534, 'grad_norm': 2.2444469928741455, 'learning_rate': 1.918704488642539e-05, 'num_tokens': 17952193.0, 'mean_token_accuracy': 0.6245363838970661, 'epoch': 0.21}
{'loss': 1.4631, 'grad_norm': 2.2772161960601807, 'learning_rate': 1.9165308118682753e-05, 'num_tokens': 18226772.0, 'mean_token_accuracy': 0.6321579601615668, 'epoch': 0.21}
{'loss': 1.4663, 'grad_norm': 3.0639147758483887, 'learning_rate': 1.9143571350940117e-05, 'num_tokens': 18509369.0, 'mean_token_accuracy': 0.628475797176361, 'epoch': 0.22}
{'loss': 1.4781, 'grad_norm': 2.303377866744995, 'learning_rate': 1.9121834583197482e-05, 'num_tokens': 18783264.0, 'mean_token_accuracy': 0.6205645930022001, 'epoch': 0.22}
{'loss': 1.4979, 'grad_norm': 2.5210936069488525, 'learning_rate': 1.9100097815454843e-05, 'num_tokens': 19074548.0, 'mean_token_accuracy': 0.6289258666336537, 'epoch': 0.22}
{'loss': 1.4477, 'grad_norm': 2.2238528728485107, 'learning_rate': 1.9078361047712207e-05, 'num_tokens': 19330448.0, 'mean_token_accuracy': 0.6270219501107931, 'epoch': 0.22}
{'loss': 1.4144, 'grad_norm': 1.8034497499465942, 'learning_rate': 1.9056624279969572e-05, 'num_tokens': 19614626.0, 'mean_token_accuracy': 0.6468616239726543, 'epoch': 0.23}
{'loss': 1.3662, 'grad_norm': 2.407041311264038, 'learning_rate': 1.9034887512226933e-05, 'num_tokens': 19892565.0, 'mean_token_accuracy': 0.6350571949034929, 'epoch': 0.23}
{'loss': 1.3779, 'grad_norm': 3.1537952423095703, 'learning_rate': 1.9013150744484297e-05, 'num_tokens': 20156745.0, 'mean_token_accuracy': 0.6384645197540522, 'epoch': 0.23}
{'loss': 1.4728, 'grad_norm': 2.7361464500427246, 'learning_rate': 1.899141397674166e-05, 'num_tokens': 20427677.0, 'mean_token_accuracy': 0.6300650153309106, 'epoch': 0.24}
{'loss': 1.4007, 'grad_norm': 1.5675404071807861, 'learning_rate': 1.8969677208999023e-05, 'num_tokens': 20748118.0, 'mean_token_accuracy': 0.6389153644442558, 'epoch': 0.24}
{'loss': 1.4116, 'grad_norm': 2.2093217372894287, 'learning_rate': 1.8947940441256387e-05, 'num_tokens': 21007743.0, 'mean_token_accuracy': 0.6377283081412315, 'epoch': 0.24}
{'loss': 1.4293, 'grad_norm': 2.1582162380218506, 'learning_rate': 1.892620367351375e-05, 'num_tokens': 21290169.0, 'mean_token_accuracy': 0.6324616219848395, 'epoch': 0.25}
{'loss': 1.4259, 'grad_norm': 2.139951705932617, 'learning_rate': 1.8904466905771113e-05, 'num_tokens': 21547645.0, 'mean_token_accuracy': 0.6392150457948447, 'epoch': 0.25}
{'loss': 1.3812, 'grad_norm': 1.89435613155365, 'learning_rate': 1.8882730138028478e-05, 'num_tokens': 21846229.0, 'mean_token_accuracy': 0.642441314458847, 'epoch': 0.25}
{'loss': 1.4074, 'grad_norm': 2.0981075763702393, 'learning_rate': 1.8860993370285842e-05, 'num_tokens': 22128604.0, 'mean_token_accuracy': 0.6403579819947481, 'epoch': 0.26}
{'loss': 1.4014, 'grad_norm': 2.9033613204956055, 'learning_rate': 1.8839256602543203e-05, 'num_tokens': 22420166.0, 'mean_token_accuracy': 0.635277359187603, 'epoch': 0.26}
{'loss': 1.4595, 'grad_norm': 2.3666231632232666, 'learning_rate': 1.8817519834800568e-05, 'num_tokens': 22689635.0, 'mean_token_accuracy': 0.6245420753955842, 'epoch': 0.26}
{'loss': 1.4175, 'grad_norm': 2.132615566253662, 'learning_rate': 1.8795783067057932e-05, 'num_tokens': 22949088.0, 'mean_token_accuracy': 0.6307788599282503, 'epoch': 0.27}
{'loss': 1.4204, 'grad_norm': 1.961106538772583, 'learning_rate': 1.8774046299315293e-05, 'num_tokens': 23252319.0, 'mean_token_accuracy': 0.6344814758747817, 'epoch': 0.27}
{'loss': 1.4188, 'grad_norm': 1.6737949848175049, 'learning_rate': 1.8752309531572658e-05, 'num_tokens': 23531171.0, 'mean_token_accuracy': 0.6417424418032169, 'epoch': 0.27}
{'loss': 1.4437, 'grad_norm': 2.348738193511963, 'learning_rate': 1.873057276383002e-05, 'num_tokens': 23802780.0, 'mean_token_accuracy': 0.6315573699772358, 'epoch': 0.28}
{'loss': 1.4309, 'grad_norm': 2.1972081661224365, 'learning_rate': 1.8708835996087383e-05, 'num_tokens': 24083784.0, 'mean_token_accuracy': 0.63499088101089, 'epoch': 0.28}
{'loss': 1.3679, 'grad_norm': 2.11275577545166, 'learning_rate': 1.8687099228344748e-05, 'num_tokens': 24346077.0, 'mean_token_accuracy': 0.6492991212755441, 'epoch': 0.28}
{'loss': 1.3528, 'grad_norm': 2.2114474773406982, 'learning_rate': 1.866536246060211e-05, 'num_tokens': 24655894.0, 'mean_token_accuracy': 0.6467461224645377, 'epoch': 0.28}
{'loss': 1.421, 'grad_norm': 2.7451555728912354, 'learning_rate': 1.8643625692859473e-05, 'num_tokens': 24915177.0, 'mean_token_accuracy': 0.6356473818421364, 'epoch': 0.29}
{'loss': 1.3625, 'grad_norm': 1.9900100231170654, 'learning_rate': 1.8621888925116835e-05, 'num_tokens': 25192083.0, 'mean_token_accuracy': 0.6455808371305466, 'epoch': 0.29}
{'loss': 1.4819, 'grad_norm': 2.8984580039978027, 'learning_rate': 1.86001521573742e-05, 'num_tokens': 25423168.0, 'mean_token_accuracy': 0.6341005682945251, 'epoch': 0.29}
{'loss': 1.4039, 'grad_norm': 2.201303005218506, 'learning_rate': 1.8578415389631564e-05, 'num_tokens': 25715453.0, 'mean_token_accuracy': 0.6440160878002643, 'epoch': 0.3}
{'loss': 1.3389, 'grad_norm': 2.7970921993255615, 'learning_rate': 1.8556678621888925e-05, 'num_tokens': 26017633.0, 'mean_token_accuracy': 0.6489463012665511, 'epoch': 0.3}
{'loss': 1.4709, 'grad_norm': 1.8622912168502808, 'learning_rate': 1.853494185414629e-05, 'num_tokens': 26294134.0, 'mean_token_accuracy': 0.6311468854546547, 'epoch': 0.3}
{'loss': 1.3795, 'grad_norm': 1.9278569221496582, 'learning_rate': 1.8513205086403654e-05, 'num_tokens': 26549888.0, 'mean_token_accuracy': 0.6403988607227802, 'epoch': 0.31}
{'loss': 1.4779, 'grad_norm': 2.235842704772949, 'learning_rate': 1.8491468318661018e-05, 'num_tokens': 26814573.0, 'mean_token_accuracy': 0.6302014466375112, 'epoch': 0.31}
{'loss': 1.3661, 'grad_norm': 1.9209949970245361, 'learning_rate': 1.846973155091838e-05, 'num_tokens': 27078646.0, 'mean_token_accuracy': 0.6456091042608023, 'epoch': 0.31}
{'loss': 1.5246, 'grad_norm': 2.507295846939087, 'learning_rate': 1.8447994783175744e-05, 'num_tokens': 27329083.0, 'mean_token_accuracy': 0.629634027555585, 'epoch': 0.32}
{'loss': 1.3614, 'grad_norm': 2.6087019443511963, 'learning_rate': 1.8426258015433108e-05, 'num_tokens': 27584516.0, 'mean_token_accuracy': 0.6409332141280174, 'epoch': 0.32}
{'loss': 1.3629, 'grad_norm': 2.166476011276245, 'learning_rate': 1.840452124769047e-05, 'num_tokens': 27894399.0, 'mean_token_accuracy': 0.642391699552536, 'epoch': 0.32}
{'loss': 1.3605, 'grad_norm': 2.158950090408325, 'learning_rate': 1.8382784479947834e-05, 'num_tokens': 28167761.0, 'mean_token_accuracy': 0.6487211588770151, 'epoch': 0.33}
{'loss': 1.3768, 'grad_norm': 2.056241512298584, 'learning_rate': 1.8361047712205195e-05, 'num_tokens': 28449719.0, 'mean_token_accuracy': 0.6479365535080432, 'epoch': 0.33}
{'loss': 1.2825, 'grad_norm': 2.0672452449798584, 'learning_rate': 1.833931094446256e-05, 'num_tokens': 28718365.0, 'mean_token_accuracy': 0.6531248953193426, 'epoch': 0.33}
{'loss': 1.431, 'grad_norm': 2.3447272777557373, 'learning_rate': 1.8317574176719924e-05, 'num_tokens': 29018384.0, 'mean_token_accuracy': 0.6390791017562151, 'epoch': 0.34}
{'loss': 1.299, 'grad_norm': 1.753589391708374, 'learning_rate': 1.8295837408977285e-05, 'num_tokens': 29307759.0, 'mean_token_accuracy': 0.6530448835343122, 'epoch': 0.34}
{'loss': 1.3915, 'grad_norm': 2.8040432929992676, 'learning_rate': 1.827410064123465e-05, 'num_tokens': 29575408.0, 'mean_token_accuracy': 0.6453825533390045, 'epoch': 0.34}
{'loss': 1.4425, 'grad_norm': 1.8551850318908691, 'learning_rate': 1.8252363873492014e-05, 'num_tokens': 29871933.0, 'mean_token_accuracy': 0.6319895759224892, 'epoch': 0.34}
{'loss': 1.406, 'grad_norm': 2.0877275466918945, 'learning_rate': 1.8230627105749375e-05, 'num_tokens': 30157331.0, 'mean_token_accuracy': 0.6411510411649942, 'epoch': 0.35}
{'loss': 1.5067, 'grad_norm': 2.2817323207855225, 'learning_rate': 1.820889033800674e-05, 'num_tokens': 30426914.0, 'mean_token_accuracy': 0.6306769903749228, 'epoch': 0.35}
{'loss': 1.4554, 'grad_norm': 2.490165948867798, 'learning_rate': 1.81871535702641e-05, 'num_tokens': 30715253.0, 'mean_token_accuracy': 0.6394638244062663, 'epoch': 0.35}
{'loss': 1.4117, 'grad_norm': 1.9980487823486328, 'learning_rate': 1.816541680252147e-05, 'num_tokens': 30996194.0, 'mean_token_accuracy': 0.6443580865859986, 'epoch': 0.36}
{'loss': 1.276, 'grad_norm': 2.0245420932769775, 'learning_rate': 1.814368003477883e-05, 'num_tokens': 31297303.0, 'mean_token_accuracy': 0.6578486725687981, 'epoch': 0.36}
{'loss': 1.2915, 'grad_norm': 2.3828928470611572, 'learning_rate': 1.8121943267036194e-05, 'num_tokens': 31572397.0, 'mean_token_accuracy': 0.659507904574275, 'epoch': 0.36}
{'loss': 1.4058, 'grad_norm': 2.1603736877441406, 'learning_rate': 1.8100206499293555e-05, 'num_tokens': 31824428.0, 'mean_token_accuracy': 0.6436429187655449, 'epoch': 0.37}
{'loss': 1.452, 'grad_norm': 1.9111196994781494, 'learning_rate': 1.807846973155092e-05, 'num_tokens': 32096439.0, 'mean_token_accuracy': 0.6389517325907945, 'epoch': 0.37}
{'loss': 1.4952, 'grad_norm': 1.9787676334381104, 'learning_rate': 1.8056732963808284e-05, 'num_tokens': 32328284.0, 'mean_token_accuracy': 0.6314433827996254, 'epoch': 0.37}
{'loss': 1.3971, 'grad_norm': 2.1974711418151855, 'learning_rate': 1.8034996196065645e-05, 'num_tokens': 32561930.0, 'mean_token_accuracy': 0.6468162547796965, 'epoch': 0.38}
{'loss': 1.385, 'grad_norm': 2.3814220428466797, 'learning_rate': 1.801325942832301e-05, 'num_tokens': 32847437.0, 'mean_token_accuracy': 0.6514700639992952, 'epoch': 0.38}
{'loss': 1.4352, 'grad_norm': 2.262894868850708, 'learning_rate': 1.7991522660580374e-05, 'num_tokens': 33109752.0, 'mean_token_accuracy': 0.6441153820604086, 'epoch': 0.38}
{'loss': 1.373, 'grad_norm': 2.443530797958374, 'learning_rate': 1.7969785892837735e-05, 'num_tokens': 33387861.0, 'mean_token_accuracy': 0.6534628294408321, 'epoch': 0.39}
{'loss': 1.4093, 'grad_norm': 2.4894745349884033, 'learning_rate': 1.79480491250951e-05, 'num_tokens': 33645780.0, 'mean_token_accuracy': 0.6426953092217446, 'epoch': 0.39}
{'loss': 1.2368, 'grad_norm': 2.364630699157715, 'learning_rate': 1.792631235735246e-05, 'num_tokens': 33942251.0, 'mean_token_accuracy': 0.6623605132102967, 'epoch': 0.39}
{'loss': 1.3951, 'grad_norm': 2.011169672012329, 'learning_rate': 1.790457558960983e-05, 'num_tokens': 34222961.0, 'mean_token_accuracy': 0.6460849229246378, 'epoch': 0.4}
{'loss': 1.2277, 'grad_norm': 2.1578750610351562, 'learning_rate': 1.788283882186719e-05, 'num_tokens': 34503018.0, 'mean_token_accuracy': 0.6667019579559564, 'epoch': 0.4}
{'loss': 1.4377, 'grad_norm': 3.0191619396209717, 'learning_rate': 1.786110205412455e-05, 'num_tokens': 34728726.0, 'mean_token_accuracy': 0.649902705475688, 'epoch': 0.4}
{'loss': 1.3011, 'grad_norm': 2.1211116313934326, 'learning_rate': 1.7839365286381916e-05, 'num_tokens': 34986719.0, 'mean_token_accuracy': 0.65871327444911, 'epoch': 0.4}
{'loss': 1.3018, 'grad_norm': 1.8480863571166992, 'learning_rate': 1.781762851863928e-05, 'num_tokens': 35291892.0, 'mean_token_accuracy': 0.658199118450284, 'epoch': 0.41}
{'loss': 1.353, 'grad_norm': 2.131835460662842, 'learning_rate': 1.7795891750896645e-05, 'num_tokens': 35547635.0, 'mean_token_accuracy': 0.6539706740528345, 'epoch': 0.41}
{'loss': 1.3724, 'grad_norm': 2.0932607650756836, 'learning_rate': 1.7774154983154006e-05, 'num_tokens': 35825356.0, 'mean_token_accuracy': 0.6428908467292785, 'epoch': 0.41}
{'loss': 1.3976, 'grad_norm': 2.7234416007995605, 'learning_rate': 1.775241821541137e-05, 'num_tokens': 36105296.0, 'mean_token_accuracy': 0.6447973445057869, 'epoch': 0.42}
{'loss': 1.3934, 'grad_norm': 1.94809889793396, 'learning_rate': 1.7730681447668735e-05, 'num_tokens': 36376972.0, 'mean_token_accuracy': 0.6447821777313948, 'epoch': 0.42}
{'loss': 1.3211, 'grad_norm': 2.0461676120758057, 'learning_rate': 1.7708944679926096e-05, 'num_tokens': 36692836.0, 'mean_token_accuracy': 0.6590110246092081, 'epoch': 0.42}
{'loss': 1.3932, 'grad_norm': 1.9804552793502808, 'learning_rate': 1.768720791218346e-05, 'num_tokens': 36969329.0, 'mean_token_accuracy': 0.642592329531908, 'epoch': 0.43}
{'loss': 1.3534, 'grad_norm': 2.313621759414673, 'learning_rate': 1.766547114444082e-05, 'num_tokens': 37273639.0, 'mean_token_accuracy': 0.6502659037709236, 'epoch': 0.43}
{'loss': 1.3955, 'grad_norm': 2.241443395614624, 'learning_rate': 1.7643734376698186e-05, 'num_tokens': 37548565.0, 'mean_token_accuracy': 0.6509279146790504, 'epoch': 0.43}
{'loss': 1.2987, 'grad_norm': 2.38535475730896, 'learning_rate': 1.762199760895555e-05, 'num_tokens': 37815831.0, 'mean_token_accuracy': 0.6593360595405102, 'epoch': 0.44}
{'loss': 1.3736, 'grad_norm': 2.294818878173828, 'learning_rate': 1.760026084121291e-05, 'num_tokens': 38093007.0, 'mean_token_accuracy': 0.6489116795361042, 'epoch': 0.44}
{'loss': 1.3372, 'grad_norm': 2.5086920261383057, 'learning_rate': 1.7578524073470276e-05, 'num_tokens': 38395741.0, 'mean_token_accuracy': 0.6458324499428272, 'epoch': 0.44}
{'loss': 1.3893, 'grad_norm': 2.075362205505371, 'learning_rate': 1.755678730572764e-05, 'num_tokens': 38683242.0, 'mean_token_accuracy': 0.644386800006032, 'epoch': 0.45}
{'loss': 1.3219, 'grad_norm': 2.088341474533081, 'learning_rate': 1.7535050537985005e-05, 'num_tokens': 38923437.0, 'mean_token_accuracy': 0.6627308472990989, 'epoch': 0.45}
{'loss': 1.3839, 'grad_norm': 2.2941653728485107, 'learning_rate': 1.7513313770242366e-05, 'num_tokens': 39170276.0, 'mean_token_accuracy': 0.6464179281145335, 'epoch': 0.45}
{'loss': 1.2813, 'grad_norm': 2.0674216747283936, 'learning_rate': 1.749157700249973e-05, 'num_tokens': 39441749.0, 'mean_token_accuracy': 0.6568227082490921, 'epoch': 0.46}
{'loss': 1.3416, 'grad_norm': 2.295311450958252, 'learning_rate': 1.7469840234757095e-05, 'num_tokens': 39725865.0, 'mean_token_accuracy': 0.6580973330885171, 'epoch': 0.46}
{'loss': 1.3514, 'grad_norm': 2.6080942153930664, 'learning_rate': 1.7448103467014456e-05, 'num_tokens': 39982593.0, 'mean_token_accuracy': 0.6495060358196497, 'epoch': 0.46}
{'loss': 1.368, 'grad_norm': 2.4238197803497314, 'learning_rate': 1.742636669927182e-05, 'num_tokens': 40244114.0, 'mean_token_accuracy': 0.6565660946071148, 'epoch': 0.46}
{'loss': 1.3433, 'grad_norm': 2.2111892700195312, 'learning_rate': 1.7404629931529182e-05, 'num_tokens': 40508748.0, 'mean_token_accuracy': 0.6516330782324076, 'epoch': 0.47}
{'loss': 1.3327, 'grad_norm': 2.351996421813965, 'learning_rate': 1.7382893163786546e-05, 'num_tokens': 40798718.0, 'mean_token_accuracy': 0.6529483761638403, 'epoch': 0.47}
{'loss': 1.3499, 'grad_norm': 1.7530748844146729, 'learning_rate': 1.736115639604391e-05, 'num_tokens': 41084071.0, 'mean_token_accuracy': 0.6627736512571574, 'epoch': 0.47}
{'loss': 1.3456, 'grad_norm': 2.0198323726654053, 'learning_rate': 1.7339419628301272e-05, 'num_tokens': 41352694.0, 'mean_token_accuracy': 0.6555989202111959, 'epoch': 0.48}
{'loss': 1.505, 'grad_norm': 1.979469656944275, 'learning_rate': 1.7317682860558636e-05, 'num_tokens': 41603565.0, 'mean_token_accuracy': 0.6452666960656643, 'epoch': 0.48}
{'loss': 1.3916, 'grad_norm': 2.5489790439605713, 'learning_rate': 1.7295946092816e-05, 'num_tokens': 41879427.0, 'mean_token_accuracy': 0.6489114508032798, 'epoch': 0.48}
{'loss': 1.3578, 'grad_norm': 1.820873737335205, 'learning_rate': 1.7274209325073362e-05, 'num_tokens': 42162236.0, 'mean_token_accuracy': 0.6470242816954851, 'epoch': 0.49}
{'loss': 1.4354, 'grad_norm': 2.540193796157837, 'learning_rate': 1.7252472557330726e-05, 'num_tokens': 42456520.0, 'mean_token_accuracy': 0.6495679531246423, 'epoch': 0.49}
{'loss': 1.4177, 'grad_norm': 1.905885934829712, 'learning_rate': 1.7230735789588088e-05, 'num_tokens': 42724988.0, 'mean_token_accuracy': 0.6495022412389517, 'epoch': 0.49}
{'loss': 1.3887, 'grad_norm': 2.185304641723633, 'learning_rate': 1.7208999021845455e-05, 'num_tokens': 42973051.0, 'mean_token_accuracy': 0.6513442318886519, 'epoch': 0.5}
{'loss': 1.2727, 'grad_norm': 2.8357560634613037, 'learning_rate': 1.7187262254102817e-05, 'num_tokens': 43248519.0, 'mean_token_accuracy': 0.6637019664049149, 'epoch': 0.5}
{'loss': 1.2434, 'grad_norm': 1.757709264755249, 'learning_rate': 1.716552548636018e-05, 'num_tokens': 43535795.0, 'mean_token_accuracy': 0.6682306915521622, 'epoch': 0.5}
{'loss': 1.3735, 'grad_norm': 2.0125234127044678, 'learning_rate': 1.7143788718617542e-05, 'num_tokens': 43799961.0, 'mean_token_accuracy': 0.6534809172153473, 'epoch': 0.51}
{'loss': 1.2916, 'grad_norm': 2.026977062225342, 'learning_rate': 1.7122051950874907e-05, 'num_tokens': 44070451.0, 'mean_token_accuracy': 0.6568373970687389, 'epoch': 0.51}
{'loss': 1.2366, 'grad_norm': 2.253936767578125, 'learning_rate': 1.710031518313227e-05, 'num_tokens': 44343378.0, 'mean_token_accuracy': 0.6855949446558952, 'epoch': 0.51}
{'loss': 1.283, 'grad_norm': 2.863933563232422, 'learning_rate': 1.7078578415389632e-05, 'num_tokens': 44615540.0, 'mean_token_accuracy': 0.6613007862120867, 'epoch': 0.52}
{'loss': 1.2601, 'grad_norm': 2.1479532718658447, 'learning_rate': 1.7056841647646997e-05, 'num_tokens': 44932442.0, 'mean_token_accuracy': 0.658679598942399, 'epoch': 0.52}
{'loss': 1.3184, 'grad_norm': 2.811237335205078, 'learning_rate': 1.703510487990436e-05, 'num_tokens': 45224313.0, 'mean_token_accuracy': 0.6536403793841601, 'epoch': 0.52}
{'loss': 1.2329, 'grad_norm': 2.0231611728668213, 'learning_rate': 1.7013368112161722e-05, 'num_tokens': 45492883.0, 'mean_token_accuracy': 0.6674700424075126, 'epoch': 0.52}
{'loss': 1.3694, 'grad_norm': 2.141923666000366, 'learning_rate': 1.6991631344419087e-05, 'num_tokens': 45757921.0, 'mean_token_accuracy': 0.6485257595777512, 'epoch': 0.53}
{'loss': 1.3775, 'grad_norm': 2.0822300910949707, 'learning_rate': 1.6969894576676448e-05, 'num_tokens': 46015769.0, 'mean_token_accuracy': 0.659024341031909, 'epoch': 0.53}
{'loss': 1.2496, 'grad_norm': 1.80619215965271, 'learning_rate': 1.6948157808933812e-05, 'num_tokens': 46312406.0, 'mean_token_accuracy': 0.6622613593935966, 'epoch': 0.53}
{'loss': 1.2421, 'grad_norm': 1.7751281261444092, 'learning_rate': 1.6926421041191177e-05, 'num_tokens': 46605597.0, 'mean_token_accuracy': 0.66914082467556, 'epoch': 0.54}
{'loss': 1.2769, 'grad_norm': 2.272265672683716, 'learning_rate': 1.6904684273448538e-05, 'num_tokens': 46875828.0, 'mean_token_accuracy': 0.663198308646679, 'epoch': 0.54}
{'loss': 1.2666, 'grad_norm': 1.8314094543457031, 'learning_rate': 1.6882947505705902e-05, 'num_tokens': 47177033.0, 'mean_token_accuracy': 0.6651008449494838, 'epoch': 0.54}
{'loss': 1.3743, 'grad_norm': 2.736914873123169, 'learning_rate': 1.6861210737963267e-05, 'num_tokens': 47472006.0, 'mean_token_accuracy': 0.646785032749176, 'epoch': 0.55}
{'loss': 1.4039, 'grad_norm': 2.9278855323791504, 'learning_rate': 1.683947397022063e-05, 'num_tokens': 47727769.0, 'mean_token_accuracy': 0.6416063617914916, 'epoch': 0.55}
{'loss': 1.2379, 'grad_norm': 1.8877617120742798, 'learning_rate': 1.6817737202477993e-05, 'num_tokens': 47983846.0, 'mean_token_accuracy': 0.6715771321207284, 'epoch': 0.55}
{'loss': 1.2601, 'grad_norm': 2.124007225036621, 'learning_rate': 1.6796000434735357e-05, 'num_tokens': 48242119.0, 'mean_token_accuracy': 0.6662605542689561, 'epoch': 0.56}
{'loss': 1.358, 'grad_norm': 2.1154236793518066, 'learning_rate': 1.677426366699272e-05, 'num_tokens': 48520688.0, 'mean_token_accuracy': 0.6392617784440517, 'epoch': 0.56}
{'loss': 1.278, 'grad_norm': 1.7517539262771606, 'learning_rate': 1.6752526899250083e-05, 'num_tokens': 48802065.0, 'mean_token_accuracy': 0.6686559386551381, 'epoch': 0.56}
{'loss': 1.2813, 'grad_norm': 2.4606704711914062, 'learning_rate': 1.6730790131507447e-05, 'num_tokens': 49085357.0, 'mean_token_accuracy': 0.6673855688422918, 'epoch': 0.57}
{'loss': 1.3119, 'grad_norm': 2.0770771503448486, 'learning_rate': 1.6709053363764808e-05, 'num_tokens': 49358501.0, 'mean_token_accuracy': 0.6534533370286226, 'epoch': 0.57}
{'loss': 1.2651, 'grad_norm': 2.103039503097534, 'learning_rate': 1.6687316596022173e-05, 'num_tokens': 49634312.0, 'mean_token_accuracy': 0.6583179645240307, 'epoch': 0.57}
{'loss': 1.2735, 'grad_norm': 2.007472276687622, 'learning_rate': 1.6665579828279537e-05, 'num_tokens': 49911250.0, 'mean_token_accuracy': 0.6732222896069289, 'epoch': 0.58}
{'loss': 1.3696, 'grad_norm': 2.250852584838867, 'learning_rate': 1.66438430605369e-05, 'num_tokens': 50162384.0, 'mean_token_accuracy': 0.6448296550661325, 'epoch': 0.58}
{'loss': 1.3204, 'grad_norm': 2.495098352432251, 'learning_rate': 1.6622106292794263e-05, 'num_tokens': 50408151.0, 'mean_token_accuracy': 0.6577461525797844, 'epoch': 0.58}
{'loss': 1.2216, 'grad_norm': 1.8959718942642212, 'learning_rate': 1.6600369525051627e-05, 'num_tokens': 50697474.0, 'mean_token_accuracy': 0.6711268801242113, 'epoch': 0.59}
{'loss': 1.2688, 'grad_norm': 1.7937549352645874, 'learning_rate': 1.657863275730899e-05, 'num_tokens': 50953390.0, 'mean_token_accuracy': 0.663870258629322, 'epoch': 0.59}
{'loss': 1.2528, 'grad_norm': 2.126540184020996, 'learning_rate': 1.6556895989566353e-05, 'num_tokens': 51213303.0, 'mean_token_accuracy': 0.6732023682445287, 'epoch': 0.59}
{'loss': 1.2934, 'grad_norm': 2.7660820484161377, 'learning_rate': 1.6535159221823714e-05, 'num_tokens': 51472512.0, 'mean_token_accuracy': 0.6661337222903967, 'epoch': 0.59}
{'loss': 1.2482, 'grad_norm': 2.3208305835723877, 'learning_rate': 1.6513422454081082e-05, 'num_tokens': 51737353.0, 'mean_token_accuracy': 0.6734462786465883, 'epoch': 0.6}
{'loss': 1.2866, 'grad_norm': 2.3049683570861816, 'learning_rate': 1.6491685686338443e-05, 'num_tokens': 51994013.0, 'mean_token_accuracy': 0.6710307016968727, 'epoch': 0.6}
{'loss': 1.3143, 'grad_norm': 1.8094903230667114, 'learning_rate': 1.6469948918595807e-05, 'num_tokens': 52243552.0, 'mean_token_accuracy': 0.6505864582955837, 'epoch': 0.6}
{'loss': 1.2509, 'grad_norm': 2.333146333694458, 'learning_rate': 1.644821215085317e-05, 'num_tokens': 52520429.0, 'mean_token_accuracy': 0.6731162324547768, 'epoch': 0.61}
{'loss': 1.253, 'grad_norm': 2.1725010871887207, 'learning_rate': 1.6426475383110533e-05, 'num_tokens': 52774897.0, 'mean_token_accuracy': 0.6614480171352625, 'epoch': 0.61}
{'loss': 1.1991, 'grad_norm': 2.2595572471618652, 'learning_rate': 1.6404738615367898e-05, 'num_tokens': 53057433.0, 'mean_token_accuracy': 0.6723988942801953, 'epoch': 0.61}
{'loss': 1.2874, 'grad_norm': 2.2936344146728516, 'learning_rate': 1.638300184762526e-05, 'num_tokens': 53325248.0, 'mean_token_accuracy': 0.6622748278081417, 'epoch': 0.62}
{'loss': 1.3174, 'grad_norm': 2.9557759761810303, 'learning_rate': 1.6361265079882623e-05, 'num_tokens': 53576941.0, 'mean_token_accuracy': 0.6669260777533055, 'epoch': 0.62}
{'loss': 1.2807, 'grad_norm': 2.4432058334350586, 'learning_rate': 1.6339528312139984e-05, 'num_tokens': 53836177.0, 'mean_token_accuracy': 0.6661739926785231, 'epoch': 0.62}
{'loss': 1.3837, 'grad_norm': 2.2517073154449463, 'learning_rate': 1.631779154439735e-05, 'num_tokens': 54079437.0, 'mean_token_accuracy': 0.6526001300662756, 'epoch': 0.63}
{'loss': 1.2423, 'grad_norm': 1.7931914329528809, 'learning_rate': 1.6296054776654713e-05, 'num_tokens': 54344828.0, 'mean_token_accuracy': 0.6756932109594345, 'epoch': 0.63}
{'loss': 1.1741, 'grad_norm': 2.3611161708831787, 'learning_rate': 1.6274318008912074e-05, 'num_tokens': 54605673.0, 'mean_token_accuracy': 0.6876779265701771, 'epoch': 0.63}
{'loss': 1.2245, 'grad_norm': 1.9779945611953735, 'learning_rate': 1.625258124116944e-05, 'num_tokens': 54864226.0, 'mean_token_accuracy': 0.6799381650984287, 'epoch': 0.64}
{'loss': 1.258, 'grad_norm': 1.8281162977218628, 'learning_rate': 1.6230844473426803e-05, 'num_tokens': 55136958.0, 'mean_token_accuracy': 0.6588693395256996, 'epoch': 0.64}
{'loss': 1.4014, 'grad_norm': 2.167409896850586, 'learning_rate': 1.6209107705684164e-05, 'num_tokens': 55364548.0, 'mean_token_accuracy': 0.6534604158252477, 'epoch': 0.64}
{'loss': 1.3496, 'grad_norm': 2.0969183444976807, 'learning_rate': 1.618737093794153e-05, 'num_tokens': 55641274.0, 'mean_token_accuracy': 0.6498211026191711, 'epoch': 0.65}
{'loss': 1.2201, 'grad_norm': 1.9059576988220215, 'learning_rate': 1.616563417019889e-05, 'num_tokens': 55939949.0, 'mean_token_accuracy': 0.6778491541743279, 'epoch': 0.65}
{'loss': 1.1928, 'grad_norm': 2.155630588531494, 'learning_rate': 1.6143897402456258e-05, 'num_tokens': 56209882.0, 'mean_token_accuracy': 0.6791080143302679, 'epoch': 0.65}
{'loss': 1.2834, 'grad_norm': 2.6344635486602783, 'learning_rate': 1.612216063471362e-05, 'num_tokens': 56464089.0, 'mean_token_accuracy': 0.6689721379429102, 'epoch': 0.65}
{'loss': 1.1921, 'grad_norm': 2.287668466567993, 'learning_rate': 1.6100423866970984e-05, 'num_tokens': 56747883.0, 'mean_token_accuracy': 0.6798594202846289, 'epoch': 0.66}
{'loss': 1.2264, 'grad_norm': 2.729857921600342, 'learning_rate': 1.6078687099228345e-05, 'num_tokens': 57035502.0, 'mean_token_accuracy': 0.6740370620042085, 'epoch': 0.66}
{'loss': 1.2346, 'grad_norm': 1.8554887771606445, 'learning_rate': 1.605695033148571e-05, 'num_tokens': 57283704.0, 'mean_token_accuracy': 0.6645852893590927, 'epoch': 0.66}
{'loss': 1.4107, 'grad_norm': 1.651301622390747, 'learning_rate': 1.6035213563743074e-05, 'num_tokens': 57538966.0, 'mean_token_accuracy': 0.6508592460304499, 'epoch': 0.67}
{'loss': 1.23, 'grad_norm': 2.06209397315979, 'learning_rate': 1.6013476796000435e-05, 'num_tokens': 57832018.0, 'mean_token_accuracy': 0.6813902080059051, 'epoch': 0.67}
{'loss': 1.3367, 'grad_norm': 2.681915044784546, 'learning_rate': 1.59917400282578e-05, 'num_tokens': 58069315.0, 'mean_token_accuracy': 0.6618374813348055, 'epoch': 0.67}
{'loss': 1.2823, 'grad_norm': 2.1453611850738525, 'learning_rate': 1.5970003260515164e-05, 'num_tokens': 58363410.0, 'mean_token_accuracy': 0.6689310178160668, 'epoch': 0.68}
{'loss': 1.2598, 'grad_norm': 2.2478535175323486, 'learning_rate': 1.5948266492772525e-05, 'num_tokens': 58640175.0, 'mean_token_accuracy': 0.6813233230262995, 'epoch': 0.68}
{'loss': 1.3633, 'grad_norm': 1.979149341583252, 'learning_rate': 1.592652972502989e-05, 'num_tokens': 58921333.0, 'mean_token_accuracy': 0.6568230256438256, 'epoch': 0.68}
{'loss': 1.2621, 'grad_norm': 2.4339804649353027, 'learning_rate': 1.590479295728725e-05, 'num_tokens': 59194001.0, 'mean_token_accuracy': 0.6645192846655845, 'epoch': 0.69}
{'loss': 1.2377, 'grad_norm': 1.8009995222091675, 'learning_rate': 1.5883056189544618e-05, 'num_tokens': 59469385.0, 'mean_token_accuracy': 0.6728242862969637, 'epoch': 0.69}
{'loss': 1.3708, 'grad_norm': 1.8881946802139282, 'learning_rate': 1.586131942180198e-05, 'num_tokens': 59735107.0, 'mean_token_accuracy': 0.6520890481770039, 'epoch': 0.69}
{'loss': 1.1712, 'grad_norm': 1.7819708585739136, 'learning_rate': 1.5839582654059344e-05, 'num_tokens': 60028016.0, 'mean_token_accuracy': 0.6873704571276903, 'epoch': 0.7}
{'loss': 1.1772, 'grad_norm': 2.136352062225342, 'learning_rate': 1.5817845886316705e-05, 'num_tokens': 60315882.0, 'mean_token_accuracy': 0.6863056816160679, 'epoch': 0.7}
{'loss': 1.255, 'grad_norm': 2.6188948154449463, 'learning_rate': 1.579610911857407e-05, 'num_tokens': 60609401.0, 'mean_token_accuracy': 0.6658651776611805, 'epoch': 0.7}
{'loss': 1.2519, 'grad_norm': 2.087817430496216, 'learning_rate': 1.5774372350831434e-05, 'num_tokens': 60884626.0, 'mean_token_accuracy': 0.6770584769546986, 'epoch': 0.71}
{'loss': 1.2188, 'grad_norm': 2.460725784301758, 'learning_rate': 1.5752635583088795e-05, 'num_tokens': 61115908.0, 'mean_token_accuracy': 0.6841155409812927, 'epoch': 0.71}
{'loss': 1.2266, 'grad_norm': 2.1411032676696777, 'learning_rate': 1.573089881534616e-05, 'num_tokens': 61380165.0, 'mean_token_accuracy': 0.6771842319518327, 'epoch': 0.71}
{'loss': 1.0837, 'grad_norm': 2.054023265838623, 'learning_rate': 1.5709162047603524e-05, 'num_tokens': 61691654.0, 'mean_token_accuracy': 0.6940261617302894, 'epoch': 0.71}
{'loss': 1.1325, 'grad_norm': 2.171994686126709, 'learning_rate': 1.5687425279860885e-05, 'num_tokens': 61981643.0, 'mean_token_accuracy': 0.6848656211048365, 'epoch': 0.72}
{'loss': 1.2484, 'grad_norm': 2.137571334838867, 'learning_rate': 1.566568851211825e-05, 'num_tokens': 62229457.0, 'mean_token_accuracy': 0.6679608583450317, 'epoch': 0.72}
{'loss': 1.1441, 'grad_norm': 1.7123969793319702, 'learning_rate': 1.564395174437561e-05, 'num_tokens': 62507945.0, 'mean_token_accuracy': 0.6886726219207049, 'epoch': 0.72}
{'loss': 1.1767, 'grad_norm': 2.3321523666381836, 'learning_rate': 1.5622214976632975e-05, 'num_tokens': 62802177.0, 'mean_token_accuracy': 0.6832539651542902, 'epoch': 0.73}
{'loss': 1.287, 'grad_norm': 1.9929158687591553, 'learning_rate': 1.560047820889034e-05, 'num_tokens': 63054379.0, 'mean_token_accuracy': 0.6612750943750143, 'epoch': 0.73}
{'loss': 1.2139, 'grad_norm': 1.8110369443893433, 'learning_rate': 1.55787414411477e-05, 'num_tokens': 63344454.0, 'mean_token_accuracy': 0.6794769238680601, 'epoch': 0.73}
{'loss': 1.1724, 'grad_norm': 1.9923772811889648, 'learning_rate': 1.5557004673405065e-05, 'num_tokens': 63661966.0, 'mean_token_accuracy': 0.6802838999778033, 'epoch': 0.74}
{'loss': 1.1355, 'grad_norm': 1.7949777841567993, 'learning_rate': 1.553526790566243e-05, 'num_tokens': 63980041.0, 'mean_token_accuracy': 0.6867717683315278, 'epoch': 0.74}
{'loss': 1.2581, 'grad_norm': 2.1642088890075684, 'learning_rate': 1.5513531137919794e-05, 'num_tokens': 64258695.0, 'mean_token_accuracy': 0.6695282746106386, 'epoch': 0.74}
{'loss': 1.2854, 'grad_norm': 1.8565082550048828, 'learning_rate': 1.5491794370177155e-05, 'num_tokens': 64529449.0, 'mean_token_accuracy': 0.6715646523982286, 'epoch': 0.75}
{'loss': 1.2183, 'grad_norm': 2.7362353801727295, 'learning_rate': 1.547005760243452e-05, 'num_tokens': 64782583.0, 'mean_token_accuracy': 0.683054681122303, 'epoch': 0.75}
{'loss': 1.1806, 'grad_norm': 2.1042137145996094, 'learning_rate': 1.5448320834691884e-05, 'num_tokens': 65086969.0, 'mean_token_accuracy': 0.6977099031209946, 'epoch': 0.75}
{'loss': 1.2728, 'grad_norm': 4.307672500610352, 'learning_rate': 1.5426584066949246e-05, 'num_tokens': 65355338.0, 'mean_token_accuracy': 0.6781923208385706, 'epoch': 0.76}
{'loss': 1.3367, 'grad_norm': 2.3579354286193848, 'learning_rate': 1.540484729920661e-05, 'num_tokens': 65613033.0, 'mean_token_accuracy': 0.6648391854017973, 'epoch': 0.76}
{'loss': 1.2855, 'grad_norm': 2.1494357585906982, 'learning_rate': 1.538311053146397e-05, 'num_tokens': 65874124.0, 'mean_token_accuracy': 0.6657093379646539, 'epoch': 0.76}
{'loss': 1.3461, 'grad_norm': 1.9202375411987305, 'learning_rate': 1.5361373763721336e-05, 'num_tokens': 66132072.0, 'mean_token_accuracy': 0.6636924739927054, 'epoch': 0.77}
{'loss': 1.2506, 'grad_norm': 1.843212604522705, 'learning_rate': 1.53396369959787e-05, 'num_tokens': 66395229.0, 'mean_token_accuracy': 0.6706933040171862, 'epoch': 0.77}
{'loss': 1.1372, 'grad_norm': 2.2503764629364014, 'learning_rate': 1.531790022823606e-05, 'num_tokens': 66687726.0, 'mean_token_accuracy': 0.6881328396499157, 'epoch': 0.77}
{'loss': 1.1608, 'grad_norm': 1.932560920715332, 'learning_rate': 1.5296163460493426e-05, 'num_tokens': 66973282.0, 'mean_token_accuracy': 0.692274770885706, 'epoch': 0.77}
{'loss': 1.3466, 'grad_norm': 1.9143162965774536, 'learning_rate': 1.527442669275079e-05, 'num_tokens': 67218287.0, 'mean_token_accuracy': 0.6597620505839586, 'epoch': 0.78}
{'loss': 1.2524, 'grad_norm': 2.3649675846099854, 'learning_rate': 1.5252689925008153e-05, 'num_tokens': 67482229.0, 'mean_token_accuracy': 0.668992630392313, 'epoch': 0.78}
{'loss': 1.1653, 'grad_norm': 2.0147032737731934, 'learning_rate': 1.5230953157265516e-05, 'num_tokens': 67760404.0, 'mean_token_accuracy': 0.6801127579063178, 'epoch': 0.78}
{'loss': 1.2859, 'grad_norm': 1.7792398929595947, 'learning_rate': 1.5209216389522879e-05, 'num_tokens': 68025726.0, 'mean_token_accuracy': 0.6716725867241621, 'epoch': 0.79}
{'loss': 1.1349, 'grad_norm': 2.2429158687591553, 'learning_rate': 1.5187479621780243e-05, 'num_tokens': 68298210.0, 'mean_token_accuracy': 0.6986171964555978, 'epoch': 0.79}
{'loss': 1.2456, 'grad_norm': 2.4812991619110107, 'learning_rate': 1.5165742854037606e-05, 'num_tokens': 68562723.0, 'mean_token_accuracy': 0.6794189676642418, 'epoch': 0.79}
{'loss': 1.2285, 'grad_norm': 2.2797303199768066, 'learning_rate': 1.5144006086294969e-05, 'num_tokens': 68841479.0, 'mean_token_accuracy': 0.681239590421319, 'epoch': 0.8}
{'loss': 1.1915, 'grad_norm': 1.6394504308700562, 'learning_rate': 1.5122269318552331e-05, 'num_tokens': 69093439.0, 'mean_token_accuracy': 0.6865295507013798, 'epoch': 0.8}
{'loss': 1.2313, 'grad_norm': 2.2434723377227783, 'learning_rate': 1.5100532550809696e-05, 'num_tokens': 69344795.0, 'mean_token_accuracy': 0.6745404817163945, 'epoch': 0.8}
{'loss': 1.2455, 'grad_norm': 2.365471839904785, 'learning_rate': 1.5078795783067059e-05, 'num_tokens': 69608743.0, 'mean_token_accuracy': 0.6830517444759607, 'epoch': 0.81}
{'loss': 1.1212, 'grad_norm': 2.180628538131714, 'learning_rate': 1.5057059015324422e-05, 'num_tokens': 69879091.0, 'mean_token_accuracy': 0.6972650296986103, 'epoch': 0.81}
{'loss': 1.1767, 'grad_norm': 1.9902338981628418, 'learning_rate': 1.5035322247581784e-05, 'num_tokens': 70151170.0, 'mean_token_accuracy': 0.6853844039142132, 'epoch': 0.81}
{'loss': 1.3846, 'grad_norm': 2.301682472229004, 'learning_rate': 1.501358547983915e-05, 'num_tokens': 70412859.0, 'mean_token_accuracy': 0.6534591663628817, 'epoch': 0.82}
{'loss': 1.2249, 'grad_norm': 2.348604202270508, 'learning_rate': 1.4991848712096513e-05, 'num_tokens': 70672986.0, 'mean_token_accuracy': 0.6776632077991962, 'epoch': 0.82}
{'loss': 1.3096, 'grad_norm': 1.9114631414413452, 'learning_rate': 1.4970111944353876e-05, 'num_tokens': 70939371.0, 'mean_token_accuracy': 0.6650681857019662, 'epoch': 0.82}
{'loss': 1.2155, 'grad_norm': 2.331986427307129, 'learning_rate': 1.4948375176611239e-05, 'num_tokens': 71190365.0, 'mean_token_accuracy': 0.6907981686294079, 'epoch': 0.83}
{'loss': 1.2387, 'grad_norm': 2.1347663402557373, 'learning_rate': 1.4926638408868603e-05, 'num_tokens': 71448027.0, 'mean_token_accuracy': 0.6711679611355066, 'epoch': 0.83}
{'loss': 1.1485, 'grad_norm': 1.6432474851608276, 'learning_rate': 1.4904901641125966e-05, 'num_tokens': 71737612.0, 'mean_token_accuracy': 0.6912475071847439, 'epoch': 0.83}
{'loss': 1.195, 'grad_norm': 1.8080410957336426, 'learning_rate': 1.4883164873383329e-05, 'num_tokens': 72008366.0, 'mean_token_accuracy': 0.6801696106791496, 'epoch': 0.83}
{'loss': 1.2486, 'grad_norm': 2.384169101715088, 'learning_rate': 1.4861428105640692e-05, 'num_tokens': 72269345.0, 'mean_token_accuracy': 0.6719809785485268, 'epoch': 0.84}
{'loss': 1.1475, 'grad_norm': 1.7277358770370483, 'learning_rate': 1.4839691337898056e-05, 'num_tokens': 72566003.0, 'mean_token_accuracy': 0.6956684622913599, 'epoch': 0.84}
{'loss': 1.3172, 'grad_norm': 2.1289641857147217, 'learning_rate': 1.4817954570155419e-05, 'num_tokens': 72816373.0, 'mean_token_accuracy': 0.6671750985085965, 'epoch': 0.84}
{'loss': 1.2209, 'grad_norm': 1.8610813617706299, 'learning_rate': 1.4796217802412782e-05, 'num_tokens': 73084924.0, 'mean_token_accuracy': 0.6892646130174398, 'epoch': 0.85}
{'loss': 1.3213, 'grad_norm': 2.3303585052490234, 'learning_rate': 1.4774481034670145e-05, 'num_tokens': 73360093.0, 'mean_token_accuracy': 0.66582594178617, 'epoch': 0.85}
{'loss': 1.2348, 'grad_norm': 1.9673237800598145, 'learning_rate': 1.4752744266927511e-05, 'num_tokens': 73628950.0, 'mean_token_accuracy': 0.6733067389577627, 'epoch': 0.85}
{'loss': 1.1809, 'grad_norm': 1.9410327672958374, 'learning_rate': 1.4731007499184872e-05, 'num_tokens': 73878490.0, 'mean_token_accuracy': 0.6895026624202728, 'epoch': 0.86}
{'loss': 1.1248, 'grad_norm': 2.0482993125915527, 'learning_rate': 1.4709270731442235e-05, 'num_tokens': 74176516.0, 'mean_token_accuracy': 0.704568262398243, 'epoch': 0.86}
{'loss': 1.228, 'grad_norm': 2.165471315383911, 'learning_rate': 1.4687533963699598e-05, 'num_tokens': 74452666.0, 'mean_token_accuracy': 0.6688236206769943, 'epoch': 0.86}
{'loss': 1.2244, 'grad_norm': 2.0311789512634277, 'learning_rate': 1.4665797195956964e-05, 'num_tokens': 74686773.0, 'mean_token_accuracy': 0.6714515820145607, 'epoch': 0.87}
{'loss': 1.3272, 'grad_norm': 2.2404286861419678, 'learning_rate': 1.4644060428214327e-05, 'num_tokens': 74961715.0, 'mean_token_accuracy': 0.671675194054842, 'epoch': 0.87}
{'loss': 1.2372, 'grad_norm': 2.203770637512207, 'learning_rate': 1.462232366047169e-05, 'num_tokens': 75260375.0, 'mean_token_accuracy': 0.6711637873202563, 'epoch': 0.87}
{'loss': 1.1828, 'grad_norm': 2.1698007583618164, 'learning_rate': 1.4600586892729052e-05, 'num_tokens': 75533469.0, 'mean_token_accuracy': 0.6829183544963598, 'epoch': 0.88}
{'loss': 1.1343, 'grad_norm': 2.024815559387207, 'learning_rate': 1.4578850124986417e-05, 'num_tokens': 75816497.0, 'mean_token_accuracy': 0.6934756241738796, 'epoch': 0.88}
{'loss': 1.2141, 'grad_norm': 2.925652265548706, 'learning_rate': 1.455711335724378e-05, 'num_tokens': 76092246.0, 'mean_token_accuracy': 0.6943546429276466, 'epoch': 0.88}
{'loss': 1.2497, 'grad_norm': 2.14975643157959, 'learning_rate': 1.4535376589501142e-05, 'num_tokens': 76373488.0, 'mean_token_accuracy': 0.6766163788735866, 'epoch': 0.89}
{'loss': 1.2256, 'grad_norm': 2.032971143722534, 'learning_rate': 1.4513639821758505e-05, 'num_tokens': 76659536.0, 'mean_token_accuracy': 0.6747953243553638, 'epoch': 0.89}
{'loss': 1.1995, 'grad_norm': 2.1722733974456787, 'learning_rate': 1.449190305401587e-05, 'num_tokens': 76946133.0, 'mean_token_accuracy': 0.6848880778998137, 'epoch': 0.89}
{'loss': 1.1627, 'grad_norm': 2.2196483612060547, 'learning_rate': 1.4470166286273232e-05, 'num_tokens': 77188378.0, 'mean_token_accuracy': 0.6938810378313065, 'epoch': 0.9}
{'loss': 1.2647, 'grad_norm': 2.6543831825256348, 'learning_rate': 1.4448429518530595e-05, 'num_tokens': 77430946.0, 'mean_token_accuracy': 0.6702377904206515, 'epoch': 0.9}
{'loss': 1.2548, 'grad_norm': 2.237375497817993, 'learning_rate': 1.4426692750787958e-05, 'num_tokens': 77731311.0, 'mean_token_accuracy': 0.6751227781176568, 'epoch': 0.9}
{'loss': 1.2737, 'grad_norm': 2.5168824195861816, 'learning_rate': 1.4404955983045324e-05, 'num_tokens': 77972678.0, 'mean_token_accuracy': 0.6753926981240511, 'epoch': 0.9}
{'loss': 1.2195, 'grad_norm': 1.9827494621276855, 'learning_rate': 1.4383219215302687e-05, 'num_tokens': 78223308.0, 'mean_token_accuracy': 0.6787696484476328, 'epoch': 0.91}
{'loss': 1.1144, 'grad_norm': 2.2743630409240723, 'learning_rate': 1.436148244756005e-05, 'num_tokens': 78506076.0, 'mean_token_accuracy': 0.6982515893876553, 'epoch': 0.91}
{'loss': 1.2542, 'grad_norm': 2.5435235500335693, 'learning_rate': 1.4339745679817413e-05, 'num_tokens': 78752441.0, 'mean_token_accuracy': 0.6762096479535102, 'epoch': 0.91}
{'loss': 1.1791, 'grad_norm': 3.1412932872772217, 'learning_rate': 1.4318008912074777e-05, 'num_tokens': 79022024.0, 'mean_token_accuracy': 0.6804091051220894, 'epoch': 0.92}
{'loss': 1.1529, 'grad_norm': 2.5519707202911377, 'learning_rate': 1.429627214433214e-05, 'num_tokens': 79283559.0, 'mean_token_accuracy': 0.6936798714101314, 'epoch': 0.92}
{'loss': 1.255, 'grad_norm': 2.3316783905029297, 'learning_rate': 1.4274535376589503e-05, 'num_tokens': 79547304.0, 'mean_token_accuracy': 0.6841956458985805, 'epoch': 0.92}
{'loss': 1.2274, 'grad_norm': 2.1244688034057617, 'learning_rate': 1.4252798608846865e-05, 'num_tokens': 79811155.0, 'mean_token_accuracy': 0.6907473962754012, 'epoch': 0.93}
{'loss': 1.2058, 'grad_norm': 1.612778663635254, 'learning_rate': 1.423106184110423e-05, 'num_tokens': 80068938.0, 'mean_token_accuracy': 0.6808992728590966, 'epoch': 0.93}
{'loss': 1.1643, 'grad_norm': 2.262096405029297, 'learning_rate': 1.4209325073361593e-05, 'num_tokens': 80336656.0, 'mean_token_accuracy': 0.6868259720504284, 'epoch': 0.93}
{'loss': 1.2338, 'grad_norm': 2.055604934692383, 'learning_rate': 1.4187588305618956e-05, 'num_tokens': 80610978.0, 'mean_token_accuracy': 0.6859350357204675, 'epoch': 0.94}
{'loss': 1.1379, 'grad_norm': 1.8995636701583862, 'learning_rate': 1.4165851537876318e-05, 'num_tokens': 80866986.0, 'mean_token_accuracy': 0.6922822121530772, 'epoch': 0.94}
{'loss': 1.1276, 'grad_norm': 1.837149977684021, 'learning_rate': 1.4144114770133681e-05, 'num_tokens': 81146056.0, 'mean_token_accuracy': 0.6977439671754837, 'epoch': 0.94}
{'loss': 1.1243, 'grad_norm': 2.0203185081481934, 'learning_rate': 1.4122378002391046e-05, 'num_tokens': 81432314.0, 'mean_token_accuracy': 0.6881546579301357, 'epoch': 0.95}
{'loss': 1.1659, 'grad_norm': 1.8941047191619873, 'learning_rate': 1.4100641234648408e-05, 'num_tokens': 81723532.0, 'mean_token_accuracy': 0.6762900002300739, 'epoch': 0.95}
{'loss': 1.1754, 'grad_norm': 1.7929720878601074, 'learning_rate': 1.4078904466905771e-05, 'num_tokens': 82006448.0, 'mean_token_accuracy': 0.6885868918150664, 'epoch': 0.95}
{'loss': 1.2408, 'grad_norm': 2.1045241355895996, 'learning_rate': 1.4057167699163134e-05, 'num_tokens': 82296652.0, 'mean_token_accuracy': 0.6816786892712117, 'epoch': 0.96}
{'loss': 1.1541, 'grad_norm': 2.4470293521881104, 'learning_rate': 1.40354309314205e-05, 'num_tokens': 82557352.0, 'mean_token_accuracy': 0.6883469153195619, 'epoch': 0.96}
{'loss': 1.2487, 'grad_norm': 2.4149880409240723, 'learning_rate': 1.4013694163677863e-05, 'num_tokens': 82821380.0, 'mean_token_accuracy': 0.6730092730373144, 'epoch': 0.96}
{'loss': 1.2332, 'grad_norm': 1.8134520053863525, 'learning_rate': 1.3991957395935226e-05, 'num_tokens': 83091613.0, 'mean_token_accuracy': 0.6814366385340691, 'epoch': 0.96}
{'loss': 1.3322, 'grad_norm': 3.0549747943878174, 'learning_rate': 1.3970220628192589e-05, 'num_tokens': 83315373.0, 'mean_token_accuracy': 0.6775202736258507, 'epoch': 0.97}
{'loss': 1.1878, 'grad_norm': 2.103092670440674, 'learning_rate': 1.3948483860449953e-05, 'num_tokens': 83589706.0, 'mean_token_accuracy': 0.6883962783962488, 'epoch': 0.97}
{'loss': 1.1249, 'grad_norm': 1.8192064762115479, 'learning_rate': 1.3926747092707316e-05, 'num_tokens': 83866513.0, 'mean_token_accuracy': 0.6861177559942007, 'epoch': 0.97}
{'loss': 1.2093, 'grad_norm': 2.119722843170166, 'learning_rate': 1.3905010324964679e-05, 'num_tokens': 84131334.0, 'mean_token_accuracy': 0.6858674917370081, 'epoch': 0.98}
{'loss': 1.1869, 'grad_norm': 1.7170212268829346, 'learning_rate': 1.3883273557222041e-05, 'num_tokens': 84361960.0, 'mean_token_accuracy': 0.6835097167640924, 'epoch': 0.98}
{'loss': 1.2669, 'grad_norm': 2.378499984741211, 'learning_rate': 1.3861536789479406e-05, 'num_tokens': 84608808.0, 'mean_token_accuracy': 0.6794383015483618, 'epoch': 0.98}
{'loss': 1.2808, 'grad_norm': 2.1104230880737305, 'learning_rate': 1.3839800021736769e-05, 'num_tokens': 84845496.0, 'mean_token_accuracy': 0.6729819197207689, 'epoch': 0.99}
{'loss': 1.1817, 'grad_norm': 2.190000534057617, 'learning_rate': 1.3818063253994132e-05, 'num_tokens': 85110241.0, 'mean_token_accuracy': 0.6959637969732284, 'epoch': 0.99}
{'loss': 1.2519, 'grad_norm': 2.8648152351379395, 'learning_rate': 1.3796326486251494e-05, 'num_tokens': 85365833.0, 'mean_token_accuracy': 0.6801065746694803, 'epoch': 0.99}
{'loss': 1.2184, 'grad_norm': 2.0354743003845215, 'learning_rate': 1.3774589718508859e-05, 'num_tokens': 85626055.0, 'mean_token_accuracy': 0.6724119033664465, 'epoch': 1.0}
{'loss': 1.0222, 'grad_norm': 2.1138322353363037, 'learning_rate': 1.3752852950766222e-05, 'num_tokens': 85907995.0, 'mean_token_accuracy': 0.7158650550991297, 'epoch': 1.0}
{'loss': 1.1156, 'grad_norm': 2.1587462425231934, 'learning_rate': 1.3731116183023584e-05, 'num_tokens': 86148597.0, 'mean_token_accuracy': 0.7068613823503256, 'epoch': 1.0}
{'loss': 1.1285, 'grad_norm': 3.5512871742248535, 'learning_rate': 1.3709379415280947e-05, 'num_tokens': 86400597.0, 'mean_token_accuracy': 0.7027493670582772, 'epoch': 1.01}
{'loss': 1.0545, 'grad_norm': 1.886275291442871, 'learning_rate': 1.3687642647538313e-05, 'num_tokens': 86657701.0, 'mean_token_accuracy': 0.7115483060479164, 'epoch': 1.01}
{'loss': 1.1539, 'grad_norm': 2.1867265701293945, 'learning_rate': 1.3665905879795676e-05, 'num_tokens': 86928442.0, 'mean_token_accuracy': 0.6979433380067348, 'epoch': 1.01}
{'loss': 1.0447, 'grad_norm': 2.2014386653900146, 'learning_rate': 1.3644169112053039e-05, 'num_tokens': 87189099.0, 'mean_token_accuracy': 0.7086018390953541, 'epoch': 1.02}
{'loss': 1.0608, 'grad_norm': 2.5345263481140137, 'learning_rate': 1.3622432344310402e-05, 'num_tokens': 87489034.0, 'mean_token_accuracy': 0.7116346061229706, 'epoch': 1.02}
{'loss': 1.0471, 'grad_norm': 2.045489549636841, 'learning_rate': 1.3600695576567766e-05, 'num_tokens': 87768180.0, 'mean_token_accuracy': 0.7148974116891622, 'epoch': 1.02}
{'loss': 1.0806, 'grad_norm': 1.5151495933532715, 'learning_rate': 1.3578958808825129e-05, 'num_tokens': 88023459.0, 'mean_token_accuracy': 0.7113714307546616, 'epoch': 1.02}
{'loss': 1.2132, 'grad_norm': 2.3535425662994385, 'learning_rate': 1.3557222041082492e-05, 'num_tokens': 88272576.0, 'mean_token_accuracy': 0.6881798803806305, 'epoch': 1.03}
{'loss': 0.991, 'grad_norm': 2.189155340194702, 'learning_rate': 1.3535485273339855e-05, 'num_tokens': 88534981.0, 'mean_token_accuracy': 0.719695758074522, 'epoch': 1.03}
{'loss': 1.1364, 'grad_norm': 1.8368077278137207, 'learning_rate': 1.351374850559722e-05, 'num_tokens': 88800387.0, 'mean_token_accuracy': 0.7038117039948701, 'epoch': 1.03}
{'loss': 1.1209, 'grad_norm': 2.3963441848754883, 'learning_rate': 1.3492011737854582e-05, 'num_tokens': 89075790.0, 'mean_token_accuracy': 0.7047141842544079, 'epoch': 1.04}
{'loss': 1.0757, 'grad_norm': 1.8828251361846924, 'learning_rate': 1.3470274970111945e-05, 'num_tokens': 89343691.0, 'mean_token_accuracy': 0.7165408186614514, 'epoch': 1.04}
{'loss': 1.1293, 'grad_norm': 2.358383893966675, 'learning_rate': 1.3448538202369308e-05, 'num_tokens': 89621246.0, 'mean_token_accuracy': 0.6939387030899524, 'epoch': 1.04}
{'loss': 1.1394, 'grad_norm': 2.6180996894836426, 'learning_rate': 1.3426801434626672e-05, 'num_tokens': 89882193.0, 'mean_token_accuracy': 0.7047608464956283, 'epoch': 1.05}
{'loss': 1.1524, 'grad_norm': 2.320615768432617, 'learning_rate': 1.3405064666884035e-05, 'num_tokens': 90151405.0, 'mean_token_accuracy': 0.7071873139590025, 'epoch': 1.05}
{'loss': 1.0653, 'grad_norm': 1.823706030845642, 'learning_rate': 1.3383327899141398e-05, 'num_tokens': 90453942.0, 'mean_token_accuracy': 0.7143239613622427, 'epoch': 1.05}
{'loss': 1.1679, 'grad_norm': 1.7596603631973267, 'learning_rate': 1.336159113139876e-05, 'num_tokens': 90733352.0, 'mean_token_accuracy': 0.701399851217866, 'epoch': 1.06}
{'loss': 1.0362, 'grad_norm': 1.740060806274414, 'learning_rate': 1.3339854363656127e-05, 'num_tokens': 91040191.0, 'mean_token_accuracy': 0.7201442658901215, 'epoch': 1.06}
{'loss': 1.1475, 'grad_norm': 2.2803573608398438, 'learning_rate': 1.331811759591349e-05, 'num_tokens': 91265075.0, 'mean_token_accuracy': 0.7013714913278818, 'epoch': 1.06}
{'loss': 1.0646, 'grad_norm': 1.844042181968689, 'learning_rate': 1.3296380828170852e-05, 'num_tokens': 91565481.0, 'mean_token_accuracy': 0.7160735432058573, 'epoch': 1.07}
{'loss': 1.023, 'grad_norm': 2.0410726070404053, 'learning_rate': 1.3274644060428215e-05, 'num_tokens': 91828224.0, 'mean_token_accuracy': 0.7210528399795294, 'epoch': 1.07}
{'loss': 1.0661, 'grad_norm': 1.7742959260940552, 'learning_rate': 1.325290729268558e-05, 'num_tokens': 92118882.0, 'mean_token_accuracy': 0.7184304490685463, 'epoch': 1.07}
{'loss': 1.1059, 'grad_norm': 2.2311553955078125, 'learning_rate': 1.3231170524942942e-05, 'num_tokens': 92409756.0, 'mean_token_accuracy': 0.7086456499993801, 'epoch': 1.08}
{'loss': 1.1334, 'grad_norm': 2.244614839553833, 'learning_rate': 1.3209433757200305e-05, 'num_tokens': 92702733.0, 'mean_token_accuracy': 0.6965517841279507, 'epoch': 1.08}
{'loss': 1.0532, 'grad_norm': 2.0517046451568604, 'learning_rate': 1.3187696989457668e-05, 'num_tokens': 92976833.0, 'mean_token_accuracy': 0.7189718496054411, 'epoch': 1.08}
{'loss': 1.0553, 'grad_norm': 2.046046257019043, 'learning_rate': 1.3165960221715032e-05, 'num_tokens': 93254473.0, 'mean_token_accuracy': 0.7154476948082447, 'epoch': 1.08}
{'loss': 1.1214, 'grad_norm': 2.6263840198516846, 'learning_rate': 1.3144223453972395e-05, 'num_tokens': 93548115.0, 'mean_token_accuracy': 0.7091674357652664, 'epoch': 1.09}
{'loss': 1.154, 'grad_norm': 1.6414498090744019, 'learning_rate': 1.3122486686229758e-05, 'num_tokens': 93830745.0, 'mean_token_accuracy': 0.7050805624574423, 'epoch': 1.09}
{'loss': 1.1016, 'grad_norm': 2.50936222076416, 'learning_rate': 1.310074991848712e-05, 'num_tokens': 94120063.0, 'mean_token_accuracy': 0.709205936640501, 'epoch': 1.09}
{'loss': 1.1967, 'grad_norm': 2.0771143436431885, 'learning_rate': 1.3079013150744487e-05, 'num_tokens': 94368640.0, 'mean_token_accuracy': 0.701260382682085, 'epoch': 1.1}
{'loss': 1.0259, 'grad_norm': 1.7553322315216064, 'learning_rate': 1.305727638300185e-05, 'num_tokens': 94669112.0, 'mean_token_accuracy': 0.7179906539618969, 'epoch': 1.1}
{'loss': 0.9938, 'grad_norm': 2.1802875995635986, 'learning_rate': 1.3035539615259211e-05, 'num_tokens': 94931183.0, 'mean_token_accuracy': 0.713668928667903, 'epoch': 1.1}
{'loss': 1.0135, 'grad_norm': 2.5315067768096924, 'learning_rate': 1.3013802847516574e-05, 'num_tokens': 95209494.0, 'mean_token_accuracy': 0.7217683415859938, 'epoch': 1.11}
{'loss': 1.1702, 'grad_norm': 2.801518678665161, 'learning_rate': 1.299206607977394e-05, 'num_tokens': 95487705.0, 'mean_token_accuracy': 0.7041932791471481, 'epoch': 1.11}
{'loss': 1.1041, 'grad_norm': 1.9219980239868164, 'learning_rate': 1.2970329312031303e-05, 'num_tokens': 95759908.0, 'mean_token_accuracy': 0.7154421634972096, 'epoch': 1.11}
{'loss': 1.1488, 'grad_norm': 2.126034736633301, 'learning_rate': 1.2948592544288665e-05, 'num_tokens': 96017629.0, 'mean_token_accuracy': 0.7058844331651926, 'epoch': 1.12}
{'loss': 1.05, 'grad_norm': 1.775198221206665, 'learning_rate': 1.2926855776546028e-05, 'num_tokens': 96300104.0, 'mean_token_accuracy': 0.7164471402764321, 'epoch': 1.12}
{'loss': 1.1019, 'grad_norm': 2.365598440170288, 'learning_rate': 1.2905119008803393e-05, 'num_tokens': 96602013.0, 'mean_token_accuracy': 0.7079126611351967, 'epoch': 1.12}
{'loss': 1.1213, 'grad_norm': 2.1032769680023193, 'learning_rate': 1.2883382241060756e-05, 'num_tokens': 96878300.0, 'mean_token_accuracy': 0.7044775426387787, 'epoch': 1.13}
{'loss': 1.0189, 'grad_norm': 1.881934404373169, 'learning_rate': 1.2861645473318118e-05, 'num_tokens': 97168289.0, 'mean_token_accuracy': 0.7141317091882229, 'epoch': 1.13}
{'loss': 1.1394, 'grad_norm': 2.2945501804351807, 'learning_rate': 1.2839908705575481e-05, 'num_tokens': 97444059.0, 'mean_token_accuracy': 0.7004623785614967, 'epoch': 1.13}
{'loss': 1.1057, 'grad_norm': 2.0799922943115234, 'learning_rate': 1.2818171937832846e-05, 'num_tokens': 97705039.0, 'mean_token_accuracy': 0.7007576808333397, 'epoch': 1.14}
{'loss': 1.0743, 'grad_norm': 1.9835693836212158, 'learning_rate': 1.2796435170090208e-05, 'num_tokens': 97965641.0, 'mean_token_accuracy': 0.7242473103106022, 'epoch': 1.14}
{'loss': 1.093, 'grad_norm': 1.8935811519622803, 'learning_rate': 1.2774698402347571e-05, 'num_tokens': 98232899.0, 'mean_token_accuracy': 0.7176008887588978, 'epoch': 1.14}
{'loss': 1.0461, 'grad_norm': 1.8473001718521118, 'learning_rate': 1.2752961634604934e-05, 'num_tokens': 98481050.0, 'mean_token_accuracy': 0.7212904617190361, 'epoch': 1.14}
{'loss': 1.1028, 'grad_norm': 2.6218998432159424, 'learning_rate': 1.27312248668623e-05, 'num_tokens': 98760970.0, 'mean_token_accuracy': 0.7094983518123626, 'epoch': 1.15}
{'loss': 0.9809, 'grad_norm': 1.9775196313858032, 'learning_rate': 1.2709488099119663e-05, 'num_tokens': 99030985.0, 'mean_token_accuracy': 0.7171384558081627, 'epoch': 1.15}
{'loss': 1.0374, 'grad_norm': 1.9086675643920898, 'learning_rate': 1.2687751331377026e-05, 'num_tokens': 99304088.0, 'mean_token_accuracy': 0.7263105355203152, 'epoch': 1.15}
{'loss': 1.0979, 'grad_norm': 2.2491700649261475, 'learning_rate': 1.2666014563634389e-05, 'num_tokens': 99603217.0, 'mean_token_accuracy': 0.7101492464542389, 'epoch': 1.16}
{'loss': 0.9944, 'grad_norm': 2.5023252964019775, 'learning_rate': 1.2644277795891753e-05, 'num_tokens': 99875921.0, 'mean_token_accuracy': 0.7225980773568154, 'epoch': 1.16}
{'loss': 1.073, 'grad_norm': 2.6178600788116455, 'learning_rate': 1.2622541028149116e-05, 'num_tokens': 100137059.0, 'mean_token_accuracy': 0.7136041179299355, 'epoch': 1.16}
{'loss': 0.9872, 'grad_norm': 1.998515009880066, 'learning_rate': 1.2600804260406479e-05, 'num_tokens': 100428920.0, 'mean_token_accuracy': 0.7275649920105934, 'epoch': 1.17}
{'loss': 1.1232, 'grad_norm': 2.451542615890503, 'learning_rate': 1.2579067492663842e-05, 'num_tokens': 100681804.0, 'mean_token_accuracy': 0.7152991492301226, 'epoch': 1.17}
{'loss': 1.0176, 'grad_norm': 2.1640233993530273, 'learning_rate': 1.2557330724921206e-05, 'num_tokens': 100947385.0, 'mean_token_accuracy': 0.7226976852864027, 'epoch': 1.17}
{'loss': 1.068, 'grad_norm': 2.3950228691101074, 'learning_rate': 1.2535593957178569e-05, 'num_tokens': 101238183.0, 'mean_token_accuracy': 0.728980402648449, 'epoch': 1.18}
{'loss': 1.0243, 'grad_norm': 2.2021570205688477, 'learning_rate': 1.2513857189435932e-05, 'num_tokens': 101503026.0, 'mean_token_accuracy': 0.7270876966416836, 'epoch': 1.18}
{'loss': 1.1216, 'grad_norm': 1.691667079925537, 'learning_rate': 1.2492120421693294e-05, 'num_tokens': 101800025.0, 'mean_token_accuracy': 0.7093343190848828, 'epoch': 1.18}
{'loss': 0.9894, 'grad_norm': 2.253145217895508, 'learning_rate': 1.2470383653950659e-05, 'num_tokens': 102067795.0, 'mean_token_accuracy': 0.7203851655125618, 'epoch': 1.19}
{'loss': 1.0928, 'grad_norm': 2.6463780403137207, 'learning_rate': 1.2448646886208022e-05, 'num_tokens': 102326679.0, 'mean_token_accuracy': 0.7201933726668358, 'epoch': 1.19}
{'loss': 1.1164, 'grad_norm': 1.9551880359649658, 'learning_rate': 1.2426910118465385e-05, 'num_tokens': 102600964.0, 'mean_token_accuracy': 0.7007223889231682, 'epoch': 1.19}
{'loss': 1.011, 'grad_norm': 2.243184804916382, 'learning_rate': 1.2405173350722747e-05, 'num_tokens': 102863408.0, 'mean_token_accuracy': 0.7268405176699162, 'epoch': 1.2}
{'loss': 1.0148, 'grad_norm': 1.8721767663955688, 'learning_rate': 1.2383436582980113e-05, 'num_tokens': 103145801.0, 'mean_token_accuracy': 0.7234794601798058, 'epoch': 1.2}
{'loss': 1.0262, 'grad_norm': 1.95515775680542, 'learning_rate': 1.2361699815237476e-05, 'num_tokens': 103440793.0, 'mean_token_accuracy': 0.7187812071293592, 'epoch': 1.2}
{'loss': 1.0083, 'grad_norm': 2.140918731689453, 'learning_rate': 1.2339963047494839e-05, 'num_tokens': 103749558.0, 'mean_token_accuracy': 0.7151672899723053, 'epoch': 1.2}
{'loss': 1.1232, 'grad_norm': 1.7304741144180298, 'learning_rate': 1.2318226279752202e-05, 'num_tokens': 104035977.0, 'mean_token_accuracy': 0.7099769208580256, 'epoch': 1.21}
{'loss': 1.0994, 'grad_norm': 2.209459066390991, 'learning_rate': 1.2296489512009566e-05, 'num_tokens': 104297889.0, 'mean_token_accuracy': 0.7176711719483138, 'epoch': 1.21}
{'loss': 1.1139, 'grad_norm': 2.033238172531128, 'learning_rate': 1.227475274426693e-05, 'num_tokens': 104529260.0, 'mean_token_accuracy': 0.715529678016901, 'epoch': 1.21}
{'loss': 1.0743, 'grad_norm': 2.1151320934295654, 'learning_rate': 1.2253015976524292e-05, 'num_tokens': 104795210.0, 'mean_token_accuracy': 0.7083367310464382, 'epoch': 1.22}
{'loss': 1.0592, 'grad_norm': 2.0779080390930176, 'learning_rate': 1.2231279208781655e-05, 'num_tokens': 105042701.0, 'mean_token_accuracy': 0.72121761739254, 'epoch': 1.22}
{'loss': 1.066, 'grad_norm': 2.0877017974853516, 'learning_rate': 1.220954244103902e-05, 'num_tokens': 105332197.0, 'mean_token_accuracy': 0.7101529341191053, 'epoch': 1.22}
{'loss': 1.1114, 'grad_norm': 1.815132975578308, 'learning_rate': 1.2187805673296382e-05, 'num_tokens': 105604064.0, 'mean_token_accuracy': 0.7161176163703203, 'epoch': 1.23}
{'loss': 1.1702, 'grad_norm': 2.2977781295776367, 'learning_rate': 1.2166068905553745e-05, 'num_tokens': 105858042.0, 'mean_token_accuracy': 0.6931552700698376, 'epoch': 1.23}
{'loss': 1.0416, 'grad_norm': 2.4416251182556152, 'learning_rate': 1.2144332137811108e-05, 'num_tokens': 106141689.0, 'mean_token_accuracy': 0.710934279859066, 'epoch': 1.23}
{'loss': 1.0463, 'grad_norm': 2.4949169158935547, 'learning_rate': 1.2122595370068472e-05, 'num_tokens': 106388961.0, 'mean_token_accuracy': 0.7090378865599632, 'epoch': 1.24}
{'loss': 1.1798, 'grad_norm': 2.4254400730133057, 'learning_rate': 1.2100858602325835e-05, 'num_tokens': 106649849.0, 'mean_token_accuracy': 0.6961463905870915, 'epoch': 1.24}
{'loss': 1.006, 'grad_norm': 1.988036036491394, 'learning_rate': 1.2079121834583198e-05, 'num_tokens': 106931378.0, 'mean_token_accuracy': 0.7319642379879951, 'epoch': 1.24}
{'loss': 1.0331, 'grad_norm': 3.7962520122528076, 'learning_rate': 1.205738506684056e-05, 'num_tokens': 107216364.0, 'mean_token_accuracy': 0.7155011221766472, 'epoch': 1.25}
{'loss': 1.0055, 'grad_norm': 2.3330156803131104, 'learning_rate': 1.2035648299097927e-05, 'num_tokens': 107485452.0, 'mean_token_accuracy': 0.7271783016622066, 'epoch': 1.25}
{'loss': 1.0395, 'grad_norm': 1.8050057888031006, 'learning_rate': 1.201391153135529e-05, 'num_tokens': 107765938.0, 'mean_token_accuracy': 0.7214592821896076, 'epoch': 1.25}
{'loss': 1.1286, 'grad_norm': 2.043757200241089, 'learning_rate': 1.1992174763612652e-05, 'num_tokens': 108042653.0, 'mean_token_accuracy': 0.7084702610969543, 'epoch': 1.26}
{'loss': 1.0653, 'grad_norm': 2.411654233932495, 'learning_rate': 1.1970437995870015e-05, 'num_tokens': 108307100.0, 'mean_token_accuracy': 0.718680951371789, 'epoch': 1.26}
{'loss': 1.0573, 'grad_norm': 2.318777561187744, 'learning_rate': 1.194870122812738e-05, 'num_tokens': 108563271.0, 'mean_token_accuracy': 0.7201392784714699, 'epoch': 1.26}
{'loss': 1.0649, 'grad_norm': 1.9410345554351807, 'learning_rate': 1.1926964460384742e-05, 'num_tokens': 108852490.0, 'mean_token_accuracy': 0.7174468632787466, 'epoch': 1.27}
{'loss': 1.0916, 'grad_norm': 2.21274471282959, 'learning_rate': 1.1905227692642105e-05, 'num_tokens': 109098627.0, 'mean_token_accuracy': 0.7055222410708666, 'epoch': 1.27}
{'loss': 1.0953, 'grad_norm': 1.882868766784668, 'learning_rate': 1.1883490924899468e-05, 'num_tokens': 109356245.0, 'mean_token_accuracy': 0.7064781807363033, 'epoch': 1.27}
{'loss': 1.0108, 'grad_norm': 2.312028646469116, 'learning_rate': 1.186175415715683e-05, 'num_tokens': 109614637.0, 'mean_token_accuracy': 0.7279354691505432, 'epoch': 1.27}
{'loss': 1.0222, 'grad_norm': 2.669991970062256, 'learning_rate': 1.1840017389414195e-05, 'num_tokens': 109904831.0, 'mean_token_accuracy': 0.7179582014679908, 'epoch': 1.28}
{'loss': 1.0569, 'grad_norm': 2.635880470275879, 'learning_rate': 1.1818280621671558e-05, 'num_tokens': 110177421.0, 'mean_token_accuracy': 0.7221451934427023, 'epoch': 1.28}
{'loss': 0.984, 'grad_norm': 2.1567330360412598, 'learning_rate': 1.1796543853928921e-05, 'num_tokens': 110455510.0, 'mean_token_accuracy': 0.7284936636686326, 'epoch': 1.28}
{'loss': 1.0258, 'grad_norm': 1.7726411819458008, 'learning_rate': 1.1774807086186284e-05, 'num_tokens': 110730456.0, 'mean_token_accuracy': 0.719548474252224, 'epoch': 1.29}
{'loss': 1.0148, 'grad_norm': 2.0117838382720947, 'learning_rate': 1.1753070318443648e-05, 'num_tokens': 110995945.0, 'mean_token_accuracy': 0.7166925240308046, 'epoch': 1.29}
{'loss': 0.9596, 'grad_norm': 1.9455301761627197, 'learning_rate': 1.1731333550701011e-05, 'num_tokens': 111273493.0, 'mean_token_accuracy': 0.7330222651362419, 'epoch': 1.29}
{'loss': 1.1279, 'grad_norm': 2.1365113258361816, 'learning_rate': 1.1709596782958374e-05, 'num_tokens': 111564327.0, 'mean_token_accuracy': 0.7103323265910149, 'epoch': 1.3}
{'loss': 1.0566, 'grad_norm': 2.089447021484375, 'learning_rate': 1.1687860015215737e-05, 'num_tokens': 111834296.0, 'mean_token_accuracy': 0.7175999283790588, 'epoch': 1.3}
{'loss': 1.0899, 'grad_norm': 2.2615840435028076, 'learning_rate': 1.1666123247473103e-05, 'num_tokens': 112098000.0, 'mean_token_accuracy': 0.7206048928201199, 'epoch': 1.3}
{'loss': 1.1036, 'grad_norm': 3.100332260131836, 'learning_rate': 1.1644386479730466e-05, 'num_tokens': 112369429.0, 'mean_token_accuracy': 0.7155031964182854, 'epoch': 1.31}
{'loss': 1.0891, 'grad_norm': 2.624286651611328, 'learning_rate': 1.1622649711987828e-05, 'num_tokens': 112624380.0, 'mean_token_accuracy': 0.7017506331205368, 'epoch': 1.31}
{'loss': 1.0374, 'grad_norm': 2.4479422569274902, 'learning_rate': 1.1600912944245191e-05, 'num_tokens': 112879727.0, 'mean_token_accuracy': 0.7193276885896921, 'epoch': 1.31}
{'loss': 1.0277, 'grad_norm': 2.115513563156128, 'learning_rate': 1.1579176176502556e-05, 'num_tokens': 113150377.0, 'mean_token_accuracy': 0.7189841762185096, 'epoch': 1.32}
{'loss': 0.9929, 'grad_norm': 2.3789401054382324, 'learning_rate': 1.1557439408759918e-05, 'num_tokens': 113406464.0, 'mean_token_accuracy': 0.7261050380766392, 'epoch': 1.32}
{'loss': 0.9598, 'grad_norm': 2.6499767303466797, 'learning_rate': 1.1535702641017281e-05, 'num_tokens': 113691006.0, 'mean_token_accuracy': 0.7315351791679859, 'epoch': 1.32}
{'loss': 0.9996, 'grad_norm': 2.218538284301758, 'learning_rate': 1.1513965873274644e-05, 'num_tokens': 113997775.0, 'mean_token_accuracy': 0.7301405765116215, 'epoch': 1.33}
{'loss': 1.1069, 'grad_norm': 2.0923407077789307, 'learning_rate': 1.1492229105532009e-05, 'num_tokens': 114250094.0, 'mean_token_accuracy': 0.7110395468771458, 'epoch': 1.33}
{'loss': 1.0396, 'grad_norm': 1.831907868385315, 'learning_rate': 1.1470492337789371e-05, 'num_tokens': 114530524.0, 'mean_token_accuracy': 0.7164425812661648, 'epoch': 1.33}
{'loss': 1.0047, 'grad_norm': 2.286067485809326, 'learning_rate': 1.1448755570046734e-05, 'num_tokens': 114802101.0, 'mean_token_accuracy': 0.7208134524524212, 'epoch': 1.33}
{'loss': 1.0366, 'grad_norm': 2.314577102661133, 'learning_rate': 1.1427018802304097e-05, 'num_tokens': 115081279.0, 'mean_token_accuracy': 0.7200856685638428, 'epoch': 1.34}
{'loss': 1.0658, 'grad_norm': 2.0257906913757324, 'learning_rate': 1.1405282034561463e-05, 'num_tokens': 115356745.0, 'mean_token_accuracy': 0.7223831541836262, 'epoch': 1.34}
{'loss': 1.0642, 'grad_norm': 2.6524832248687744, 'learning_rate': 1.1383545266818826e-05, 'num_tokens': 115640581.0, 'mean_token_accuracy': 0.7195147156715394, 'epoch': 1.34}
{'loss': 1.0703, 'grad_norm': 2.4503567218780518, 'learning_rate': 1.1361808499076187e-05, 'num_tokens': 115882828.0, 'mean_token_accuracy': 0.7124756660312415, 'epoch': 1.35}
{'loss': 1.0104, 'grad_norm': 1.9360570907592773, 'learning_rate': 1.134007173133355e-05, 'num_tokens': 116159471.0, 'mean_token_accuracy': 0.7305543672293424, 'epoch': 1.35}
{'loss': 1.084, 'grad_norm': 2.7463924884796143, 'learning_rate': 1.1318334963590916e-05, 'num_tokens': 116413640.0, 'mean_token_accuracy': 0.7077878262847662, 'epoch': 1.35}
{'loss': 0.988, 'grad_norm': 1.8526910543441772, 'learning_rate': 1.1296598195848279e-05, 'num_tokens': 116688004.0, 'mean_token_accuracy': 0.7269584503024816, 'epoch': 1.36}
{'loss': 1.1124, 'grad_norm': 1.7740155458450317, 'learning_rate': 1.1274861428105642e-05, 'num_tokens': 116954627.0, 'mean_token_accuracy': 0.7237930152565241, 'epoch': 1.36}
{'loss': 1.0729, 'grad_norm': 2.1177897453308105, 'learning_rate': 1.1253124660363004e-05, 'num_tokens': 117198163.0, 'mean_token_accuracy': 0.728180143237114, 'epoch': 1.36}
{'loss': 0.9241, 'grad_norm': 1.8270950317382812, 'learning_rate': 1.1231387892620369e-05, 'num_tokens': 117446351.0, 'mean_token_accuracy': 0.7362482376396656, 'epoch': 1.37}
{'loss': 1.0543, 'grad_norm': 2.3315646648406982, 'learning_rate': 1.1209651124877732e-05, 'num_tokens': 117725666.0, 'mean_token_accuracy': 0.708240332454443, 'epoch': 1.37}
{'loss': 1.047, 'grad_norm': 2.0154812335968018, 'learning_rate': 1.1187914357135095e-05, 'num_tokens': 118006017.0, 'mean_token_accuracy': 0.7189053021371364, 'epoch': 1.37}
{'loss': 1.0169, 'grad_norm': 2.333773136138916, 'learning_rate': 1.1166177589392457e-05, 'num_tokens': 118267787.0, 'mean_token_accuracy': 0.7283690478652716, 'epoch': 1.38}
{'loss': 0.9237, 'grad_norm': 2.3643875122070312, 'learning_rate': 1.1144440821649822e-05, 'num_tokens': 118548829.0, 'mean_token_accuracy': 0.7428793862462044, 'epoch': 1.38}
{'loss': 1.0404, 'grad_norm': 1.7377396821975708, 'learning_rate': 1.1122704053907185e-05, 'num_tokens': 118815323.0, 'mean_token_accuracy': 0.7186367325484753, 'epoch': 1.38}
{'loss': 1.045, 'grad_norm': 2.9169440269470215, 'learning_rate': 1.1100967286164547e-05, 'num_tokens': 119061948.0, 'mean_token_accuracy': 0.7165516376495361, 'epoch': 1.39}
{'loss': 1.218, 'grad_norm': 3.0075061321258545, 'learning_rate': 1.107923051842191e-05, 'num_tokens': 119323688.0, 'mean_token_accuracy': 0.6966648947447538, 'epoch': 1.39}
{'loss': 1.0222, 'grad_norm': 2.35235857963562, 'learning_rate': 1.1057493750679276e-05, 'num_tokens': 119579347.0, 'mean_token_accuracy': 0.7123366005718708, 'epoch': 1.39}
{'loss': 1.0386, 'grad_norm': 1.6470615863800049, 'learning_rate': 1.103575698293664e-05, 'num_tokens': 119834003.0, 'mean_token_accuracy': 0.7183780550956727, 'epoch': 1.39}
{'loss': 1.0709, 'grad_norm': 2.803342580795288, 'learning_rate': 1.1014020215194002e-05, 'num_tokens': 120085843.0, 'mean_token_accuracy': 0.7120998095721006, 'epoch': 1.4}
{'loss': 1.1061, 'grad_norm': 1.9263783693313599, 'learning_rate': 1.0992283447451365e-05, 'num_tokens': 120355554.0, 'mean_token_accuracy': 0.7178440596908331, 'epoch': 1.4}
{'loss': 0.973, 'grad_norm': 1.9649407863616943, 'learning_rate': 1.097054667970873e-05, 'num_tokens': 120638883.0, 'mean_token_accuracy': 0.7286254279315472, 'epoch': 1.4}
{'loss': 0.935, 'grad_norm': 2.4028775691986084, 'learning_rate': 1.0948809911966092e-05, 'num_tokens': 120916196.0, 'mean_token_accuracy': 0.7316040709614754, 'epoch': 1.41}
{'loss': 1.0609, 'grad_norm': 1.9129562377929688, 'learning_rate': 1.0927073144223455e-05, 'num_tokens': 121203365.0, 'mean_token_accuracy': 0.7265152469277382, 'epoch': 1.41}
{'loss': 1.124, 'grad_norm': 2.691312074661255, 'learning_rate': 1.0905336376480818e-05, 'num_tokens': 121436423.0, 'mean_token_accuracy': 0.7046098593622446, 'epoch': 1.41}
{'loss': 1.0218, 'grad_norm': 2.1131205558776855, 'learning_rate': 1.0883599608738182e-05, 'num_tokens': 121749107.0, 'mean_token_accuracy': 0.7238811478018761, 'epoch': 1.42}
{'loss': 1.1325, 'grad_norm': 2.432535409927368, 'learning_rate': 1.0861862840995545e-05, 'num_tokens': 121987585.0, 'mean_token_accuracy': 0.7006999865174294, 'epoch': 1.42}
{'loss': 1.0765, 'grad_norm': 2.6522340774536133, 'learning_rate': 1.0840126073252908e-05, 'num_tokens': 122229782.0, 'mean_token_accuracy': 0.714273390173912, 'epoch': 1.42}
{'loss': 1.0363, 'grad_norm': 2.685194969177246, 'learning_rate': 1.081838930551027e-05, 'num_tokens': 122488730.0, 'mean_token_accuracy': 0.7156099624931812, 'epoch': 1.43}
{'loss': 1.1175, 'grad_norm': 2.334937572479248, 'learning_rate': 1.0796652537767635e-05, 'num_tokens': 122746636.0, 'mean_token_accuracy': 0.7044100217521191, 'epoch': 1.43}
{'loss': 1.0725, 'grad_norm': 2.8768205642700195, 'learning_rate': 1.0774915770024998e-05, 'num_tokens': 123013646.0, 'mean_token_accuracy': 0.7104601688683033, 'epoch': 1.43}
{'loss': 0.9746, 'grad_norm': 2.0165090560913086, 'learning_rate': 1.075317900228236e-05, 'num_tokens': 123322787.0, 'mean_token_accuracy': 0.7310716062784195, 'epoch': 1.44}
{'loss': 1.0714, 'grad_norm': 2.3868846893310547, 'learning_rate': 1.0731442234539723e-05, 'num_tokens': 123633777.0, 'mean_token_accuracy': 0.7229416638612747, 'epoch': 1.44}
{'loss': 0.9949, 'grad_norm': 1.793294072151184, 'learning_rate': 1.070970546679709e-05, 'num_tokens': 123886687.0, 'mean_token_accuracy': 0.7222099810838699, 'epoch': 1.44}
{'loss': 1.086, 'grad_norm': 2.409878730773926, 'learning_rate': 1.0687968699054452e-05, 'num_tokens': 124128282.0, 'mean_token_accuracy': 0.7170641377568245, 'epoch': 1.45}
{'loss': 1.0333, 'grad_norm': 2.3116040229797363, 'learning_rate': 1.0666231931311815e-05, 'num_tokens': 124380451.0, 'mean_token_accuracy': 0.7242443956434726, 'epoch': 1.45}
{'loss': 0.9992, 'grad_norm': 2.2692408561706543, 'learning_rate': 1.0644495163569178e-05, 'num_tokens': 124646176.0, 'mean_token_accuracy': 0.7341637209057807, 'epoch': 1.45}
{'loss': 1.0753, 'grad_norm': 2.0170416831970215, 'learning_rate': 1.0622758395826543e-05, 'num_tokens': 124915157.0, 'mean_token_accuracy': 0.7130553603172303, 'epoch': 1.45}
{'loss': 1.0277, 'grad_norm': 1.8450599908828735, 'learning_rate': 1.0601021628083905e-05, 'num_tokens': 125190820.0, 'mean_token_accuracy': 0.7193458084017038, 'epoch': 1.46}
{'loss': 0.963, 'grad_norm': 2.229893922805786, 'learning_rate': 1.0579284860341268e-05, 'num_tokens': 125487544.0, 'mean_token_accuracy': 0.7426215965300799, 'epoch': 1.46}
{'loss': 1.0674, 'grad_norm': 2.077333688735962, 'learning_rate': 1.0557548092598631e-05, 'num_tokens': 125784685.0, 'mean_token_accuracy': 0.7177767872810363, 'epoch': 1.46}
{'loss': 1.0022, 'grad_norm': 2.1642861366271973, 'learning_rate': 1.0535811324855995e-05, 'num_tokens': 126056611.0, 'mean_token_accuracy': 0.7307200729846954, 'epoch': 1.47}
{'loss': 1.0046, 'grad_norm': 2.535325050354004, 'learning_rate': 1.0514074557113358e-05, 'num_tokens': 126308966.0, 'mean_token_accuracy': 0.7288146264851093, 'epoch': 1.47}
{'loss': 0.9839, 'grad_norm': 1.8867288827896118, 'learning_rate': 1.0492337789370721e-05, 'num_tokens': 126590526.0, 'mean_token_accuracy': 0.7377728320658207, 'epoch': 1.47}
{'loss': 1.0503, 'grad_norm': 2.4247639179229736, 'learning_rate': 1.0470601021628084e-05, 'num_tokens': 126870900.0, 'mean_token_accuracy': 0.7166347958147525, 'epoch': 1.48}
{'loss': 1.0232, 'grad_norm': 2.1050891876220703, 'learning_rate': 1.0448864253885448e-05, 'num_tokens': 127132297.0, 'mean_token_accuracy': 0.7203738614916801, 'epoch': 1.48}
{'loss': 1.0484, 'grad_norm': 2.279916763305664, 'learning_rate': 1.0427127486142811e-05, 'num_tokens': 127381511.0, 'mean_token_accuracy': 0.7187644839286804, 'epoch': 1.48}
{'loss': 1.0014, 'grad_norm': 2.092998743057251, 'learning_rate': 1.0405390718400174e-05, 'num_tokens': 127683124.0, 'mean_token_accuracy': 0.7368268765509128, 'epoch': 1.49}
{'loss': 1.0503, 'grad_norm': 2.2000274658203125, 'learning_rate': 1.0383653950657537e-05, 'num_tokens': 127966084.0, 'mean_token_accuracy': 0.7158212251961231, 'epoch': 1.49}
{'loss': 1.0536, 'grad_norm': 2.2069342136383057, 'learning_rate': 1.0361917182914903e-05, 'num_tokens': 128212652.0, 'mean_token_accuracy': 0.7227825030684472, 'epoch': 1.49}
{'loss': 1.0093, 'grad_norm': 2.0630781650543213, 'learning_rate': 1.0340180415172266e-05, 'num_tokens': 128493973.0, 'mean_token_accuracy': 0.7358692236244678, 'epoch': 1.5}
{'loss': 1.0843, 'grad_norm': 2.439293622970581, 'learning_rate': 1.0318443647429628e-05, 'num_tokens': 128784811.0, 'mean_token_accuracy': 0.7211053319275379, 'epoch': 1.5}
{'loss': 0.9955, 'grad_norm': 2.1983370780944824, 'learning_rate': 1.0296706879686991e-05, 'num_tokens': 129050406.0, 'mean_token_accuracy': 0.7239946193993092, 'epoch': 1.5}
{'loss': 1.1175, 'grad_norm': 2.295395851135254, 'learning_rate': 1.0274970111944356e-05, 'num_tokens': 129283928.0, 'mean_token_accuracy': 0.7079018581658602, 'epoch': 1.51}
{'loss': 0.9973, 'grad_norm': 1.8842676877975464, 'learning_rate': 1.0253233344201719e-05, 'num_tokens': 129576105.0, 'mean_token_accuracy': 0.7237820990383625, 'epoch': 1.51}
{'loss': 1.0882, 'grad_norm': 2.545027017593384, 'learning_rate': 1.0231496576459081e-05, 'num_tokens': 129850159.0, 'mean_token_accuracy': 0.7148334808647633, 'epoch': 1.51}
{'loss': 1.0135, 'grad_norm': 1.7226933240890503, 'learning_rate': 1.0209759808716444e-05, 'num_tokens': 130128502.0, 'mean_token_accuracy': 0.7321070432662964, 'epoch': 1.51}
{'loss': 0.979, 'grad_norm': 1.8344125747680664, 'learning_rate': 1.0188023040973809e-05, 'num_tokens': 130411458.0, 'mean_token_accuracy': 0.7296093985438347, 'epoch': 1.52}
{'loss': 1.0532, 'grad_norm': 2.780590772628784, 'learning_rate': 1.0166286273231171e-05, 'num_tokens': 130704333.0, 'mean_token_accuracy': 0.7258075002580882, 'epoch': 1.52}
{'loss': 1.0224, 'grad_norm': 2.4569311141967773, 'learning_rate': 1.0144549505488534e-05, 'num_tokens': 130989266.0, 'mean_token_accuracy': 0.7286295477300883, 'epoch': 1.52}
{'loss': 0.9624, 'grad_norm': 2.46501088142395, 'learning_rate': 1.0122812737745897e-05, 'num_tokens': 131222791.0, 'mean_token_accuracy': 0.7367283366620541, 'epoch': 1.53}
{'loss': 0.995, 'grad_norm': 2.0997536182403564, 'learning_rate': 1.0101075970003262e-05, 'num_tokens': 131491129.0, 'mean_token_accuracy': 0.727431295439601, 'epoch': 1.53}
{'loss': 0.9957, 'grad_norm': 1.9030085802078247, 'learning_rate': 1.0079339202260624e-05, 'num_tokens': 131787511.0, 'mean_token_accuracy': 0.7257780082523823, 'epoch': 1.53}
{'loss': 1.055, 'grad_norm': 2.0652031898498535, 'learning_rate': 1.0057602434517987e-05, 'num_tokens': 132058134.0, 'mean_token_accuracy': 0.7187144227325917, 'epoch': 1.54}
{'loss': 0.9773, 'grad_norm': 1.998008370399475, 'learning_rate': 1.003586566677535e-05, 'num_tokens': 132375505.0, 'mean_token_accuracy': 0.723096951842308, 'epoch': 1.54}
{'loss': 0.9646, 'grad_norm': 2.9617116451263428, 'learning_rate': 1.0014128899032716e-05, 'num_tokens': 132658074.0, 'mean_token_accuracy': 0.7412036657333374, 'epoch': 1.54}
{'loss': 0.9957, 'grad_norm': 2.144693613052368, 'learning_rate': 9.992392131290079e-06, 'num_tokens': 132924996.0, 'mean_token_accuracy': 0.7271510314196348, 'epoch': 1.55}
{'loss': 1.0785, 'grad_norm': 2.0855319499969482, 'learning_rate': 9.970655363547442e-06, 'num_tokens': 133199690.0, 'mean_token_accuracy': 0.7104516703635454, 'epoch': 1.55}
{'loss': 0.9753, 'grad_norm': 2.2038772106170654, 'learning_rate': 9.948918595804804e-06, 'num_tokens': 133468907.0, 'mean_token_accuracy': 0.7321265257894993, 'epoch': 1.55}
{'loss': 1.0156, 'grad_norm': 2.2051823139190674, 'learning_rate': 9.927181828062167e-06, 'num_tokens': 133734979.0, 'mean_token_accuracy': 0.7300793491303921, 'epoch': 1.56}
{'loss': 1.0039, 'grad_norm': 2.073967218399048, 'learning_rate': 9.905445060319532e-06, 'num_tokens': 134038411.0, 'mean_token_accuracy': 0.7362057566642761, 'epoch': 1.56}
{'loss': 1.0622, 'grad_norm': 1.921539545059204, 'learning_rate': 9.883708292576895e-06, 'num_tokens': 134308184.0, 'mean_token_accuracy': 0.7287486873567104, 'epoch': 1.56}
{'loss': 1.0467, 'grad_norm': 2.1749093532562256, 'learning_rate': 9.861971524834259e-06, 'num_tokens': 134596751.0, 'mean_token_accuracy': 0.7273647136986255, 'epoch': 1.57}
{'loss': 1.0249, 'grad_norm': 2.974747657775879, 'learning_rate': 9.840234757091622e-06, 'num_tokens': 134848847.0, 'mean_token_accuracy': 0.7249078780412674, 'epoch': 1.57}
{'loss': 0.9962, 'grad_norm': 2.75002384185791, 'learning_rate': 9.818497989348985e-06, 'num_tokens': 135152057.0, 'mean_token_accuracy': 0.7322437606751919, 'epoch': 1.57}
{'loss': 0.9963, 'grad_norm': 2.1313679218292236, 'learning_rate': 9.796761221606347e-06, 'num_tokens': 135427368.0, 'mean_token_accuracy': 0.7308315210044384, 'epoch': 1.57}
{'loss': 1.1696, 'grad_norm': 2.739824056625366, 'learning_rate': 9.775024453863712e-06, 'num_tokens': 135683526.0, 'mean_token_accuracy': 0.702301450818777, 'epoch': 1.58}
{'loss': 0.9851, 'grad_norm': 1.9527010917663574, 'learning_rate': 9.753287686121075e-06, 'num_tokens': 135937645.0, 'mean_token_accuracy': 0.7427758932113647, 'epoch': 1.58}
{'loss': 1.009, 'grad_norm': 2.3138840198516846, 'learning_rate': 9.73155091837844e-06, 'num_tokens': 136171187.0, 'mean_token_accuracy': 0.7357203546911478, 'epoch': 1.58}
{'loss': 0.9912, 'grad_norm': 2.026573657989502, 'learning_rate': 9.709814150635802e-06, 'num_tokens': 136459433.0, 'mean_token_accuracy': 0.7363256320357323, 'epoch': 1.59}
{'loss': 0.9887, 'grad_norm': 2.939631938934326, 'learning_rate': 9.688077382893165e-06, 'num_tokens': 136713926.0, 'mean_token_accuracy': 0.7343352049589157, 'epoch': 1.59}
{'loss': 1.0897, 'grad_norm': 2.240724802017212, 'learning_rate': 9.666340615150528e-06, 'num_tokens': 136961442.0, 'mean_token_accuracy': 0.7076412297785282, 'epoch': 1.59}
{'loss': 0.9774, 'grad_norm': 2.295675754547119, 'learning_rate': 9.64460384740789e-06, 'num_tokens': 137234282.0, 'mean_token_accuracy': 0.7289357081055641, 'epoch': 1.6}
{'loss': 1.0389, 'grad_norm': 3.1497771739959717, 'learning_rate': 9.622867079665255e-06, 'num_tokens': 137513455.0, 'mean_token_accuracy': 0.7207090523093939, 'epoch': 1.6}
{'loss': 0.9933, 'grad_norm': 2.528113842010498, 'learning_rate': 9.601130311922618e-06, 'num_tokens': 137768045.0, 'mean_token_accuracy': 0.7337195135653019, 'epoch': 1.6}
{'loss': 1.0465, 'grad_norm': 2.282015562057495, 'learning_rate': 9.57939354417998e-06, 'num_tokens': 138025763.0, 'mean_token_accuracy': 0.7277592979371548, 'epoch': 1.61}
{'loss': 1.042, 'grad_norm': 2.4502272605895996, 'learning_rate': 9.557656776437343e-06, 'num_tokens': 138308754.0, 'mean_token_accuracy': 0.7195521108806133, 'epoch': 1.61}
{'loss': 1.1113, 'grad_norm': 2.440182685852051, 'learning_rate': 9.535920008694708e-06, 'num_tokens': 138584598.0, 'mean_token_accuracy': 0.7135096870362758, 'epoch': 1.61}
{'loss': 0.9942, 'grad_norm': 2.130664348602295, 'learning_rate': 9.51418324095207e-06, 'num_tokens': 138867397.0, 'mean_token_accuracy': 0.724600100517273, 'epoch': 1.62}
{'loss': 1.0995, 'grad_norm': 1.907936692237854, 'learning_rate': 9.492446473209435e-06, 'num_tokens': 139140488.0, 'mean_token_accuracy': 0.7150201000273227, 'epoch': 1.62}
{'loss': 1.0364, 'grad_norm': 2.2974014282226562, 'learning_rate': 9.470709705466798e-06, 'num_tokens': 139402653.0, 'mean_token_accuracy': 0.7102330885827541, 'epoch': 1.62}
{'loss': 1.0163, 'grad_norm': 2.294198751449585, 'learning_rate': 9.44897293772416e-06, 'num_tokens': 139674443.0, 'mean_token_accuracy': 0.7274787813425064, 'epoch': 1.63}
{'loss': 0.9863, 'grad_norm': 2.297898054122925, 'learning_rate': 9.427236169981524e-06, 'num_tokens': 139939387.0, 'mean_token_accuracy': 0.7310480576008558, 'epoch': 1.63}
{'loss': 0.9831, 'grad_norm': 1.9053339958190918, 'learning_rate': 9.405499402238888e-06, 'num_tokens': 140212177.0, 'mean_token_accuracy': 0.7312097154557705, 'epoch': 1.63}
{'loss': 1.0245, 'grad_norm': 2.3011980056762695, 'learning_rate': 9.38376263449625e-06, 'num_tokens': 140467093.0, 'mean_token_accuracy': 0.723925843089819, 'epoch': 1.64}
{'loss': 1.0521, 'grad_norm': 2.568058490753174, 'learning_rate': 9.362025866753615e-06, 'num_tokens': 140715973.0, 'mean_token_accuracy': 0.7203859381377697, 'epoch': 1.64}
{'loss': 0.9552, 'grad_norm': 3.726313591003418, 'learning_rate': 9.340289099010978e-06, 'num_tokens': 140997405.0, 'mean_token_accuracy': 0.745358906686306, 'epoch': 1.64}
{'loss': 0.9765, 'grad_norm': 1.9535033702850342, 'learning_rate': 9.318552331268341e-06, 'num_tokens': 141263909.0, 'mean_token_accuracy': 0.729624231159687, 'epoch': 1.64}
{'loss': 0.9886, 'grad_norm': 2.2527105808258057, 'learning_rate': 9.296815563525704e-06, 'num_tokens': 141567593.0, 'mean_token_accuracy': 0.7352532878518104, 'epoch': 1.65}
{'loss': 0.9912, 'grad_norm': 2.0825700759887695, 'learning_rate': 9.275078795783068e-06, 'num_tokens': 141832550.0, 'mean_token_accuracy': 0.7329810611903668, 'epoch': 1.65}
{'loss': 0.9475, 'grad_norm': 2.056440591812134, 'learning_rate': 9.253342028040431e-06, 'num_tokens': 142115841.0, 'mean_token_accuracy': 0.7335792697966099, 'epoch': 1.65}
{'loss': 1.0548, 'grad_norm': 2.3263018131256104, 'learning_rate': 9.231605260297794e-06, 'num_tokens': 142370434.0, 'mean_token_accuracy': 0.7276959989219904, 'epoch': 1.66}
{'loss': 1.0815, 'grad_norm': 2.6720762252807617, 'learning_rate': 9.209868492555157e-06, 'num_tokens': 142661923.0, 'mean_token_accuracy': 0.7221993714570999, 'epoch': 1.66}
{'loss': 1.0444, 'grad_norm': 1.7769904136657715, 'learning_rate': 9.188131724812521e-06, 'num_tokens': 142934228.0, 'mean_token_accuracy': 0.7289898939430713, 'epoch': 1.66}
{'loss': 1.0626, 'grad_norm': 2.590160608291626, 'learning_rate': 9.166394957069884e-06, 'num_tokens': 143226828.0, 'mean_token_accuracy': 0.7254518255591392, 'epoch': 1.67}
{'loss': 1.0341, 'grad_norm': 1.7606161832809448, 'learning_rate': 9.144658189327248e-06, 'num_tokens': 143492338.0, 'mean_token_accuracy': 0.7246045410633087, 'epoch': 1.67}
{'loss': 1.0745, 'grad_norm': 1.7218263149261475, 'learning_rate': 9.122921421584611e-06, 'num_tokens': 143767014.0, 'mean_token_accuracy': 0.7219940397888422, 'epoch': 1.67}
{'loss': 0.965, 'grad_norm': 2.4713191986083984, 'learning_rate': 9.101184653841974e-06, 'num_tokens': 144046383.0, 'mean_token_accuracy': 0.7377560302615166, 'epoch': 1.68}
{'loss': 0.937, 'grad_norm': 2.344205856323242, 'learning_rate': 9.079447886099337e-06, 'num_tokens': 144328789.0, 'mean_token_accuracy': 0.7333978578448296, 'epoch': 1.68}
{'loss': 0.9989, 'grad_norm': 2.954987049102783, 'learning_rate': 9.057711118356701e-06, 'num_tokens': 144596737.0, 'mean_token_accuracy': 0.7281296707689762, 'epoch': 1.68}
{'loss': 1.0452, 'grad_norm': 3.0277063846588135, 'learning_rate': 9.035974350614064e-06, 'num_tokens': 144848781.0, 'mean_token_accuracy': 0.7289176926016807, 'epoch': 1.69}
{'loss': 1.0229, 'grad_norm': 2.4005699157714844, 'learning_rate': 9.014237582871429e-06, 'num_tokens': 145112004.0, 'mean_token_accuracy': 0.7170358836650849, 'epoch': 1.69}
{'loss': 1.0462, 'grad_norm': 2.565167188644409, 'learning_rate': 8.992500815128791e-06, 'num_tokens': 145378720.0, 'mean_token_accuracy': 0.7340148903429509, 'epoch': 1.69}
{'loss': 1.0416, 'grad_norm': 3.077932834625244, 'learning_rate': 8.970764047386154e-06, 'num_tokens': 145632861.0, 'mean_token_accuracy': 0.7310461789369583, 'epoch': 1.7}
{'loss': 1.045, 'grad_norm': 2.1508941650390625, 'learning_rate': 8.949027279643517e-06, 'num_tokens': 145905347.0, 'mean_token_accuracy': 0.7153991062194109, 'epoch': 1.7}
{'loss': 1.0432, 'grad_norm': 1.8943092823028564, 'learning_rate': 8.927290511900881e-06, 'num_tokens': 146173902.0, 'mean_token_accuracy': 0.7206982173025608, 'epoch': 1.7}
{'loss': 0.9873, 'grad_norm': 2.2267918586730957, 'learning_rate': 8.905553744158244e-06, 'num_tokens': 146444446.0, 'mean_token_accuracy': 0.7362422309815884, 'epoch': 1.7}
{'loss': 1.0016, 'grad_norm': 2.87060546875, 'learning_rate': 8.883816976415609e-06, 'num_tokens': 146719627.0, 'mean_token_accuracy': 0.7308854222297668, 'epoch': 1.71}
{'loss': 0.9784, 'grad_norm': 1.970647931098938, 'learning_rate': 8.862080208672972e-06, 'num_tokens': 146977044.0, 'mean_token_accuracy': 0.7319535620510578, 'epoch': 1.71}
{'loss': 0.9274, 'grad_norm': 2.4193620681762695, 'learning_rate': 8.840343440930334e-06, 'num_tokens': 147233696.0, 'mean_token_accuracy': 0.7286397702991962, 'epoch': 1.71}
{'loss': 1.0023, 'grad_norm': 2.4823412895202637, 'learning_rate': 8.818606673187697e-06, 'num_tokens': 147496629.0, 'mean_token_accuracy': 0.734860322624445, 'epoch': 1.72}
{'loss': 1.0402, 'grad_norm': 2.486063241958618, 'learning_rate': 8.796869905445062e-06, 'num_tokens': 147770366.0, 'mean_token_accuracy': 0.7276079930365086, 'epoch': 1.72}
{'loss': 0.932, 'grad_norm': 1.9431565999984741, 'learning_rate': 8.775133137702424e-06, 'num_tokens': 148067257.0, 'mean_token_accuracy': 0.7342780992388726, 'epoch': 1.72}
{'loss': 1.0166, 'grad_norm': 2.4774866104125977, 'learning_rate': 8.753396369959787e-06, 'num_tokens': 148337993.0, 'mean_token_accuracy': 0.7308917745947838, 'epoch': 1.73}
{'loss': 0.9619, 'grad_norm': 2.2269132137298584, 'learning_rate': 8.73165960221715e-06, 'num_tokens': 148617874.0, 'mean_token_accuracy': 0.7352965958416462, 'epoch': 1.73}
{'loss': 1.001, 'grad_norm': 2.4671249389648438, 'learning_rate': 8.709922834474514e-06, 'num_tokens': 148886358.0, 'mean_token_accuracy': 0.7299065664410591, 'epoch': 1.73}
{'loss': 1.017, 'grad_norm': 2.277404308319092, 'learning_rate': 8.688186066731877e-06, 'num_tokens': 149133375.0, 'mean_token_accuracy': 0.7349241673946381, 'epoch': 1.74}
{'loss': 0.9256, 'grad_norm': 2.2182111740112305, 'learning_rate': 8.666449298989242e-06, 'num_tokens': 149436238.0, 'mean_token_accuracy': 0.7380206517875194, 'epoch': 1.74}
{'loss': 1.0252, 'grad_norm': 2.4415359497070312, 'learning_rate': 8.644712531246605e-06, 'num_tokens': 149736867.0, 'mean_token_accuracy': 0.7294037740677595, 'epoch': 1.74}
{'loss': 1.037, 'grad_norm': 2.528768301010132, 'learning_rate': 8.622975763503967e-06, 'num_tokens': 150038982.0, 'mean_token_accuracy': 0.7259503908455371, 'epoch': 1.75}
{'loss': 0.9793, 'grad_norm': 2.1176815032958984, 'learning_rate': 8.60123899576133e-06, 'num_tokens': 150308574.0, 'mean_token_accuracy': 0.7336388140916824, 'epoch': 1.75}
{'loss': 1.0012, 'grad_norm': 1.99138605594635, 'learning_rate': 8.579502228018695e-06, 'num_tokens': 150554929.0, 'mean_token_accuracy': 0.7308154311031103, 'epoch': 1.75}
{'loss': 1.0428, 'grad_norm': 2.3750340938568115, 'learning_rate': 8.557765460276057e-06, 'num_tokens': 150817443.0, 'mean_token_accuracy': 0.7180566780269146, 'epoch': 1.76}
{'loss': 0.9801, 'grad_norm': 2.4193975925445557, 'learning_rate': 8.536028692533422e-06, 'num_tokens': 151105103.0, 'mean_token_accuracy': 0.7403440706431865, 'epoch': 1.76}
{'loss': 0.9632, 'grad_norm': 2.791858434677124, 'learning_rate': 8.514291924790785e-06, 'num_tokens': 151408606.0, 'mean_token_accuracy': 0.748354709148407, 'epoch': 1.76}
{'loss': 1.07, 'grad_norm': 2.0677530765533447, 'learning_rate': 8.492555157048148e-06, 'num_tokens': 151650215.0, 'mean_token_accuracy': 0.7192358650267124, 'epoch': 1.76}
{'loss': 1.016, 'grad_norm': 2.0184762477874756, 'learning_rate': 8.47081838930551e-06, 'num_tokens': 151930953.0, 'mean_token_accuracy': 0.7284006752073765, 'epoch': 1.77}
{'loss': 0.9874, 'grad_norm': 2.9794788360595703, 'learning_rate': 8.449081621562875e-06, 'num_tokens': 152222256.0, 'mean_token_accuracy': 0.731394636631012, 'epoch': 1.77}
{'loss': 0.9433, 'grad_norm': 2.4993386268615723, 'learning_rate': 8.427344853820238e-06, 'num_tokens': 152477970.0, 'mean_token_accuracy': 0.7416135810315609, 'epoch': 1.77}
{'loss': 1.0266, 'grad_norm': 2.4218454360961914, 'learning_rate': 8.4056080860776e-06, 'num_tokens': 152745734.0, 'mean_token_accuracy': 0.7240158647298813, 'epoch': 1.78}
{'loss': 1.1178, 'grad_norm': 2.207084894180298, 'learning_rate': 8.383871318334963e-06, 'num_tokens': 153015015.0, 'mean_token_accuracy': 0.7177146203815937, 'epoch': 1.78}
{'loss': 1.0331, 'grad_norm': 1.9877859354019165, 'learning_rate': 8.362134550592328e-06, 'num_tokens': 153290901.0, 'mean_token_accuracy': 0.7330775067210198, 'epoch': 1.78}
{'loss': 1.0804, 'grad_norm': 1.9016169309616089, 'learning_rate': 8.34039778284969e-06, 'num_tokens': 153530694.0, 'mean_token_accuracy': 0.7177003495395183, 'epoch': 1.79}
{'loss': 0.971, 'grad_norm': 1.736080288887024, 'learning_rate': 8.318661015107055e-06, 'num_tokens': 153806858.0, 'mean_token_accuracy': 0.7356258064508439, 'epoch': 1.79}
{'loss': 1.0167, 'grad_norm': 2.163240671157837, 'learning_rate': 8.296924247364418e-06, 'num_tokens': 154079649.0, 'mean_token_accuracy': 0.7192324731498957, 'epoch': 1.79}
{'loss': 1.0637, 'grad_norm': 2.6986403465270996, 'learning_rate': 8.27518747962178e-06, 'num_tokens': 154312008.0, 'mean_token_accuracy': 0.7139017917215824, 'epoch': 1.8}
{'loss': 0.8756, 'grad_norm': 2.054551601409912, 'learning_rate': 8.253450711879143e-06, 'num_tokens': 154598259.0, 'mean_token_accuracy': 0.7516709864139557, 'epoch': 1.8}
{'loss': 1.0062, 'grad_norm': 2.417943239212036, 'learning_rate': 8.231713944136508e-06, 'num_tokens': 154878859.0, 'mean_token_accuracy': 0.7275322049856185, 'epoch': 1.8}
{'loss': 0.9747, 'grad_norm': 2.2437620162963867, 'learning_rate': 8.20997717639387e-06, 'num_tokens': 155181108.0, 'mean_token_accuracy': 0.7382561899721622, 'epoch': 1.81}
{'loss': 1.0255, 'grad_norm': 3.733790397644043, 'learning_rate': 8.188240408651235e-06, 'num_tokens': 155450628.0, 'mean_token_accuracy': 0.7273963898420334, 'epoch': 1.81}
{'loss': 0.9588, 'grad_norm': 2.3085501194000244, 'learning_rate': 8.166503640908598e-06, 'num_tokens': 155728094.0, 'mean_token_accuracy': 0.7319766983389855, 'epoch': 1.81}
{'loss': 1.0117, 'grad_norm': 1.9390326738357544, 'learning_rate': 8.14476687316596e-06, 'num_tokens': 156004447.0, 'mean_token_accuracy': 0.7193691052496434, 'epoch': 1.82}
{'loss': 1.1057, 'grad_norm': 1.9112659692764282, 'learning_rate': 8.123030105423324e-06, 'num_tokens': 156270277.0, 'mean_token_accuracy': 0.7254919081926345, 'epoch': 1.82}
{'loss': 1.0876, 'grad_norm': 2.4818429946899414, 'learning_rate': 8.101293337680688e-06, 'num_tokens': 156539511.0, 'mean_token_accuracy': 0.7210990350693465, 'epoch': 1.82}
{'loss': 0.9741, 'grad_norm': 2.2215843200683594, 'learning_rate': 8.079556569938051e-06, 'num_tokens': 156827339.0, 'mean_token_accuracy': 0.7348873689770699, 'epoch': 1.82}
{'loss': 0.9495, 'grad_norm': 1.9522287845611572, 'learning_rate': 8.057819802195415e-06, 'num_tokens': 157112563.0, 'mean_token_accuracy': 0.735330356657505, 'epoch': 1.83}
{'loss': 1.0146, 'grad_norm': 2.402716636657715, 'learning_rate': 8.036083034452778e-06, 'num_tokens': 157385721.0, 'mean_token_accuracy': 0.7396672829985619, 'epoch': 1.83}
{'loss': 0.9703, 'grad_norm': 2.011171340942383, 'learning_rate': 8.014346266710141e-06, 'num_tokens': 157658624.0, 'mean_token_accuracy': 0.7282886676490307, 'epoch': 1.83}
{'loss': 0.966, 'grad_norm': 2.198007583618164, 'learning_rate': 7.992609498967504e-06, 'num_tokens': 157902571.0, 'mean_token_accuracy': 0.7381324283778667, 'epoch': 1.84}
{'loss': 0.9249, 'grad_norm': 2.020770788192749, 'learning_rate': 7.970872731224868e-06, 'num_tokens': 158169826.0, 'mean_token_accuracy': 0.7426380529999733, 'epoch': 1.84}
{'loss': 1.0515, 'grad_norm': 2.6416001319885254, 'learning_rate': 7.949135963482231e-06, 'num_tokens': 158437526.0, 'mean_token_accuracy': 0.7259820163249969, 'epoch': 1.84}
{'loss': 1.0091, 'grad_norm': 2.2123870849609375, 'learning_rate': 7.927399195739594e-06, 'num_tokens': 158716404.0, 'mean_token_accuracy': 0.7251852363348007, 'epoch': 1.85}
{'loss': 1.1147, 'grad_norm': 2.6673035621643066, 'learning_rate': 7.905662427996957e-06, 'num_tokens': 158967852.0, 'mean_token_accuracy': 0.7078488856554032, 'epoch': 1.85}
{'loss': 0.9591, 'grad_norm': 3.2421252727508545, 'learning_rate': 7.883925660254321e-06, 'num_tokens': 159268138.0, 'mean_token_accuracy': 0.7386554919183255, 'epoch': 1.85}
{'loss': 1.0033, 'grad_norm': 2.3122241497039795, 'learning_rate': 7.862188892511684e-06, 'num_tokens': 159520710.0, 'mean_token_accuracy': 0.7290813103318214, 'epoch': 1.86}
{'loss': 0.9567, 'grad_norm': 1.6705297231674194, 'learning_rate': 7.840452124769048e-06, 'num_tokens': 159807997.0, 'mean_token_accuracy': 0.740704744309187, 'epoch': 1.86}
{'loss': 1.0353, 'grad_norm': 2.7073771953582764, 'learning_rate': 7.818715357026411e-06, 'num_tokens': 160074414.0, 'mean_token_accuracy': 0.7330363783985376, 'epoch': 1.86}
{'loss': 0.9808, 'grad_norm': 2.644885301589966, 'learning_rate': 7.796978589283774e-06, 'num_tokens': 160376541.0, 'mean_token_accuracy': 0.7404670596122742, 'epoch': 1.87}
{'loss': 1.0352, 'grad_norm': 2.425447463989258, 'learning_rate': 7.775241821541137e-06, 'num_tokens': 160638440.0, 'mean_token_accuracy': 0.7239161372184754, 'epoch': 1.87}
{'loss': 0.9913, 'grad_norm': 1.8317137956619263, 'learning_rate': 7.753505053798501e-06, 'num_tokens': 160925421.0, 'mean_token_accuracy': 0.7329171266406774, 'epoch': 1.87}
{'loss': 1.0257, 'grad_norm': 2.9323184490203857, 'learning_rate': 7.731768286055864e-06, 'num_tokens': 161175554.0, 'mean_token_accuracy': 0.7374556086957454, 'epoch': 1.88}
{'loss': 0.9757, 'grad_norm': 1.904585838317871, 'learning_rate': 7.710031518313229e-06, 'num_tokens': 161458388.0, 'mean_token_accuracy': 0.7382322661578655, 'epoch': 1.88}
{'loss': 0.9758, 'grad_norm': 2.500983715057373, 'learning_rate': 7.688294750570591e-06, 'num_tokens': 161729322.0, 'mean_token_accuracy': 0.7281252138316632, 'epoch': 1.88}
{'loss': 0.9625, 'grad_norm': 1.779412031173706, 'learning_rate': 7.666557982827954e-06, 'num_tokens': 162004518.0, 'mean_token_accuracy': 0.7349709875881671, 'epoch': 1.88}
{'loss': 1.085, 'grad_norm': 2.3009750843048096, 'learning_rate': 7.644821215085317e-06, 'num_tokens': 162233208.0, 'mean_token_accuracy': 0.7193314149975777, 'epoch': 1.89}
{'loss': 0.9332, 'grad_norm': 2.27876877784729, 'learning_rate': 7.6230844473426815e-06, 'num_tokens': 162521794.0, 'mean_token_accuracy': 0.7462833017110825, 'epoch': 1.89}
{'loss': 0.9495, 'grad_norm': 2.5374655723571777, 'learning_rate': 7.601347679600044e-06, 'num_tokens': 162788885.0, 'mean_token_accuracy': 0.7391590751707554, 'epoch': 1.89}
{'loss': 1.1182, 'grad_norm': 2.26336669921875, 'learning_rate': 7.579610911857408e-06, 'num_tokens': 163076977.0, 'mean_token_accuracy': 0.7130263239145279, 'epoch': 1.9}
{'loss': 0.9869, 'grad_norm': 2.693014621734619, 'learning_rate': 7.557874144114771e-06, 'num_tokens': 163331202.0, 'mean_token_accuracy': 0.72610785625875, 'epoch': 1.9}
{'loss': 1.0504, 'grad_norm': 2.3673932552337646, 'learning_rate': 7.536137376372134e-06, 'num_tokens': 163575044.0, 'mean_token_accuracy': 0.7156366504728794, 'epoch': 1.9}
{'loss': 1.0232, 'grad_norm': 2.437891721725464, 'learning_rate': 7.514400608629497e-06, 'num_tokens': 163877591.0, 'mean_token_accuracy': 0.7231061212718487, 'epoch': 1.91}
{'loss': 0.9816, 'grad_norm': 2.137238025665283, 'learning_rate': 7.492663840886862e-06, 'num_tokens': 164141090.0, 'mean_token_accuracy': 0.7327115431427955, 'epoch': 1.91}
{'loss': 0.9708, 'grad_norm': 2.5468456745147705, 'learning_rate': 7.470927073144224e-06, 'num_tokens': 164442243.0, 'mean_token_accuracy': 0.7370373982936144, 'epoch': 1.91}
{'loss': 0.9578, 'grad_norm': 2.457611560821533, 'learning_rate': 7.449190305401588e-06, 'num_tokens': 164733176.0, 'mean_token_accuracy': 0.7339256815612316, 'epoch': 1.92}
{'loss': 0.9969, 'grad_norm': 2.3042569160461426, 'learning_rate': 7.427453537658951e-06, 'num_tokens': 164983757.0, 'mean_token_accuracy': 0.7329808369278907, 'epoch': 1.92}
{'loss': 0.9786, 'grad_norm': 2.040804386138916, 'learning_rate': 7.405716769916314e-06, 'num_tokens': 165274285.0, 'mean_token_accuracy': 0.7293829597532749, 'epoch': 1.92}
{'loss': 0.9228, 'grad_norm': 2.0982449054718018, 'learning_rate': 7.383980002173677e-06, 'num_tokens': 165542161.0, 'mean_token_accuracy': 0.7380318507552147, 'epoch': 1.93}
{'loss': 0.9108, 'grad_norm': 2.969721794128418, 'learning_rate': 7.36224323443104e-06, 'num_tokens': 165825427.0, 'mean_token_accuracy': 0.7523614138364791, 'epoch': 1.93}
{'loss': 1.0256, 'grad_norm': 2.2080721855163574, 'learning_rate': 7.340506466688404e-06, 'num_tokens': 166108589.0, 'mean_token_accuracy': 0.7355368703603744, 'epoch': 1.93}
{'loss': 1.0395, 'grad_norm': 2.197781801223755, 'learning_rate': 7.318769698945767e-06, 'num_tokens': 166376891.0, 'mean_token_accuracy': 0.7264908779412508, 'epoch': 1.94}
{'loss': 0.9734, 'grad_norm': 2.2294232845306396, 'learning_rate': 7.297032931203131e-06, 'num_tokens': 166643996.0, 'mean_token_accuracy': 0.7392868742346763, 'epoch': 1.94}
{'loss': 0.964, 'grad_norm': 1.9540154933929443, 'learning_rate': 7.275296163460494e-06, 'num_tokens': 166928117.0, 'mean_token_accuracy': 0.7410938084125519, 'epoch': 1.94}
{'loss': 1.05, 'grad_norm': 2.526639699935913, 'learning_rate': 7.2535593957178575e-06, 'num_tokens': 167208922.0, 'mean_token_accuracy': 0.7291726995259523, 'epoch': 1.94}
{'loss': 0.9766, 'grad_norm': 2.162400960922241, 'learning_rate': 7.23182262797522e-06, 'num_tokens': 167483577.0, 'mean_token_accuracy': 0.7447936199605465, 'epoch': 1.95}
{'loss': 0.9845, 'grad_norm': 2.4063079357147217, 'learning_rate': 7.210085860232584e-06, 'num_tokens': 167735466.0, 'mean_token_accuracy': 0.7327618431299925, 'epoch': 1.95}
{'loss': 0.9553, 'grad_norm': 2.228198528289795, 'learning_rate': 7.188349092489947e-06, 'num_tokens': 168007382.0, 'mean_token_accuracy': 0.7375930711627007, 'epoch': 1.95}
{'loss': 0.9465, 'grad_norm': 2.106586217880249, 'learning_rate': 7.1666123247473104e-06, 'num_tokens': 168274643.0, 'mean_token_accuracy': 0.7475260272622108, 'epoch': 1.96}
{'loss': 0.9952, 'grad_norm': 2.0511772632598877, 'learning_rate': 7.144875557004673e-06, 'num_tokens': 168569648.0, 'mean_token_accuracy': 0.7347649849951268, 'epoch': 1.96}
{'loss': 1.0254, 'grad_norm': 2.1100716590881348, 'learning_rate': 7.123138789262038e-06, 'num_tokens': 168829464.0, 'mean_token_accuracy': 0.7349343545734882, 'epoch': 1.96}
{'loss': 1.0306, 'grad_norm': 2.762068271636963, 'learning_rate': 7.1014020215194005e-06, 'num_tokens': 169058140.0, 'mean_token_accuracy': 0.7238385394215584, 'epoch': 1.97}
{'loss': 1.0646, 'grad_norm': 2.062645196914673, 'learning_rate': 7.079665253776764e-06, 'num_tokens': 169330489.0, 'mean_token_accuracy': 0.7284131094813346, 'epoch': 1.97}
{'loss': 0.8925, 'grad_norm': 1.6296913623809814, 'learning_rate': 7.057928486034127e-06, 'num_tokens': 169629404.0, 'mean_token_accuracy': 0.7471243895590305, 'epoch': 1.97}
{'loss': 0.9559, 'grad_norm': 2.6811323165893555, 'learning_rate': 7.036191718291491e-06, 'num_tokens': 169871760.0, 'mean_token_accuracy': 0.7385764867067337, 'epoch': 1.98}
{'loss': 0.9619, 'grad_norm': 2.113068103790283, 'learning_rate': 7.014454950548853e-06, 'num_tokens': 170133858.0, 'mean_token_accuracy': 0.7411709077656269, 'epoch': 1.98}
{'loss': 1.0399, 'grad_norm': 1.9237560033798218, 'learning_rate': 6.992718182806217e-06, 'num_tokens': 170430163.0, 'mean_token_accuracy': 0.7251025430858136, 'epoch': 1.98}
{'loss': 0.9835, 'grad_norm': 2.399986743927002, 'learning_rate': 6.97098141506358e-06, 'num_tokens': 170701338.0, 'mean_token_accuracy': 0.7405622728168965, 'epoch': 1.99}
{'loss': 0.9966, 'grad_norm': 2.780257225036621, 'learning_rate': 6.949244647320944e-06, 'num_tokens': 170975298.0, 'mean_token_accuracy': 0.7298647552728653, 'epoch': 1.99}
{'loss': 0.9805, 'grad_norm': 2.445244312286377, 'learning_rate': 6.927507879578307e-06, 'num_tokens': 171240466.0, 'mean_token_accuracy': 0.7256530858576298, 'epoch': 1.99}
{'loss': 0.8812, 'grad_norm': 1.9651060104370117, 'learning_rate': 6.905771111835671e-06, 'num_tokens': 171521170.0, 'mean_token_accuracy': 0.756501816958189, 'epoch': 2.0}
{'loss': 0.9396, 'grad_norm': 2.4863128662109375, 'learning_rate': 6.884034344093034e-06, 'num_tokens': 171792835.0, 'mean_token_accuracy': 0.7449292287230491, 'epoch': 2.0}
{'loss': 0.9207, 'grad_norm': 3.5064046382904053, 'learning_rate': 6.862297576350397e-06, 'num_tokens': 172043653.0, 'mean_token_accuracy': 0.761158037185669, 'epoch': 2.0}
{'loss': 0.857, 'grad_norm': 2.07397723197937, 'learning_rate': 6.84056080860776e-06, 'num_tokens': 172303130.0, 'mean_token_accuracy': 0.7735281743109226, 'epoch': 2.01}
{'loss': 0.8409, 'grad_norm': 2.432553291320801, 'learning_rate': 6.818824040865124e-06, 'num_tokens': 172563977.0, 'mean_token_accuracy': 0.7831782765686512, 'epoch': 2.01}
{'loss': 0.848, 'grad_norm': 3.0532431602478027, 'learning_rate': 6.7970872731224865e-06, 'num_tokens': 172822609.0, 'mean_token_accuracy': 0.7648377187550068, 'epoch': 2.01}
{'loss': 0.8379, 'grad_norm': 2.411539316177368, 'learning_rate': 6.775350505379851e-06, 'num_tokens': 173116595.0, 'mean_token_accuracy': 0.7636367589235306, 'epoch': 2.01}
{'loss': 0.8889, 'grad_norm': 2.321861982345581, 'learning_rate': 6.753613737637214e-06, 'num_tokens': 173367578.0, 'mean_token_accuracy': 0.7542521096765995, 'epoch': 2.02}
{'loss': 0.895, 'grad_norm': 2.3500607013702393, 'learning_rate': 6.731876969894577e-06, 'num_tokens': 173632195.0, 'mean_token_accuracy': 0.7567455597221852, 'epoch': 2.02}
{'loss': 0.8624, 'grad_norm': 3.008779287338257, 'learning_rate': 6.71014020215194e-06, 'num_tokens': 173894462.0, 'mean_token_accuracy': 0.757699915394187, 'epoch': 2.02}
{'loss': 0.9169, 'grad_norm': 2.1999049186706543, 'learning_rate': 6.688403434409304e-06, 'num_tokens': 174158778.0, 'mean_token_accuracy': 0.7573506344109774, 'epoch': 2.03}
{'loss': 0.9213, 'grad_norm': 2.6034927368164062, 'learning_rate': 6.666666666666667e-06, 'num_tokens': 174437476.0, 'mean_token_accuracy': 0.7524889402091504, 'epoch': 2.03}
{'loss': 0.8655, 'grad_norm': 2.1346962451934814, 'learning_rate': 6.644929898924031e-06, 'num_tokens': 174718396.0, 'mean_token_accuracy': 0.7611074924468995, 'epoch': 2.03}
{'loss': 0.8522, 'grad_norm': 2.780890941619873, 'learning_rate': 6.623193131181393e-06, 'num_tokens': 174987902.0, 'mean_token_accuracy': 0.7669285953044891, 'epoch': 2.04}
{'loss': 0.7822, 'grad_norm': 1.94675612449646, 'learning_rate': 6.601456363438758e-06, 'num_tokens': 175266592.0, 'mean_token_accuracy': 0.7920905493199826, 'epoch': 2.04}
{'loss': 0.8327, 'grad_norm': 2.283522129058838, 'learning_rate': 6.57971959569612e-06, 'num_tokens': 175507469.0, 'mean_token_accuracy': 0.7652216523885726, 'epoch': 2.04}
{'loss': 0.8131, 'grad_norm': 2.2082676887512207, 'learning_rate': 6.557982827953484e-06, 'num_tokens': 175767370.0, 'mean_token_accuracy': 0.7682737410068512, 'epoch': 2.05}
{'loss': 0.9065, 'grad_norm': 2.4810051918029785, 'learning_rate': 6.536246060210847e-06, 'num_tokens': 176039797.0, 'mean_token_accuracy': 0.7528680562973022, 'epoch': 2.05}
{'loss': 0.9112, 'grad_norm': 2.5214035511016846, 'learning_rate': 6.5145092924682105e-06, 'num_tokens': 176318313.0, 'mean_token_accuracy': 0.7651067890226841, 'epoch': 2.05}
{'loss': 0.8433, 'grad_norm': 2.3544511795043945, 'learning_rate': 6.492772524725573e-06, 'num_tokens': 176578700.0, 'mean_token_accuracy': 0.7682298935949803, 'epoch': 2.06}
{'loss': 0.9263, 'grad_norm': 3.527689218521118, 'learning_rate': 6.471035756982938e-06, 'num_tokens': 176853470.0, 'mean_token_accuracy': 0.7686419874429703, 'epoch': 2.06}
{'loss': 0.909, 'grad_norm': 3.0188605785369873, 'learning_rate': 6.4492989892403006e-06, 'num_tokens': 177098743.0, 'mean_token_accuracy': 0.7529629148542881, 'epoch': 2.06}
{'loss': 0.9296, 'grad_norm': 2.508744478225708, 'learning_rate': 6.427562221497664e-06, 'num_tokens': 177356102.0, 'mean_token_accuracy': 0.7516618922352791, 'epoch': 2.07}
{'loss': 0.8451, 'grad_norm': 2.208548069000244, 'learning_rate': 6.405825453755027e-06, 'num_tokens': 177613644.0, 'mean_token_accuracy': 0.7695899687707424, 'epoch': 2.07}
{'loss': 0.796, 'grad_norm': 2.382845401763916, 'learning_rate': 6.384088686012391e-06, 'num_tokens': 177898840.0, 'mean_token_accuracy': 0.7788281343877316, 'epoch': 2.07}
{'loss': 0.8602, 'grad_norm': 2.275473117828369, 'learning_rate': 6.3623519182697534e-06, 'num_tokens': 178182958.0, 'mean_token_accuracy': 0.7697339780628681, 'epoch': 2.07}
{'loss': 0.8563, 'grad_norm': 2.464604377746582, 'learning_rate': 6.340615150527117e-06, 'num_tokens': 178491892.0, 'mean_token_accuracy': 0.7694114044308662, 'epoch': 2.08}
{'loss': 0.864, 'grad_norm': 2.0393307209014893, 'learning_rate': 6.31887838278448e-06, 'num_tokens': 178764604.0, 'mean_token_accuracy': 0.7584386773407459, 'epoch': 2.08}
{'loss': 0.8329, 'grad_norm': 3.0870656967163086, 'learning_rate': 6.297141615041844e-06, 'num_tokens': 179028611.0, 'mean_token_accuracy': 0.7761804722249508, 'epoch': 2.08}
{'loss': 0.9162, 'grad_norm': 2.308751344680786, 'learning_rate': 6.275404847299207e-06, 'num_tokens': 179299779.0, 'mean_token_accuracy': 0.7573248971253633, 'epoch': 2.09}
{'loss': 0.8589, 'grad_norm': 3.1324493885040283, 'learning_rate': 6.253668079556571e-06, 'num_tokens': 179557301.0, 'mean_token_accuracy': 0.7674979045987129, 'epoch': 2.09}
{'loss': 0.8386, 'grad_norm': 2.617562770843506, 'learning_rate': 6.231931311813934e-06, 'num_tokens': 179816150.0, 'mean_token_accuracy': 0.7653385832905769, 'epoch': 2.09}
{'loss': 0.7952, 'grad_norm': 2.6606380939483643, 'learning_rate': 6.210194544071297e-06, 'num_tokens': 180099262.0, 'mean_token_accuracy': 0.7831979304552078, 'epoch': 2.1}
{'loss': 0.8502, 'grad_norm': 2.3611974716186523, 'learning_rate': 6.18845777632866e-06, 'num_tokens': 180379853.0, 'mean_token_accuracy': 0.7679773330688476, 'epoch': 2.1}
{'loss': 0.841, 'grad_norm': 2.302716016769409, 'learning_rate': 6.166721008586024e-06, 'num_tokens': 180667637.0, 'mean_token_accuracy': 0.758586548268795, 'epoch': 2.1}
{'loss': 0.9718, 'grad_norm': 2.5929059982299805, 'learning_rate': 6.1449842408433865e-06, 'num_tokens': 180924252.0, 'mean_token_accuracy': 0.7546841733157634, 'epoch': 2.11}
{'loss': 0.8193, 'grad_norm': 2.2700867652893066, 'learning_rate': 6.123247473100751e-06, 'num_tokens': 181215143.0, 'mean_token_accuracy': 0.7714225724339485, 'epoch': 2.11}
{'loss': 0.9224, 'grad_norm': 3.260650396347046, 'learning_rate': 6.101510705358114e-06, 'num_tokens': 181476947.0, 'mean_token_accuracy': 0.7614425688982009, 'epoch': 2.11}
{'loss': 0.8763, 'grad_norm': 2.654655694961548, 'learning_rate': 6.0797739376154774e-06, 'num_tokens': 181736699.0, 'mean_token_accuracy': 0.7649017378687859, 'epoch': 2.12}
{'loss': 0.8561, 'grad_norm': 2.4384381771087646, 'learning_rate': 6.05803716987284e-06, 'num_tokens': 181981474.0, 'mean_token_accuracy': 0.7649169348180294, 'epoch': 2.12}
{'loss': 0.906, 'grad_norm': 2.7497551441192627, 'learning_rate': 6.036300402130204e-06, 'num_tokens': 182267266.0, 'mean_token_accuracy': 0.7544400982558728, 'epoch': 2.12}
{'loss': 0.9297, 'grad_norm': 2.2812483310699463, 'learning_rate': 6.014563634387567e-06, 'num_tokens': 182518397.0, 'mean_token_accuracy': 0.7547554664313794, 'epoch': 2.13}
{'loss': 0.8231, 'grad_norm': 2.2249834537506104, 'learning_rate': 5.99282686664493e-06, 'num_tokens': 182789390.0, 'mean_token_accuracy': 0.7738786965608597, 'epoch': 2.13}
{'loss': 0.8423, 'grad_norm': 2.7390565872192383, 'learning_rate': 5.971090098902293e-06, 'num_tokens': 183064297.0, 'mean_token_accuracy': 0.7646244503557682, 'epoch': 2.13}
{'loss': 0.8534, 'grad_norm': 1.893266201019287, 'learning_rate': 5.949353331159658e-06, 'num_tokens': 183340444.0, 'mean_token_accuracy': 0.7649671792984009, 'epoch': 2.13}
{'loss': 0.9011, 'grad_norm': 3.64768123626709, 'learning_rate': 5.92761656341702e-06, 'num_tokens': 183600983.0, 'mean_token_accuracy': 0.7568323761224747, 'epoch': 2.14}
{'loss': 0.8998, 'grad_norm': 2.135751247406006, 'learning_rate': 5.905879795674384e-06, 'num_tokens': 183868278.0, 'mean_token_accuracy': 0.7624670699238777, 'epoch': 2.14}
{'loss': 0.9755, 'grad_norm': 3.448251962661743, 'learning_rate': 5.884143027931747e-06, 'num_tokens': 184143974.0, 'mean_token_accuracy': 0.7379643961787223, 'epoch': 2.14}
{'loss': 0.8244, 'grad_norm': 3.286736488342285, 'learning_rate': 5.8624062601891105e-06, 'num_tokens': 184409278.0, 'mean_token_accuracy': 0.7687903121113777, 'epoch': 2.15}
{'loss': 0.8852, 'grad_norm': 2.7870090007781982, 'learning_rate': 5.840669492446473e-06, 'num_tokens': 184654975.0, 'mean_token_accuracy': 0.77525240406394, 'epoch': 2.15}
{'loss': 0.8852, 'grad_norm': 2.410191297531128, 'learning_rate': 5.818932724703838e-06, 'num_tokens': 184922742.0, 'mean_token_accuracy': 0.7601164862513542, 'epoch': 2.15}
{'loss': 0.81, 'grad_norm': 2.461766004562378, 'learning_rate': 5.797195956961201e-06, 'num_tokens': 185191435.0, 'mean_token_accuracy': 0.7682685315608978, 'epoch': 2.16}
{'loss': 0.9108, 'grad_norm': 2.105377674102783, 'learning_rate': 5.775459189218564e-06, 'num_tokens': 185448004.0, 'mean_token_accuracy': 0.7619131002575159, 'epoch': 2.16}
{'loss': 0.8263, 'grad_norm': 3.5756540298461914, 'learning_rate': 5.753722421475927e-06, 'num_tokens': 185724116.0, 'mean_token_accuracy': 0.7646942518651485, 'epoch': 2.16}
{'loss': 0.8188, 'grad_norm': 2.570460319519043, 'learning_rate': 5.731985653733291e-06, 'num_tokens': 185975837.0, 'mean_token_accuracy': 0.7708383418619633, 'epoch': 2.17}
{'loss': 0.8373, 'grad_norm': 2.645913600921631, 'learning_rate': 5.7102488859906535e-06, 'num_tokens': 186230939.0, 'mean_token_accuracy': 0.7765219591557979, 'epoch': 2.17}
{'loss': 0.8615, 'grad_norm': 3.0904488563537598, 'learning_rate': 5.688512118248017e-06, 'num_tokens': 186531928.0, 'mean_token_accuracy': 0.7665807135403157, 'epoch': 2.17}
{'loss': 0.7602, 'grad_norm': 2.1036250591278076, 'learning_rate': 5.66677535050538e-06, 'num_tokens': 186841505.0, 'mean_token_accuracy': 0.7865735940635205, 'epoch': 2.18}
{'loss': 0.806, 'grad_norm': 1.8090875148773193, 'learning_rate': 5.645038582762744e-06, 'num_tokens': 187104302.0, 'mean_token_accuracy': 0.7733688578009605, 'epoch': 2.18}
{'loss': 0.8466, 'grad_norm': 2.383248805999756, 'learning_rate': 5.623301815020107e-06, 'num_tokens': 187383102.0, 'mean_token_accuracy': 0.773460166156292, 'epoch': 2.18}
{'loss': 0.827, 'grad_norm': 2.721165895462036, 'learning_rate': 5.601565047277471e-06, 'num_tokens': 187639421.0, 'mean_token_accuracy': 0.7681534245610238, 'epoch': 2.19}
{'loss': 0.8848, 'grad_norm': 2.242487668991089, 'learning_rate': 5.579828279534834e-06, 'num_tokens': 187906016.0, 'mean_token_accuracy': 0.7604324437677861, 'epoch': 2.19}
{'loss': 0.882, 'grad_norm': 2.5788869857788086, 'learning_rate': 5.558091511792197e-06, 'num_tokens': 188183093.0, 'mean_token_accuracy': 0.769527405500412, 'epoch': 2.19}
{'loss': 0.8441, 'grad_norm': 2.4933388233184814, 'learning_rate': 5.53635474404956e-06, 'num_tokens': 188467783.0, 'mean_token_accuracy': 0.7707426980137825, 'epoch': 2.19}
{'loss': 0.8143, 'grad_norm': 2.276268243789673, 'learning_rate': 5.514617976306924e-06, 'num_tokens': 188716070.0, 'mean_token_accuracy': 0.7748464874923229, 'epoch': 2.2}
{'loss': 0.8282, 'grad_norm': 2.3667690753936768, 'learning_rate': 5.4928812085642866e-06, 'num_tokens': 189018558.0, 'mean_token_accuracy': 0.7788012862205506, 'epoch': 2.2}
{'loss': 0.8404, 'grad_norm': 3.1290595531463623, 'learning_rate': 5.471144440821651e-06, 'num_tokens': 189271398.0, 'mean_token_accuracy': 0.7747021526098251, 'epoch': 2.2}
{'loss': 0.8821, 'grad_norm': 2.967111825942993, 'learning_rate': 5.449407673079014e-06, 'num_tokens': 189525656.0, 'mean_token_accuracy': 0.7596826918423176, 'epoch': 2.21}
{'loss': 0.7921, 'grad_norm': 4.754968166351318, 'learning_rate': 5.4276709053363775e-06, 'num_tokens': 189810271.0, 'mean_token_accuracy': 0.7865900680422783, 'epoch': 2.21}
{'loss': 0.8457, 'grad_norm': 2.091033935546875, 'learning_rate': 5.40593413759374e-06, 'num_tokens': 190077698.0, 'mean_token_accuracy': 0.7653729759156704, 'epoch': 2.21}
{'loss': 0.9079, 'grad_norm': 2.9416205883026123, 'learning_rate': 5.384197369851104e-06, 'num_tokens': 190343672.0, 'mean_token_accuracy': 0.7583407163619995, 'epoch': 2.22}
{'loss': 0.9066, 'grad_norm': 2.752697467803955, 'learning_rate': 5.362460602108467e-06, 'num_tokens': 190610488.0, 'mean_token_accuracy': 0.7523607596755028, 'epoch': 2.22}
{'loss': 0.7774, 'grad_norm': 2.5623645782470703, 'learning_rate': 5.34072383436583e-06, 'num_tokens': 190921849.0, 'mean_token_accuracy': 0.7805357657372951, 'epoch': 2.22}
{'loss': 0.8599, 'grad_norm': 2.2241365909576416, 'learning_rate': 5.318987066623193e-06, 'num_tokens': 191203430.0, 'mean_token_accuracy': 0.7615233503282071, 'epoch': 2.23}
{'loss': 0.86, 'grad_norm': 2.2363603115081787, 'learning_rate': 5.297250298880558e-06, 'num_tokens': 191479315.0, 'mean_token_accuracy': 0.760340330004692, 'epoch': 2.23}
{'loss': 0.8629, 'grad_norm': 2.673311233520508, 'learning_rate': 5.2755135311379205e-06, 'num_tokens': 191742812.0, 'mean_token_accuracy': 0.767596822977066, 'epoch': 2.23}
{'loss': 0.8715, 'grad_norm': 2.9090075492858887, 'learning_rate': 5.253776763395284e-06, 'num_tokens': 191984028.0, 'mean_token_accuracy': 0.7624236352741718, 'epoch': 2.24}
{'loss': 0.8976, 'grad_norm': 2.8592047691345215, 'learning_rate': 5.232039995652647e-06, 'num_tokens': 192237490.0, 'mean_token_accuracy': 0.7610830798745155, 'epoch': 2.24}
{'loss': 0.8396, 'grad_norm': 2.1527912616729736, 'learning_rate': 5.2103032279100106e-06, 'num_tokens': 192495205.0, 'mean_token_accuracy': 0.7734118901193142, 'epoch': 2.24}
{'loss': 0.8406, 'grad_norm': 2.3805856704711914, 'learning_rate': 5.188566460167373e-06, 'num_tokens': 192785176.0, 'mean_token_accuracy': 0.7744873881340026, 'epoch': 2.25}
{'loss': 0.8198, 'grad_norm': 2.541663408279419, 'learning_rate': 5.166829692424736e-06, 'num_tokens': 193037789.0, 'mean_token_accuracy': 0.7747043959796429, 'epoch': 2.25}
{'loss': 0.7782, 'grad_norm': 2.919924736022949, 'learning_rate': 5.1450929246821e-06, 'num_tokens': 193304374.0, 'mean_token_accuracy': 0.777054925262928, 'epoch': 2.25}
{'loss': 0.8359, 'grad_norm': 2.5916616916656494, 'learning_rate': 5.123356156939463e-06, 'num_tokens': 193596597.0, 'mean_token_accuracy': 0.7769233047962188, 'epoch': 2.25}
{'loss': 0.8175, 'grad_norm': 2.1115336418151855, 'learning_rate': 5.101619389196827e-06, 'num_tokens': 193883587.0, 'mean_token_accuracy': 0.7741693273186684, 'epoch': 2.26}
{'loss': 0.8454, 'grad_norm': 1.9833507537841797, 'learning_rate': 5.07988262145419e-06, 'num_tokens': 194158184.0, 'mean_token_accuracy': 0.7650732100009918, 'epoch': 2.26}
{'loss': 0.8492, 'grad_norm': 2.8957018852233887, 'learning_rate': 5.0581458537115535e-06, 'num_tokens': 194398687.0, 'mean_token_accuracy': 0.7736970126628876, 'epoch': 2.26}
{'loss': 0.7808, 'grad_norm': 2.661100149154663, 'learning_rate': 5.036409085968916e-06, 'num_tokens': 194662241.0, 'mean_token_accuracy': 0.7778728976845741, 'epoch': 2.27}
{'loss': 0.8112, 'grad_norm': 3.1686060428619385, 'learning_rate': 5.01467231822628e-06, 'num_tokens': 194938542.0, 'mean_token_accuracy': 0.7661246553063392, 'epoch': 2.27}
{'loss': 0.8459, 'grad_norm': 2.115875720977783, 'learning_rate': 4.992935550483644e-06, 'num_tokens': 195214350.0, 'mean_token_accuracy': 0.7683054290711879, 'epoch': 2.27}
{'loss': 0.8162, 'grad_norm': 2.338599920272827, 'learning_rate': 4.971198782741007e-06, 'num_tokens': 195486189.0, 'mean_token_accuracy': 0.778218126296997, 'epoch': 2.28}
{'loss': 0.8204, 'grad_norm': 2.079625129699707, 'learning_rate': 4.94946201499837e-06, 'num_tokens': 195775691.0, 'mean_token_accuracy': 0.7740813784301281, 'epoch': 2.28}
{'loss': 0.8203, 'grad_norm': 2.7062509059906006, 'learning_rate': 4.927725247255734e-06, 'num_tokens': 196083965.0, 'mean_token_accuracy': 0.7732767976820469, 'epoch': 2.28}
{'loss': 0.848, 'grad_norm': 2.3328776359558105, 'learning_rate': 4.9059884795130965e-06, 'num_tokens': 196357873.0, 'mean_token_accuracy': 0.7681646518409252, 'epoch': 2.29}
{'loss': 0.8043, 'grad_norm': 2.3866324424743652, 'learning_rate': 4.88425171177046e-06, 'num_tokens': 196626509.0, 'mean_token_accuracy': 0.7827710464596749, 'epoch': 2.29}
{'loss': 0.8185, 'grad_norm': 2.973665237426758, 'learning_rate': 4.862514944027824e-06, 'num_tokens': 196906437.0, 'mean_token_accuracy': 0.7738637633621692, 'epoch': 2.29}
{'loss': 0.8484, 'grad_norm': 3.343964099884033, 'learning_rate': 4.840778176285187e-06, 'num_tokens': 197196242.0, 'mean_token_accuracy': 0.770621981471777, 'epoch': 2.3}
{'loss': 0.7961, 'grad_norm': 2.3968775272369385, 'learning_rate': 4.81904140854255e-06, 'num_tokens': 197461685.0, 'mean_token_accuracy': 0.7730423495173454, 'epoch': 2.3}
{'loss': 0.7749, 'grad_norm': 2.7304587364196777, 'learning_rate': 4.797304640799914e-06, 'num_tokens': 197748817.0, 'mean_token_accuracy': 0.7903362661600113, 'epoch': 2.3}
{'loss': 0.8266, 'grad_norm': 2.97585391998291, 'learning_rate': 4.775567873057277e-06, 'num_tokens': 197989587.0, 'mean_token_accuracy': 0.7712467022240161, 'epoch': 2.31}
{'loss': 0.8916, 'grad_norm': 2.1061930656433105, 'learning_rate': 4.75383110531464e-06, 'num_tokens': 198265804.0, 'mean_token_accuracy': 0.7642650105059147, 'epoch': 2.31}
{'loss': 0.8255, 'grad_norm': 2.2460103034973145, 'learning_rate': 4.732094337572003e-06, 'num_tokens': 198551028.0, 'mean_token_accuracy': 0.772665236890316, 'epoch': 2.31}
{'loss': 0.8174, 'grad_norm': 2.635964870452881, 'learning_rate': 4.710357569829367e-06, 'num_tokens': 198816849.0, 'mean_token_accuracy': 0.7758144915103913, 'epoch': 2.31}
{'loss': 0.8746, 'grad_norm': 3.484088897705078, 'learning_rate': 4.68862080208673e-06, 'num_tokens': 199052379.0, 'mean_token_accuracy': 0.770131628215313, 'epoch': 2.32}
{'loss': 0.8035, 'grad_norm': 2.8270139694213867, 'learning_rate': 4.666884034344093e-06, 'num_tokens': 199340334.0, 'mean_token_accuracy': 0.7708502188324928, 'epoch': 2.32}
{'loss': 0.8596, 'grad_norm': 3.401015043258667, 'learning_rate': 4.645147266601457e-06, 'num_tokens': 199589155.0, 'mean_token_accuracy': 0.7676757760345936, 'epoch': 2.32}
{'loss': 0.8528, 'grad_norm': 2.478726387023926, 'learning_rate': 4.6234104988588205e-06, 'num_tokens': 199876288.0, 'mean_token_accuracy': 0.7681200236082077, 'epoch': 2.33}
{'loss': 0.8342, 'grad_norm': 2.4402129650115967, 'learning_rate': 4.601673731116183e-06, 'num_tokens': 200149322.0, 'mean_token_accuracy': 0.7737214460968971, 'epoch': 2.33}
{'loss': 0.791, 'grad_norm': 2.6435892581939697, 'learning_rate': 4.579936963373547e-06, 'num_tokens': 200430131.0, 'mean_token_accuracy': 0.7802459217607975, 'epoch': 2.33}
{'loss': 0.8363, 'grad_norm': 2.5559041500091553, 'learning_rate': 4.558200195630911e-06, 'num_tokens': 200702817.0, 'mean_token_accuracy': 0.7720188155770302, 'epoch': 2.34}
{'loss': 0.7981, 'grad_norm': 2.605865955352783, 'learning_rate': 4.536463427888273e-06, 'num_tokens': 200992948.0, 'mean_token_accuracy': 0.7800890587270259, 'epoch': 2.34}
{'loss': 0.7981, 'grad_norm': 2.8106894493103027, 'learning_rate': 4.514726660145637e-06, 'num_tokens': 201269684.0, 'mean_token_accuracy': 0.779481703788042, 'epoch': 2.34}
{'loss': 0.8416, 'grad_norm': 2.813211679458618, 'learning_rate': 4.492989892403e-06, 'num_tokens': 201549633.0, 'mean_token_accuracy': 0.7682355552911758, 'epoch': 2.35}
{'loss': 0.9687, 'grad_norm': 3.2283480167388916, 'learning_rate': 4.4712531246603635e-06, 'num_tokens': 201800860.0, 'mean_token_accuracy': 0.7532388873398304, 'epoch': 2.35}
{'loss': 0.858, 'grad_norm': 2.058523178100586, 'learning_rate': 4.449516356917727e-06, 'num_tokens': 202088195.0, 'mean_token_accuracy': 0.7663624554872512, 'epoch': 2.35}
{'loss': 0.8232, 'grad_norm': 2.2136788368225098, 'learning_rate': 4.42777958917509e-06, 'num_tokens': 202365792.0, 'mean_token_accuracy': 0.7731258101761341, 'epoch': 2.36}
{'loss': 0.8576, 'grad_norm': 3.0574536323547363, 'learning_rate': 4.4060428214324536e-06, 'num_tokens': 202653787.0, 'mean_token_accuracy': 0.7635349877178669, 'epoch': 2.36}
{'loss': 0.839, 'grad_norm': 2.0799596309661865, 'learning_rate': 4.384306053689817e-06, 'num_tokens': 202927297.0, 'mean_token_accuracy': 0.768278181552887, 'epoch': 2.36}
{'loss': 0.9088, 'grad_norm': 3.0716395378112793, 'learning_rate': 4.36256928594718e-06, 'num_tokens': 203176117.0, 'mean_token_accuracy': 0.7579011544585228, 'epoch': 2.37}
{'loss': 0.8403, 'grad_norm': 2.5047266483306885, 'learning_rate': 4.340832518204544e-06, 'num_tokens': 203484725.0, 'mean_token_accuracy': 0.7742165565490723, 'epoch': 2.37}
{'loss': 0.7363, 'grad_norm': 2.4930832386016846, 'learning_rate': 4.319095750461907e-06, 'num_tokens': 203764863.0, 'mean_token_accuracy': 0.7885231494903564, 'epoch': 2.37}
{'loss': 0.7872, 'grad_norm': 2.089839458465576, 'learning_rate': 4.29735898271927e-06, 'num_tokens': 204048779.0, 'mean_token_accuracy': 0.7801829613745213, 'epoch': 2.38}
{'loss': 0.8287, 'grad_norm': 2.11068058013916, 'learning_rate': 4.275622214976634e-06, 'num_tokens': 204358788.0, 'mean_token_accuracy': 0.7760025940835475, 'epoch': 2.38}
{'loss': 0.809, 'grad_norm': 2.1604654788970947, 'learning_rate': 4.2538854472339965e-06, 'num_tokens': 204649156.0, 'mean_token_accuracy': 0.7717193230986595, 'epoch': 2.38}
{'loss': 0.7964, 'grad_norm': 2.572507381439209, 'learning_rate': 4.23214867949136e-06, 'num_tokens': 204936829.0, 'mean_token_accuracy': 0.7772185362875461, 'epoch': 2.38}
{'loss': 0.8667, 'grad_norm': 3.2561910152435303, 'learning_rate': 4.210411911748724e-06, 'num_tokens': 205257114.0, 'mean_token_accuracy': 0.759333324432373, 'epoch': 2.39}
{'loss': 0.8618, 'grad_norm': 2.916505813598633, 'learning_rate': 4.188675144006087e-06, 'num_tokens': 205542762.0, 'mean_token_accuracy': 0.76544618755579, 'epoch': 2.39}
{'loss': 0.8543, 'grad_norm': 2.152791976928711, 'learning_rate': 4.16693837626345e-06, 'num_tokens': 205828974.0, 'mean_token_accuracy': 0.7719520837068558, 'epoch': 2.39}
{'loss': 0.8501, 'grad_norm': 2.1821818351745605, 'learning_rate': 4.145201608520814e-06, 'num_tokens': 206106199.0, 'mean_token_accuracy': 0.7704903230071067, 'epoch': 2.4}
{'loss': 0.8994, 'grad_norm': 2.1396265029907227, 'learning_rate': 4.123464840778177e-06, 'num_tokens': 206381338.0, 'mean_token_accuracy': 0.7604502938687802, 'epoch': 2.4}
{'loss': 0.7874, 'grad_norm': 2.471843719482422, 'learning_rate': 4.10172807303554e-06, 'num_tokens': 206639328.0, 'mean_token_accuracy': 0.7777971491217613, 'epoch': 2.4}
{'loss': 0.8396, 'grad_norm': 2.6377692222595215, 'learning_rate': 4.079991305292903e-06, 'num_tokens': 206912752.0, 'mean_token_accuracy': 0.7793904565274715, 'epoch': 2.41}
{'loss': 0.9288, 'grad_norm': 2.581231117248535, 'learning_rate': 4.058254537550267e-06, 'num_tokens': 207176654.0, 'mean_token_accuracy': 0.7646799236536026, 'epoch': 2.41}
{'loss': 0.822, 'grad_norm': 3.4502718448638916, 'learning_rate': 4.03651776980763e-06, 'num_tokens': 207449810.0, 'mean_token_accuracy': 0.7819852337241173, 'epoch': 2.41}
{'loss': 0.8978, 'grad_norm': 2.4523844718933105, 'learning_rate': 4.014781002064993e-06, 'num_tokens': 207702056.0, 'mean_token_accuracy': 0.7645153746008873, 'epoch': 2.42}
{'loss': 0.8333, 'grad_norm': 2.4316508769989014, 'learning_rate': 3.993044234322356e-06, 'num_tokens': 207981715.0, 'mean_token_accuracy': 0.7796233214437962, 'epoch': 2.42}
{'loss': 0.8839, 'grad_norm': 2.422853708267212, 'learning_rate': 3.97130746657972e-06, 'num_tokens': 208258291.0, 'mean_token_accuracy': 0.7680698744952679, 'epoch': 2.42}
{'loss': 0.819, 'grad_norm': 1.931545376777649, 'learning_rate': 3.949570698837083e-06, 'num_tokens': 208543499.0, 'mean_token_accuracy': 0.7727815769612789, 'epoch': 2.43}
{'loss': 0.8674, 'grad_norm': 2.321906089782715, 'learning_rate': 3.927833931094446e-06, 'num_tokens': 208825013.0, 'mean_token_accuracy': 0.7598032772541046, 'epoch': 2.43}
{'loss': 0.7954, 'grad_norm': 2.1336050033569336, 'learning_rate': 3.90609716335181e-06, 'num_tokens': 209112468.0, 'mean_token_accuracy': 0.7795968823134899, 'epoch': 2.43}
{'loss': 0.8068, 'grad_norm': 2.1721315383911133, 'learning_rate': 3.884360395609173e-06, 'num_tokens': 209381978.0, 'mean_token_accuracy': 0.7827687680721283, 'epoch': 2.44}
{'loss': 0.8153, 'grad_norm': 2.5248939990997314, 'learning_rate': 3.862623627866536e-06, 'num_tokens': 209640131.0, 'mean_token_accuracy': 0.774588992446661, 'epoch': 2.44}
{'loss': 0.9109, 'grad_norm': 2.6117398738861084, 'learning_rate': 3.8408868601239e-06, 'num_tokens': 209898535.0, 'mean_token_accuracy': 0.7636938381940126, 'epoch': 2.44}
{'loss': 0.8261, 'grad_norm': 3.3970468044281006, 'learning_rate': 3.819150092381263e-06, 'num_tokens': 210206614.0, 'mean_token_accuracy': 0.7760201066732406, 'epoch': 2.44}
{'loss': 0.8674, 'grad_norm': 4.019858360290527, 'learning_rate': 3.7974133246386263e-06, 'num_tokens': 210463417.0, 'mean_token_accuracy': 0.7706299223005771, 'epoch': 2.45}
{'loss': 0.8222, 'grad_norm': 3.6032304763793945, 'learning_rate': 3.7756765568959895e-06, 'num_tokens': 210702726.0, 'mean_token_accuracy': 0.7631879389286041, 'epoch': 2.45}
{'loss': 0.8295, 'grad_norm': 2.461660623550415, 'learning_rate': 3.753939789153353e-06, 'num_tokens': 210970944.0, 'mean_token_accuracy': 0.7770861580967903, 'epoch': 2.45}
{'loss': 0.8846, 'grad_norm': 2.1122260093688965, 'learning_rate': 3.7322030214107164e-06, 'num_tokens': 211244082.0, 'mean_token_accuracy': 0.7629132203757762, 'epoch': 2.46}
{'loss': 0.7813, 'grad_norm': 2.901259422302246, 'learning_rate': 3.7104662536680796e-06, 'num_tokens': 211512237.0, 'mean_token_accuracy': 0.7780702188611031, 'epoch': 2.46}
{'loss': 0.8369, 'grad_norm': 3.176469087600708, 'learning_rate': 3.688729485925443e-06, 'num_tokens': 211779079.0, 'mean_token_accuracy': 0.7754744827747345, 'epoch': 2.46}
{'loss': 0.8198, 'grad_norm': 1.980692982673645, 'learning_rate': 3.6669927181828065e-06, 'num_tokens': 212079551.0, 'mean_token_accuracy': 0.7757511891424655, 'epoch': 2.47}
{'loss': 0.8968, 'grad_norm': 3.6009488105773926, 'learning_rate': 3.6452559504401697e-06, 'num_tokens': 212347778.0, 'mean_token_accuracy': 0.7664620541036129, 'epoch': 2.47}
{'loss': 0.7884, 'grad_norm': 2.5839459896087646, 'learning_rate': 3.623519182697533e-06, 'num_tokens': 212621383.0, 'mean_token_accuracy': 0.7839419193565845, 'epoch': 2.47}
{'loss': 0.8003, 'grad_norm': 1.7194055318832397, 'learning_rate': 3.601782414954896e-06, 'num_tokens': 212897719.0, 'mean_token_accuracy': 0.7709263421595096, 'epoch': 2.48}
{'loss': 0.8619, 'grad_norm': 2.490638494491577, 'learning_rate': 3.58004564721226e-06, 'num_tokens': 213163195.0, 'mean_token_accuracy': 0.7630817487835884, 'epoch': 2.48}
{'loss': 0.8416, 'grad_norm': 2.209977626800537, 'learning_rate': 3.558308879469623e-06, 'num_tokens': 213434896.0, 'mean_token_accuracy': 0.7831115871667862, 'epoch': 2.48}
{'loss': 0.8585, 'grad_norm': 2.8630969524383545, 'learning_rate': 3.5365721117269862e-06, 'num_tokens': 213686353.0, 'mean_token_accuracy': 0.7701601311564445, 'epoch': 2.49}
{'loss': 0.8552, 'grad_norm': 2.3764336109161377, 'learning_rate': 3.5148353439843495e-06, 'num_tokens': 213934425.0, 'mean_token_accuracy': 0.7662356816232204, 'epoch': 2.49}
{'loss': 0.8774, 'grad_norm': 3.1004254817962646, 'learning_rate': 3.493098576241713e-06, 'num_tokens': 214203973.0, 'mean_token_accuracy': 0.7684243462979794, 'epoch': 2.49}
{'loss': 0.8736, 'grad_norm': 2.195462465286255, 'learning_rate': 3.4713618084990763e-06, 'num_tokens': 214555153.0, 'mean_token_accuracy': 0.7668474853038788, 'epoch': 2.5}
{'loss': 0.8504, 'grad_norm': 3.0541045665740967, 'learning_rate': 3.4496250407564396e-06, 'num_tokens': 214804887.0, 'mean_token_accuracy': 0.7764505408704281, 'epoch': 2.5}
{'loss': 0.8615, 'grad_norm': 2.878068208694458, 'learning_rate': 3.427888273013803e-06, 'num_tokens': 215048045.0, 'mean_token_accuracy': 0.7677263751626014, 'epoch': 2.5}
{'loss': 0.9113, 'grad_norm': 2.8997066020965576, 'learning_rate': 3.4061515052711664e-06, 'num_tokens': 215305127.0, 'mean_token_accuracy': 0.7623972438275815, 'epoch': 2.5}
{'loss': 0.7858, 'grad_norm': 3.2169530391693115, 'learning_rate': 3.3844147375285296e-06, 'num_tokens': 215554793.0, 'mean_token_accuracy': 0.7795657645910978, 'epoch': 2.51}
{'loss': 0.9275, 'grad_norm': 2.148486375808716, 'learning_rate': 3.362677969785893e-06, 'num_tokens': 215816555.0, 'mean_token_accuracy': 0.758012181520462, 'epoch': 2.51}
{'loss': 0.8265, 'grad_norm': 2.248224973678589, 'learning_rate': 3.3409412020432565e-06, 'num_tokens': 216086262.0, 'mean_token_accuracy': 0.7749803312122822, 'epoch': 2.51}
{'loss': 0.8325, 'grad_norm': 2.715998649597168, 'learning_rate': 3.3192044343006197e-06, 'num_tokens': 216348125.0, 'mean_token_accuracy': 0.7632613062858582, 'epoch': 2.52}
{'loss': 0.8626, 'grad_norm': 2.8357925415039062, 'learning_rate': 3.297467666557983e-06, 'num_tokens': 216617871.0, 'mean_token_accuracy': 0.7669934630393982, 'epoch': 2.52}
{'loss': 0.8016, 'grad_norm': 2.2923226356506348, 'learning_rate': 3.275730898815346e-06, 'num_tokens': 216879704.0, 'mean_token_accuracy': 0.7785891443490982, 'epoch': 2.52}
{'loss': 0.8356, 'grad_norm': 2.1940956115722656, 'learning_rate': 3.25399413107271e-06, 'num_tokens': 217142950.0, 'mean_token_accuracy': 0.7802181746810675, 'epoch': 2.53}
{'loss': 0.8364, 'grad_norm': 2.9661612510681152, 'learning_rate': 3.232257363330073e-06, 'num_tokens': 217414533.0, 'mean_token_accuracy': 0.7681407541036606, 'epoch': 2.53}
{'loss': 0.8453, 'grad_norm': 2.483600616455078, 'learning_rate': 3.2105205955874363e-06, 'num_tokens': 217696503.0, 'mean_token_accuracy': 0.772958641499281, 'epoch': 2.53}
{'loss': 0.8241, 'grad_norm': 2.8284499645233154, 'learning_rate': 3.1887838278447995e-06, 'num_tokens': 217971987.0, 'mean_token_accuracy': 0.7781170986592769, 'epoch': 2.54}
{'loss': 0.7696, 'grad_norm': 2.5616819858551025, 'learning_rate': 3.167047060102163e-06, 'num_tokens': 218261655.0, 'mean_token_accuracy': 0.790477342903614, 'epoch': 2.54}
{'loss': 0.8119, 'grad_norm': 2.8264455795288086, 'learning_rate': 3.1453102923595264e-06, 'num_tokens': 218569228.0, 'mean_token_accuracy': 0.7723858051002026, 'epoch': 2.54}
{'loss': 0.8498, 'grad_norm': 2.7309701442718506, 'learning_rate': 3.1235735246168896e-06, 'num_tokens': 218821129.0, 'mean_token_accuracy': 0.7748048506677151, 'epoch': 2.55}
{'loss': 0.8513, 'grad_norm': 2.26467227935791, 'learning_rate': 3.101836756874253e-06, 'num_tokens': 219119242.0, 'mean_token_accuracy': 0.7681196697056294, 'epoch': 2.55}
{'loss': 0.8336, 'grad_norm': 3.3084542751312256, 'learning_rate': 3.0800999891316164e-06, 'num_tokens': 219387606.0, 'mean_token_accuracy': 0.772296492010355, 'epoch': 2.55}
{'loss': 0.819, 'grad_norm': 3.2663257122039795, 'learning_rate': 3.0583632213889797e-06, 'num_tokens': 219645215.0, 'mean_token_accuracy': 0.7743584781885147, 'epoch': 2.56}
{'loss': 0.8022, 'grad_norm': 2.352818250656128, 'learning_rate': 3.036626453646343e-06, 'num_tokens': 219901723.0, 'mean_token_accuracy': 0.7723123498260975, 'epoch': 2.56}
{'loss': 0.8223, 'grad_norm': 2.504596471786499, 'learning_rate': 3.0148896859037065e-06, 'num_tokens': 220200741.0, 'mean_token_accuracy': 0.7763615682721138, 'epoch': 2.56}
{'loss': 0.8142, 'grad_norm': 2.5896897315979004, 'learning_rate': 2.9931529181610698e-06, 'num_tokens': 220470356.0, 'mean_token_accuracy': 0.7782390527427197, 'epoch': 2.56}
{'loss': 0.8364, 'grad_norm': 2.3961057662963867, 'learning_rate': 2.971416150418433e-06, 'num_tokens': 220742330.0, 'mean_token_accuracy': 0.7776578582823277, 'epoch': 2.57}
{'loss': 0.8423, 'grad_norm': 2.8837649822235107, 'learning_rate': 2.949679382675796e-06, 'num_tokens': 221030013.0, 'mean_token_accuracy': 0.7705127075314522, 'epoch': 2.57}
{'loss': 0.8097, 'grad_norm': 3.0278215408325195, 'learning_rate': 2.92794261493316e-06, 'num_tokens': 221306068.0, 'mean_token_accuracy': 0.7775547973811626, 'epoch': 2.57}
{'loss': 0.827, 'grad_norm': 2.90474534034729, 'learning_rate': 2.906205847190523e-06, 'num_tokens': 221597849.0, 'mean_token_accuracy': 0.777424193173647, 'epoch': 2.58}
{'loss': 0.7901, 'grad_norm': 2.842531681060791, 'learning_rate': 2.8844690794478863e-06, 'num_tokens': 221873859.0, 'mean_token_accuracy': 0.7822149947285653, 'epoch': 2.58}
{'loss': 0.8602, 'grad_norm': 2.4353158473968506, 'learning_rate': 2.8627323117052495e-06, 'num_tokens': 222159472.0, 'mean_token_accuracy': 0.765497287362814, 'epoch': 2.58}
{'loss': 0.8411, 'grad_norm': 3.0420594215393066, 'learning_rate': 2.840995543962613e-06, 'num_tokens': 222452219.0, 'mean_token_accuracy': 0.7738753959536553, 'epoch': 2.59}
{'loss': 0.8382, 'grad_norm': 2.5235676765441895, 'learning_rate': 2.8192587762199764e-06, 'num_tokens': 222743634.0, 'mean_token_accuracy': 0.7690179608762264, 'epoch': 2.59}
{'loss': 0.8139, 'grad_norm': 2.7994589805603027, 'learning_rate': 2.7975220084773396e-06, 'num_tokens': 223016993.0, 'mean_token_accuracy': 0.7833381168544292, 'epoch': 2.59}
{'loss': 0.8062, 'grad_norm': 2.4269559383392334, 'learning_rate': 2.775785240734703e-06, 'num_tokens': 223334611.0, 'mean_token_accuracy': 0.7884309306740761, 'epoch': 2.6}
{'loss': 0.8154, 'grad_norm': 2.240017890930176, 'learning_rate': 2.7540484729920665e-06, 'num_tokens': 223596361.0, 'mean_token_accuracy': 0.780940406024456, 'epoch': 2.6}
{'loss': 0.7992, 'grad_norm': 2.6418423652648926, 'learning_rate': 2.7323117052494297e-06, 'num_tokens': 223872325.0, 'mean_token_accuracy': 0.7789485156536102, 'epoch': 2.6}
{'loss': 0.8512, 'grad_norm': 3.7036001682281494, 'learning_rate': 2.710574937506793e-06, 'num_tokens': 224137653.0, 'mean_token_accuracy': 0.7773897733539343, 'epoch': 2.61}
{'loss': 0.7665, 'grad_norm': 2.2897322177886963, 'learning_rate': 2.6888381697641566e-06, 'num_tokens': 224424125.0, 'mean_token_accuracy': 0.780711030960083, 'epoch': 2.61}
{'loss': 0.8335, 'grad_norm': 2.230116844177246, 'learning_rate': 2.6671014020215198e-06, 'num_tokens': 224683946.0, 'mean_token_accuracy': 0.7778960283845663, 'epoch': 2.61}
{'loss': 0.7953, 'grad_norm': 2.368938684463501, 'learning_rate': 2.645364634278883e-06, 'num_tokens': 224965571.0, 'mean_token_accuracy': 0.7808469764888286, 'epoch': 2.62}
{'loss': 0.832, 'grad_norm': 2.1748173236846924, 'learning_rate': 2.6236278665362462e-06, 'num_tokens': 225243561.0, 'mean_token_accuracy': 0.7833452843129635, 'epoch': 2.62}
{'loss': 0.8889, 'grad_norm': 2.518355131149292, 'learning_rate': 2.60189109879361e-06, 'num_tokens': 225519232.0, 'mean_token_accuracy': 0.7641823627054691, 'epoch': 2.62}
{'loss': 0.8636, 'grad_norm': 2.1527669429779053, 'learning_rate': 2.580154331050973e-06, 'num_tokens': 225791050.0, 'mean_token_accuracy': 0.7657372951507568, 'epoch': 2.62}
{'loss': 0.8094, 'grad_norm': 2.7859714031219482, 'learning_rate': 2.5584175633083363e-06, 'num_tokens': 226058299.0, 'mean_token_accuracy': 0.7752492673695087, 'epoch': 2.63}
{'loss': 0.8903, 'grad_norm': 2.568979501724243, 'learning_rate': 2.5366807955656995e-06, 'num_tokens': 226362630.0, 'mean_token_accuracy': 0.769112391024828, 'epoch': 2.63}
{'loss': 0.835, 'grad_norm': 2.659237861633301, 'learning_rate': 2.514944027823063e-06, 'num_tokens': 226638160.0, 'mean_token_accuracy': 0.7763714700937271, 'epoch': 2.63}
{'loss': 0.7456, 'grad_norm': 2.455782651901245, 'learning_rate': 2.4932072600804264e-06, 'num_tokens': 226919069.0, 'mean_token_accuracy': 0.7925212226808072, 'epoch': 2.64}
{'loss': 0.8228, 'grad_norm': 2.590865135192871, 'learning_rate': 2.4714704923377896e-06, 'num_tokens': 227201741.0, 'mean_token_accuracy': 0.7721881404519081, 'epoch': 2.64}
{'loss': 0.764, 'grad_norm': 2.3957479000091553, 'learning_rate': 2.449733724595153e-06, 'num_tokens': 227466632.0, 'mean_token_accuracy': 0.7783840201795101, 'epoch': 2.64}
{'loss': 0.7956, 'grad_norm': 1.8672733306884766, 'learning_rate': 2.4279969568525165e-06, 'num_tokens': 227778917.0, 'mean_token_accuracy': 0.7744826816022397, 'epoch': 2.65}
{'loss': 0.8279, 'grad_norm': 2.187077522277832, 'learning_rate': 2.4062601891098797e-06, 'num_tokens': 228031327.0, 'mean_token_accuracy': 0.7711866088211536, 'epoch': 2.65}
{'loss': 0.7964, 'grad_norm': 2.882643461227417, 'learning_rate': 2.384523421367243e-06, 'num_tokens': 228285069.0, 'mean_token_accuracy': 0.7819510564208031, 'epoch': 2.65}
{'loss': 0.8625, 'grad_norm': 3.0336647033691406, 'learning_rate': 2.362786653624606e-06, 'num_tokens': 228551256.0, 'mean_token_accuracy': 0.7706881314516068, 'epoch': 2.66}
{'loss': 0.8621, 'grad_norm': 2.812296152114868, 'learning_rate': 2.3410498858819694e-06, 'num_tokens': 228798015.0, 'mean_token_accuracy': 0.7693338699638843, 'epoch': 2.66}
{'loss': 0.8302, 'grad_norm': 3.1545755863189697, 'learning_rate': 2.3193131181393326e-06, 'num_tokens': 229085745.0, 'mean_token_accuracy': 0.775629024207592, 'epoch': 2.66}
{'loss': 0.7921, 'grad_norm': 2.309461832046509, 'learning_rate': 2.2975763503966962e-06, 'num_tokens': 229350402.0, 'mean_token_accuracy': 0.7834256462752819, 'epoch': 2.67}
{'loss': 0.7946, 'grad_norm': 2.7821969985961914, 'learning_rate': 2.2758395826540595e-06, 'num_tokens': 229661768.0, 'mean_token_accuracy': 0.7797413878142834, 'epoch': 2.67}
{'loss': 0.8303, 'grad_norm': 2.500290870666504, 'learning_rate': 2.2541028149114227e-06, 'num_tokens': 229924198.0, 'mean_token_accuracy': 0.7740965098142624, 'epoch': 2.67}
{'loss': 0.9103, 'grad_norm': 3.7999138832092285, 'learning_rate': 2.232366047168786e-06, 'num_tokens': 230186779.0, 'mean_token_accuracy': 0.7658854223787784, 'epoch': 2.68}
{'loss': 0.7971, 'grad_norm': 2.460090398788452, 'learning_rate': 2.2106292794261495e-06, 'num_tokens': 230454482.0, 'mean_token_accuracy': 0.7892179690301419, 'epoch': 2.68}
{'loss': 0.8391, 'grad_norm': 2.0484261512756348, 'learning_rate': 2.1888925116835128e-06, 'num_tokens': 230707854.0, 'mean_token_accuracy': 0.7781359046697617, 'epoch': 2.68}
{'loss': 0.7779, 'grad_norm': 2.47782039642334, 'learning_rate': 2.167155743940876e-06, 'num_tokens': 231009353.0, 'mean_token_accuracy': 0.7798341073095798, 'epoch': 2.69}
{'loss': 0.8488, 'grad_norm': 2.409144163131714, 'learning_rate': 2.1454189761982392e-06, 'num_tokens': 231295490.0, 'mean_token_accuracy': 0.7754719696938992, 'epoch': 2.69}
{'loss': 0.8309, 'grad_norm': 2.7036685943603516, 'learning_rate': 2.123682208455603e-06, 'num_tokens': 231566048.0, 'mean_token_accuracy': 0.7728149428963661, 'epoch': 2.69}
{'loss': 0.8765, 'grad_norm': 2.694481611251831, 'learning_rate': 2.101945440712966e-06, 'num_tokens': 231837302.0, 'mean_token_accuracy': 0.7637844167649745, 'epoch': 2.69}
{'loss': 0.7779, 'grad_norm': 2.444878101348877, 'learning_rate': 2.0802086729703293e-06, 'num_tokens': 232092680.0, 'mean_token_accuracy': 0.7813064374029637, 'epoch': 2.7}
{'loss': 0.8062, 'grad_norm': 2.4198498725891113, 'learning_rate': 2.058471905227693e-06, 'num_tokens': 232364297.0, 'mean_token_accuracy': 0.7831905990839004, 'epoch': 2.7}
{'loss': 0.776, 'grad_norm': 2.425957679748535, 'learning_rate': 2.036735137485056e-06, 'num_tokens': 232634219.0, 'mean_token_accuracy': 0.7900779195129871, 'epoch': 2.7}
{'loss': 0.8483, 'grad_norm': 1.9916458129882812, 'learning_rate': 2.0149983697424194e-06, 'num_tokens': 232898120.0, 'mean_token_accuracy': 0.7702249079942703, 'epoch': 2.71}
{'loss': 0.7985, 'grad_norm': 3.733234167098999, 'learning_rate': 1.9932616019997826e-06, 'num_tokens': 233171592.0, 'mean_token_accuracy': 0.7812000267207623, 'epoch': 2.71}
{'loss': 0.8103, 'grad_norm': 2.7194857597351074, 'learning_rate': 1.9715248342571463e-06, 'num_tokens': 233454316.0, 'mean_token_accuracy': 0.7761698544025422, 'epoch': 2.71}
{'loss': 0.8708, 'grad_norm': 2.3892886638641357, 'learning_rate': 1.9497880665145095e-06, 'num_tokens': 233734239.0, 'mean_token_accuracy': 0.7617500100284815, 'epoch': 2.72}
{'loss': 0.8336, 'grad_norm': 3.1047286987304688, 'learning_rate': 1.9280512987718727e-06, 'num_tokens': 233997650.0, 'mean_token_accuracy': 0.7734778039157391, 'epoch': 2.72}
{'loss': 0.756, 'grad_norm': 2.821406602859497, 'learning_rate': 1.9063145310292361e-06, 'num_tokens': 234290662.0, 'mean_token_accuracy': 0.779631144553423, 'epoch': 2.72}
{'loss': 0.7334, 'grad_norm': 2.503282070159912, 'learning_rate': 1.8845777632865994e-06, 'num_tokens': 234550029.0, 'mean_token_accuracy': 0.790994568169117, 'epoch': 2.73}
{'loss': 0.8671, 'grad_norm': 2.8155481815338135, 'learning_rate': 1.8628409955439628e-06, 'num_tokens': 234833119.0, 'mean_token_accuracy': 0.7666972637176513, 'epoch': 2.73}
{'loss': 0.8509, 'grad_norm': 2.6470859050750732, 'learning_rate': 1.841104227801326e-06, 'num_tokens': 235111633.0, 'mean_token_accuracy': 0.7728528052568435, 'epoch': 2.73}
{'loss': 0.8471, 'grad_norm': 2.2754769325256348, 'learning_rate': 1.8193674600586894e-06, 'num_tokens': 235383003.0, 'mean_token_accuracy': 0.7647831611335277, 'epoch': 2.74}
{'loss': 0.8614, 'grad_norm': 2.9405465126037598, 'learning_rate': 1.7976306923160527e-06, 'num_tokens': 235626751.0, 'mean_token_accuracy': 0.7720956556499005, 'epoch': 2.74}
{'loss': 0.8624, 'grad_norm': 5.850186347961426, 'learning_rate': 1.775893924573416e-06, 'num_tokens': 235908023.0, 'mean_token_accuracy': 0.7669305250048637, 'epoch': 2.74}
{'loss': 0.7166, 'grad_norm': 3.0752110481262207, 'learning_rate': 1.7541571568307793e-06, 'num_tokens': 236194711.0, 'mean_token_accuracy': 0.7984635725617408, 'epoch': 2.75}
{'loss': 0.8695, 'grad_norm': 2.671004056930542, 'learning_rate': 1.7324203890881428e-06, 'num_tokens': 236454990.0, 'mean_token_accuracy': 0.7728675454854965, 'epoch': 2.75}
{'loss': 0.8681, 'grad_norm': 2.2793638706207275, 'learning_rate': 1.710683621345506e-06, 'num_tokens': 236719410.0, 'mean_token_accuracy': 0.7625235125422478, 'epoch': 2.75}
{'loss': 0.7821, 'grad_norm': 2.1986565589904785, 'learning_rate': 1.6889468536028694e-06, 'num_tokens': 236979912.0, 'mean_token_accuracy': 0.7833595462143421, 'epoch': 2.75}
{'loss': 0.8851, 'grad_norm': 3.351393938064575, 'learning_rate': 1.6672100858602328e-06, 'num_tokens': 237224213.0, 'mean_token_accuracy': 0.7654561348259449, 'epoch': 2.76}
{'loss': 0.8544, 'grad_norm': 3.6548659801483154, 'learning_rate': 1.645473318117596e-06, 'num_tokens': 237484528.0, 'mean_token_accuracy': 0.77530622407794, 'epoch': 2.76}
{'loss': 0.7963, 'grad_norm': 2.231083393096924, 'learning_rate': 1.6237365503749595e-06, 'num_tokens': 237770343.0, 'mean_token_accuracy': 0.7806618891656398, 'epoch': 2.76}
{'loss': 0.888, 'grad_norm': 2.8066999912261963, 'learning_rate': 1.6019997826323227e-06, 'num_tokens': 238037552.0, 'mean_token_accuracy': 0.7595700919628143, 'epoch': 2.77}
{'loss': 0.8417, 'grad_norm': 2.7523727416992188, 'learning_rate': 1.5802630148896862e-06, 'num_tokens': 238306818.0, 'mean_token_accuracy': 0.7718715757131577, 'epoch': 2.77}
{'loss': 0.7822, 'grad_norm': 2.2689361572265625, 'learning_rate': 1.5585262471470494e-06, 'num_tokens': 238588787.0, 'mean_token_accuracy': 0.7920810528099537, 'epoch': 2.77}
{'loss': 0.826, 'grad_norm': 2.890453815460205, 'learning_rate': 1.5367894794044128e-06, 'num_tokens': 238850185.0, 'mean_token_accuracy': 0.7849577322602272, 'epoch': 2.78}
{'loss': 0.8875, 'grad_norm': 2.5227789878845215, 'learning_rate': 1.515052711661776e-06, 'num_tokens': 239104598.0, 'mean_token_accuracy': 0.7659892924129963, 'epoch': 2.78}
{'loss': 0.9061, 'grad_norm': 2.442891836166382, 'learning_rate': 1.4933159439191395e-06, 'num_tokens': 239339106.0, 'mean_token_accuracy': 0.7640181973576545, 'epoch': 2.78}
{'loss': 0.811, 'grad_norm': 2.654729127883911, 'learning_rate': 1.4715791761765027e-06, 'num_tokens': 239596682.0, 'mean_token_accuracy': 0.7748702242970467, 'epoch': 2.79}
{'loss': 0.9114, 'grad_norm': 2.7122185230255127, 'learning_rate': 1.4498424084338661e-06, 'num_tokens': 239857439.0, 'mean_token_accuracy': 0.7596341699361802, 'epoch': 2.79}
{'loss': 0.8026, 'grad_norm': 2.987532615661621, 'learning_rate': 1.4281056406912293e-06, 'num_tokens': 240128708.0, 'mean_token_accuracy': 0.7797027178108692, 'epoch': 2.79}
{'loss': 0.8764, 'grad_norm': 2.2766647338867188, 'learning_rate': 1.4063688729485928e-06, 'num_tokens': 240387341.0, 'mean_token_accuracy': 0.7687591202557087, 'epoch': 2.8}
{'loss': 0.8103, 'grad_norm': 3.341806650161743, 'learning_rate': 1.384632105205956e-06, 'num_tokens': 240652018.0, 'mean_token_accuracy': 0.7841811046004296, 'epoch': 2.8}
{'loss': 0.7731, 'grad_norm': 2.3304121494293213, 'learning_rate': 1.3628953374633194e-06, 'num_tokens': 240917604.0, 'mean_token_accuracy': 0.7761118493974208, 'epoch': 2.8}
{'loss': 0.821, 'grad_norm': 2.1326053142547607, 'learning_rate': 1.3411585697206827e-06, 'num_tokens': 241178122.0, 'mean_token_accuracy': 0.7699757397174836, 'epoch': 2.81}
{'loss': 0.836, 'grad_norm': 2.6332976818084717, 'learning_rate': 1.319421801978046e-06, 'num_tokens': 241440310.0, 'mean_token_accuracy': 0.779313226044178, 'epoch': 2.81}
{'loss': 0.7998, 'grad_norm': 2.84291410446167, 'learning_rate': 1.2976850342354095e-06, 'num_tokens': 241681358.0, 'mean_token_accuracy': 0.7759505838155747, 'epoch': 2.81}
{'loss': 0.7967, 'grad_norm': 4.4505181312561035, 'learning_rate': 1.2759482664927727e-06, 'num_tokens': 241963866.0, 'mean_token_accuracy': 0.7826439023017884, 'epoch': 2.81}
{'loss': 0.8726, 'grad_norm': 2.741334915161133, 'learning_rate': 1.2542114987501362e-06, 'num_tokens': 242219400.0, 'mean_token_accuracy': 0.7693249151110649, 'epoch': 2.82}
{'loss': 0.8257, 'grad_norm': 2.812525510787964, 'learning_rate': 1.2324747310074992e-06, 'num_tokens': 242473540.0, 'mean_token_accuracy': 0.7746205508708954, 'epoch': 2.82}
{'loss': 0.8004, 'grad_norm': 2.62351655960083, 'learning_rate': 1.2107379632648626e-06, 'num_tokens': 242747405.0, 'mean_token_accuracy': 0.7811866752803326, 'epoch': 2.82}
{'loss': 0.8312, 'grad_norm': 1.9428249597549438, 'learning_rate': 1.189001195522226e-06, 'num_tokens': 243040838.0, 'mean_token_accuracy': 0.7738446690142154, 'epoch': 2.83}
{'loss': 0.8544, 'grad_norm': 2.715939998626709, 'learning_rate': 1.1672644277795893e-06, 'num_tokens': 243329676.0, 'mean_token_accuracy': 0.7738565750420093, 'epoch': 2.83}
{'loss': 0.7737, 'grad_norm': 2.934147596359253, 'learning_rate': 1.1455276600369527e-06, 'num_tokens': 243606031.0, 'mean_token_accuracy': 0.7931765146553517, 'epoch': 2.83}
{'loss': 0.7472, 'grad_norm': 2.679857015609741, 'learning_rate': 1.123790892294316e-06, 'num_tokens': 243908979.0, 'mean_token_accuracy': 0.796526501327753, 'epoch': 2.84}
{'loss': 0.8829, 'grad_norm': 2.0365231037139893, 'learning_rate': 1.1020541245516794e-06, 'num_tokens': 244158179.0, 'mean_token_accuracy': 0.7684885717928409, 'epoch': 2.84}
{'loss': 0.8198, 'grad_norm': 4.261629581451416, 'learning_rate': 1.0803173568090426e-06, 'num_tokens': 244447214.0, 'mean_token_accuracy': 0.7814206436276436, 'epoch': 2.84}
{'loss': 0.8624, 'grad_norm': 2.8040902614593506, 'learning_rate': 1.058580589066406e-06, 'num_tokens': 244722565.0, 'mean_token_accuracy': 0.7774936497211457, 'epoch': 2.85}
{'loss': 0.8231, 'grad_norm': 2.299826145172119, 'learning_rate': 1.0368438213237692e-06, 'num_tokens': 244999946.0, 'mean_token_accuracy': 0.7721175767481328, 'epoch': 2.85}
{'loss': 0.7756, 'grad_norm': 2.7570369243621826, 'learning_rate': 1.0151070535811327e-06, 'num_tokens': 245281433.0, 'mean_token_accuracy': 0.785371009260416, 'epoch': 2.85}
{'loss': 0.7973, 'grad_norm': 3.63383412361145, 'learning_rate': 9.93370285838496e-07, 'num_tokens': 245552078.0, 'mean_token_accuracy': 0.7803277693688869, 'epoch': 2.86}
{'loss': 0.7546, 'grad_norm': 2.827270030975342, 'learning_rate': 9.716335180958593e-07, 'num_tokens': 245807791.0, 'mean_token_accuracy': 0.7881777010858059, 'epoch': 2.86}
{'loss': 0.837, 'grad_norm': 2.9693148136138916, 'learning_rate': 9.498967503532224e-07, 'num_tokens': 246060343.0, 'mean_token_accuracy': 0.770708902925253, 'epoch': 2.86}
{'loss': 0.7773, 'grad_norm': 2.3392086029052734, 'learning_rate': 9.281599826105858e-07, 'num_tokens': 246349246.0, 'mean_token_accuracy': 0.7846960186958313, 'epoch': 2.87}
{'loss': 0.8325, 'grad_norm': 3.1738815307617188, 'learning_rate': 9.064232148679491e-07, 'num_tokens': 246609690.0, 'mean_token_accuracy': 0.7658388562500477, 'epoch': 2.87}
{'loss': 0.87, 'grad_norm': 3.657578945159912, 'learning_rate': 8.846864471253125e-07, 'num_tokens': 246871798.0, 'mean_token_accuracy': 0.7732236213982105, 'epoch': 2.87}
{'loss': 0.8207, 'grad_norm': 2.392171621322632, 'learning_rate': 8.629496793826759e-07, 'num_tokens': 247133607.0, 'mean_token_accuracy': 0.7758635997772216, 'epoch': 2.87}
{'loss': 0.7564, 'grad_norm': 2.2978339195251465, 'learning_rate': 8.412129116400392e-07, 'num_tokens': 247393038.0, 'mean_token_accuracy': 0.7858625084161759, 'epoch': 2.88}
{'loss': 0.8141, 'grad_norm': 2.655941963195801, 'learning_rate': 8.194761438974025e-07, 'num_tokens': 247658142.0, 'mean_token_accuracy': 0.784820732474327, 'epoch': 2.88}
{'loss': 0.8233, 'grad_norm': 3.2177093029022217, 'learning_rate': 7.977393761547658e-07, 'num_tokens': 247923727.0, 'mean_token_accuracy': 0.769104751944542, 'epoch': 2.88}
{'loss': 0.8425, 'grad_norm': 2.3732762336730957, 'learning_rate': 7.760026084121292e-07, 'num_tokens': 248189617.0, 'mean_token_accuracy': 0.7740285374224186, 'epoch': 2.89}
{'loss': 0.8667, 'grad_norm': 2.2685723304748535, 'learning_rate': 7.542658406694925e-07, 'num_tokens': 248480039.0, 'mean_token_accuracy': 0.7684190198779106, 'epoch': 2.89}
{'loss': 0.8406, 'grad_norm': 2.3371329307556152, 'learning_rate': 7.325290729268558e-07, 'num_tokens': 248754094.0, 'mean_token_accuracy': 0.7713238172233104, 'epoch': 2.89}
{'loss': 0.7977, 'grad_norm': 1.9470518827438354, 'learning_rate': 7.107923051842192e-07, 'num_tokens': 249023843.0, 'mean_token_accuracy': 0.7794181942939759, 'epoch': 2.9}
{'loss': 0.797, 'grad_norm': 2.2253851890563965, 'learning_rate': 6.890555374415825e-07, 'num_tokens': 249295264.0, 'mean_token_accuracy': 0.7775269471108913, 'epoch': 2.9}
{'loss': 0.8216, 'grad_norm': 2.817828416824341, 'learning_rate': 6.673187696989458e-07, 'num_tokens': 249568614.0, 'mean_token_accuracy': 0.783538606017828, 'epoch': 2.9}
{'loss': 0.8297, 'grad_norm': 2.9826972484588623, 'learning_rate': 6.455820019563091e-07, 'num_tokens': 249847304.0, 'mean_token_accuracy': 0.7716444239020348, 'epoch': 2.91}
{'loss': 0.905, 'grad_norm': 2.893976926803589, 'learning_rate': 6.238452342136725e-07, 'num_tokens': 250110781.0, 'mean_token_accuracy': 0.7687704876065254, 'epoch': 2.91}
{'loss': 0.8556, 'grad_norm': 2.164057493209839, 'learning_rate': 6.021084664710358e-07, 'num_tokens': 250368995.0, 'mean_token_accuracy': 0.7704777054488658, 'epoch': 2.91}
{'loss': 0.7606, 'grad_norm': 2.2752416133880615, 'learning_rate': 5.803716987283991e-07, 'num_tokens': 250621290.0, 'mean_token_accuracy': 0.7941700935363769, 'epoch': 2.92}
{'loss': 0.7475, 'grad_norm': 2.2253053188323975, 'learning_rate': 5.586349309857624e-07, 'num_tokens': 250898727.0, 'mean_token_accuracy': 0.7862299725413322, 'epoch': 2.92}
{'loss': 0.786, 'grad_norm': 2.1842494010925293, 'learning_rate': 5.368981632431258e-07, 'num_tokens': 251174364.0, 'mean_token_accuracy': 0.7769248783588409, 'epoch': 2.92}
{'loss': 0.8573, 'grad_norm': 2.7968661785125732, 'learning_rate': 5.151613955004891e-07, 'num_tokens': 251428799.0, 'mean_token_accuracy': 0.7763964347541332, 'epoch': 2.93}
{'loss': 0.895, 'grad_norm': 2.959566593170166, 'learning_rate': 4.934246277578524e-07, 'num_tokens': 251658548.0, 'mean_token_accuracy': 0.7647843588143587, 'epoch': 2.93}
{'loss': 0.7918, 'grad_norm': 2.8995606899261475, 'learning_rate': 4.7168786001521576e-07, 'num_tokens': 251918503.0, 'mean_token_accuracy': 0.7777072101831436, 'epoch': 2.93}
{'loss': 0.828, 'grad_norm': 2.9547479152679443, 'learning_rate': 4.499510922725791e-07, 'num_tokens': 252172018.0, 'mean_token_accuracy': 0.7739665597677231, 'epoch': 2.93}
{'loss': 0.7982, 'grad_norm': 1.9582879543304443, 'learning_rate': 4.282143245299424e-07, 'num_tokens': 252444564.0, 'mean_token_accuracy': 0.7761627294123172, 'epoch': 2.94}
{'loss': 0.8541, 'grad_norm': 3.5038232803344727, 'learning_rate': 4.0647755678730574e-07, 'num_tokens': 252719760.0, 'mean_token_accuracy': 0.7668259710073471, 'epoch': 2.94}
{'loss': 0.8385, 'grad_norm': 3.8030166625976562, 'learning_rate': 3.8474078904466907e-07, 'num_tokens': 252995284.0, 'mean_token_accuracy': 0.7727438487112522, 'epoch': 2.94}
{'loss': 0.8436, 'grad_norm': 2.453451633453369, 'learning_rate': 3.6300402130203245e-07, 'num_tokens': 253253290.0, 'mean_token_accuracy': 0.764308150112629, 'epoch': 2.95}
{'loss': 0.8144, 'grad_norm': 2.696117877960205, 'learning_rate': 3.412672535593958e-07, 'num_tokens': 253508449.0, 'mean_token_accuracy': 0.7781879886984825, 'epoch': 2.95}
{'loss': 0.8059, 'grad_norm': 2.544959783554077, 'learning_rate': 3.195304858167591e-07, 'num_tokens': 253797009.0, 'mean_token_accuracy': 0.7747372336685657, 'epoch': 2.95}
{'loss': 0.8527, 'grad_norm': 3.3490262031555176, 'learning_rate': 2.977937180741224e-07, 'num_tokens': 254055840.0, 'mean_token_accuracy': 0.7712529614567757, 'epoch': 2.96}
{'loss': 0.8174, 'grad_norm': 3.490773916244507, 'learning_rate': 2.760569503314857e-07, 'num_tokens': 254326670.0, 'mean_token_accuracy': 0.7754541426897049, 'epoch': 2.96}
{'loss': 0.7845, 'grad_norm': 1.7828922271728516, 'learning_rate': 2.5432018258884904e-07, 'num_tokens': 254635991.0, 'mean_token_accuracy': 0.7841543070971966, 'epoch': 2.96}
{'loss': 0.7673, 'grad_norm': 2.2281033992767334, 'learning_rate': 2.325834148462124e-07, 'num_tokens': 254931975.0, 'mean_token_accuracy': 0.7887554161250592, 'epoch': 2.97}
{'loss': 0.7998, 'grad_norm': 2.4429142475128174, 'learning_rate': 2.1084664710357572e-07, 'num_tokens': 255195856.0, 'mean_token_accuracy': 0.7866075374186039, 'epoch': 2.97}
{'loss': 0.8823, 'grad_norm': 3.1696290969848633, 'learning_rate': 1.8910987936093907e-07, 'num_tokens': 255480472.0, 'mean_token_accuracy': 0.7660034269094467, 'epoch': 2.97}
{'loss': 0.7618, 'grad_norm': 2.3989932537078857, 'learning_rate': 1.6737311161830235e-07, 'num_tokens': 255771248.0, 'mean_token_accuracy': 0.7879122324287892, 'epoch': 2.98}
{'loss': 0.8814, 'grad_norm': 3.423726797103882, 'learning_rate': 1.456363438756657e-07, 'num_tokens': 256015766.0, 'mean_token_accuracy': 0.7693924058228732, 'epoch': 2.98}
{'loss': 0.7313, 'grad_norm': 2.6471059322357178, 'learning_rate': 1.2389957613302903e-07, 'num_tokens': 256308289.0, 'mean_token_accuracy': 0.7928767807781696, 'epoch': 2.98}
{'loss': 0.7534, 'grad_norm': 3.127795696258545, 'learning_rate': 1.0216280839039235e-07, 'num_tokens': 256590922.0, 'mean_token_accuracy': 0.7860658742487431, 'epoch': 2.99}
{'loss': 0.7552, 'grad_norm': 3.021481990814209, 'learning_rate': 8.04260406477557e-08, 'num_tokens': 256883523.0, 'mean_token_accuracy': 0.7877741456031799, 'epoch': 2.99}
{'loss': 0.8327, 'grad_norm': 2.2743582725524902, 'learning_rate': 5.868927290511901e-08, 'num_tokens': 257169235.0, 'mean_token_accuracy': 0.7753987349569798, 'epoch': 2.99}
{'loss': 0.837, 'grad_norm': 2.926175355911255, 'learning_rate': 3.6952505162482344e-08, 'num_tokens': 257419880.0, 'mean_token_accuracy': 0.7743149936199188, 'epoch': 2.99}
{'loss': 0.7723, 'grad_norm': 2.902113914489746, 'learning_rate': 1.5215737419845672e-08, 'num_tokens': 257688061.0, 'mean_token_accuracy': 0.7765556074678898, 'epoch': 3.0}
{'train_runtime': 33200.0187, 'train_samples_per_second': 18.286, 'train_steps_per_second': 0.286, 'train_loss': 1.07890720621785, 'num_tokens': 257848520.0, 'mean_token_accuracy': 0.7652157085637251, 'epoch': 3.0}
Training complete. Saving model...
Model saved to /leonardo_work/EUHPC_A06_067/experts/multilingual_expert_Qwen2-1.5B_SFT
[1;34mwandb[0m: 
[1;34mwandb[0m: You can sync this run to the cloud by running:
[1;34mwandb[0m: [1mwandb sync /leonardo_work/EUHPC_A06_067/wandb/offline-run-20250707_153647-fbemxnsp[0m
[1;34mwandb[0m: Find logs at: [1;35m../wandb/offline-run-20250707_153647-fbemxnsp/logs[0m
